{
	"credit": "Made with Blockbench",
	"textures": {
		"0": "stand/star_platinum/skin",
		"particle": "stand/star_platinum/skin"
	},
	"elements": [
		{
			"from": [5.5, -2.5, 0.4],
			"to": [10.5, 2.5, 2.4],
			"rotation": {"angle": 0, "axis": "x", "origin": [9.14944, -0.01111, 5.64722]},
			"faces": {
				"north": {"uv": [5.75, 15, 6.75, 16], "rotation": 180, "texture": "#0"},
				"east": {"uv": [9.25, 15.5, 11.75, 16], "rotation": 270, "texture": "#0"},
				"south": {"uv": [5.75, 15, 6.75, 16], "rotation": 180, "texture": "#0"},
				"west": {"uv": [5.75, 15, 6.75, 16], "rotation": 180, "texture": "#0"},
				"up": {"uv": [5.75, 15, 6.75, 16], "rotation": 180, "texture": "#0"},
				"down": {"uv": [5.75, 15, 6.75, 16], "rotation": 180, "texture": "#0"}
			}
		},
		{
			"from": [6, -2, 0.25],
			"to": [10, 2, 0.5],
			"rotation": {"angle": 0, "axis": "x", "origin": [9.14944, -0.01111, 5.64722]},
			"faces": {
				"north": {"uv": [6.5, 12.5, 6.75, 13], "rotation": 180, "texture": "#0"},
				"east": {"uv": [6.5, 12.5, 6.75, 13], "rotation": 180, "texture": "#0"},
				"south": {"uv": [6.5, 12.5, 6.75, 13], "rotation": 180, "texture": "#0"},
				"west": {"uv": [6.5, 12.5, 6.75, 13], "rotation": 180, "texture": "#0"},
				"up": {"uv": [6.5, 12.5, 6.75, 13], "rotation": 180, "texture": "#0"},
				"down": {"uv": [6.5, 12.5, 6.75, 13], "rotation": 180, "texture": "#0"}
			}
		},
		{
			"from": [9.75, 1.25, 0.75],
			"to": [10.75, 2.25, 1.75],
			"rotation": {"angle": 0, "axis": "y", "origin": [9.14944, -0.01111, 5.64722]},
			"faces": {
				"north": {"uv": [13.75, 15.75, 14, 16], "rotation": 270, "texture": "#0"},
				"east": {"uv": [13.75, 15.75, 14, 16], "rotation": 270, "texture": "#0"},
				"south": {"uv": [13.75, 15.75, 14, 16], "rotation": 270, "texture": "#0"},
				"west": {"uv": [13.75, 15.75, 14, 16], "rotation": 270, "texture": "#0"},
				"up": {"uv": [13.75, 15.75, 14, 16], "rotation": 270, "texture": "#0"},
				"down": {"uv": [13.75, 15.75, 14, 16], "rotation": 270, "texture": "#0"}
			}
		},
		{
			"from": [9.75, 0.05, 0.75],
			"to": [10.75, 1.05, 1.75],
			"rotation": {"angle": 0, "axis": "y", "origin": [9.14944, -0.01111, 5.64722]},
			"faces": {
				"north": {"uv": [13.75, 15.75, 14, 16], "rotation": 270, "texture": "#0"},
				"east": {"uv": [13.75, 15.75, 14, 16], "rotation": 270, "texture": "#0"},
				"south": {"uv": [13.75, 15.75, 14, 16], "rotation": 270, "texture": "#0"},
				"west": {"uv": [13.75, 15.75, 14, 16], "rotation": 270, "texture": "#0"},
				"up": {"uv": [13.75, 15.75, 14, 16], "rotation": 270, "texture": "#0"},
				"down": {"uv": [13.75, 15.75, 14, 16], "rotation": 270, "texture": "#0"}
			}
		},
		{
			"from": [9.75, -1.15, 0.75],
			"to": [10.75, -0.15, 1.75],
			"rotation": {"angle": 0, "axis": "y", "origin": [9.14944, -0.01111, 5.64722]},
			"faces": {
				"north": {"uv": [13.75, 15.75, 14, 16], "rotation": 270, "texture": "#0"},
				"east": {"uv": [13.75, 15.75, 14, 16], "rotation": 270, "texture": "#0"},
				"south": {"uv": [13.75, 15.75, 14, 16], "rotation": 270, "texture": "#0"},
				"west": {"uv": [13.75, 15.75, 14, 16], "rotation": 270, "texture": "#0"},
				"up": {"uv": [13.75, 15.75, 14, 16], "rotation": 270, "texture": "#0"},
				"down": {"uv": [13.75, 15.75, 14, 16], "rotation": 270, "texture": "#0"}
			}
		},
		{
			"from": [9.75, -2.35, 0.75],
			"to": [10.75, -1.35, 1.75],
			"rotation": {"angle": 0, "axis": "y", "origin": [9.14944, -0.01111, 5.64722]},
			"faces": {
				"north": {"uv": [13.75, 15.75, 14, 16], "rotation": 270, "texture": "#0"},
				"east": {"uv": [13.75, 15.75, 14, 16], "rotation": 270, "texture": "#0"},
				"south": {"uv": [13.75, 15.75, 14, 16], "rotation": 270, "texture": "#0"},
				"west": {"uv": [13.75, 15.75, 14, 16], "rotation": 270, "texture": "#0"},
				"up": {"uv": [13.75, 15.75, 14, 16], "rotation": 270, "texture": "#0"},
				"down": {"uv": [13.75, 15.75, 14, 16], "rotation": 270, "texture": "#0"}
			}
		},
		{
			"from": [8.5, -2.3, 2.5],
			"to": [10.2, 2.3, 4.5],
			"rotation": {"angle": 0, "axis": "x", "origin": [9.14944, -0.01111, 5.64722]},
			"faces": {
				"north": {"uv": [0, 0, 1.7, 4.6], "rotation": 180, "texture": "#missing"},
				"east": {"uv": [9.75, 15.75, 11.25, 16], "rotation": 270, "texture": "#0"},
				"south": {"uv": [5.75, 15, 6.75, 16], "rotation": 180, "texture": "#0"},
				"west": {"uv": [5.75, 15, 6.75, 16], "rotation": 180, "texture": "#0"},
				"up": {"uv": [5.75, 15, 6.75, 16], "rotation": 180, "texture": "#0"},
				"down": {"uv": [5.75, 15, 6.75, 16], "rotation": 180, "texture": "#0"}
			}
		},
		{
			"name": "right_arm",
			"from": [6, -1.9, 0.5],
			"to": [10, 2.1, 12.5],
			"rotation": {"angle": 0, "axis": "x", "origin": [9.14944, -0.01111, 5.64722]},
			"faces": {
				"north": {"uv": [13, 4, 12, 5], "rotation": 180, "texture": "#0"},
				"east": {"uv": [10, 5, 11, 8], "rotation": 270, "texture": "#0"},
				"south": {"uv": [12, 5, 11, 4], "texture": "#0"},
				"west": {"uv": [12, 5, 13, 8], "rotation": 90, "texture": "#0"},
				"up": {"uv": [11, 5, 12, 8], "rotation": 180, "texture": "#0"},
				"down": {"uv": [13, 5, 14, 8], "texture": "#0"}
			}
		},
		{
			"name": "right_arm_2nd_layer",
			"from": [5.5, -2.6, 0.6],
			"to": [10.49, 2.6, 13.5],
			"rotation": {"angle": 0, "axis": "x", "origin": [9.14944, -0.01111, 5.64722]},
			"faces": {
				"north": {"uv": [13, 8, 12, 9], "rotation": 180, "texture": "#0"},
				"east": {"uv": [10, 9, 11, 12], "rotation": 270, "texture": "#0"},
				"south": {"uv": [12, 9, 11, 8], "texture": "#0"},
				"west": {"uv": [12, 9, 13, 12], "rotation": 90, "texture": "#0"},
				"up": {"uv": [11, 9, 12, 12], "rotation": 180, "texture": "#0"},
				"down": {"uv": [13, 9, 14, 12], "texture": "#0"}
			}
		},
		{
			"from": [5, -3, 14.9],
			"to": [12, 4, 15.9],
			"faces": {
				"north": {"uv": [0, 0, 7, 7], "texture": "#missing"},
				"east": {"uv": [0, 0, 1, 7], "texture": "#missing"},
				"south": {"uv": [2, 0, 4.75, 2.5], "texture": "#0"},
				"west": {"uv": [0, 0, 1, 7], "texture": "#missing"},
				"up": {"uv": [0, 0, 7, 1], "texture": "#missing"},
				"down": {"uv": [0, 0, 7, 1], "texture": "#missing"}
			}
		},
		{
			"from": [4, -3, 15],
			"to": [5, 4, 16],
			"faces": {
				"north": {"uv": [0.25, 2.75, 0.25, 3], "texture": "#0"},
				"east": {"uv": [0.25, 2.75, 0.25, 3], "texture": "#0"},
				"south": {"uv": [0.25, 2.75, 0.25, 3], "texture": "#0"},
				"west": {"uv": [0.25, 2.75, 0.25, 3], "texture": "#0"},
				"up": {"uv": [0.25, 2.75, 0.25, 3], "texture": "#0"},
				"down": {"uv": [0.25, 2.75, 0.25, 3], "texture": "#0"}
			}
		},
		{
			"from": [5, 4, 15],
			"to": [12, 5, 16],
			"faces": {
				"north": {"uv": [0.25, 2.75, 0.25, 3], "rotation": 90, "texture": "#0"},
				"east": {"uv": [0.25, 2.75, 0.25, 3], "rotation": 90, "texture": "#0"},
				"south": {"uv": [0.25, 2.75, 0.25, 3], "rotation": 90, "texture": "#0"},
				"west": {"uv": [0.25, 2.75, 0.25, 3], "rotation": 90, "texture": "#0"},
				"up": {"uv": [0.25, 2.75, 0.25, 3], "rotation": 90, "texture": "#0"},
				"down": {"uv": [0.25, 2.75, 0.25, 3], "rotation": 90, "texture": "#0"}
			}
		},
		{
			"from": [5, 3, 15],
			"to": [6, 4, 16],
			"faces": {
				"north": {"uv": [0.25, 2.75, 0.25, 3], "rotation": 90, "texture": "#0"},
				"east": {"uv": [0.25, 2.75, 0.25, 3], "rotation": 90, "texture": "#0"},
				"south": {"uv": [0.25, 2.75, 0.25, 3], "rotation": 90, "texture": "#0"},
				"west": {"uv": [0.25, 2.75, 0.25, 3], "rotation": 90, "texture": "#0"},
				"up": {"uv": [0.25, 2.75, 0.25, 3], "rotation": 90, "texture": "#0"},
				"down": {"uv": [0.25, 2.75, 0.25, 3], "rotation": 90, "texture": "#0"}
			}
		},
		{
			"from": [11, 3, 15],
			"to": [12, 4, 16],
			"faces": {
				"north": {"uv": [0.25, 2.75, 0.25, 3], "rotation": 90, "texture": "#0"},
				"east": {"uv": [0.25, 2.75, 0.25, 3], "rotation": 90, "texture": "#0"},
				"south": {"uv": [0.25, 2.75, 0.25, 3], "rotation": 90, "texture": "#0"},
				"west": {"uv": [0.25, 2.75, 0.25, 3], "rotation": 90, "texture": "#0"},
				"up": {"uv": [0.25, 2.75, 0.25, 3], "rotation": 90, "texture": "#0"},
				"down": {"uv": [0.25, 2.75, 0.25, 3], "rotation": 90, "texture": "#0"}
			}
		},
		{
			"from": [11, -3, 15],
			"to": [12, -2, 16],
			"faces": {
				"north": {"uv": [0.25, 2.75, 0.25, 3], "rotation": 90, "texture": "#0"},
				"east": {"uv": [0.25, 2.75, 0.25, 3], "rotation": 90, "texture": "#0"},
				"south": {"uv": [0.25, 2.75, 0.25, 3], "rotation": 90, "texture": "#0"},
				"west": {"uv": [0.25, 2.75, 0.25, 3], "rotation": 90, "texture": "#0"},
				"up": {"uv": [0.25, 2.75, 0.25, 3], "rotation": 90, "texture": "#0"},
				"down": {"uv": [0.25, 2.75, 0.25, 3], "rotation": 90, "texture": "#0"}
			}
		},
		{
			"from": [5, -3, 15],
			"to": [6, -2, 16],
			"faces": {
				"north": {"uv": [0.25, 2.75, 0.25, 3], "rotation": 90, "texture": "#0"},
				"east": {"uv": [0.25, 2.75, 0.25, 3], "rotation": 90, "texture": "#0"},
				"south": {"uv": [0.25, 2.75, 0.25, 3], "rotation": 90, "texture": "#0"},
				"west": {"uv": [0.25, 2.75, 0.25, 3], "rotation": 90, "texture": "#0"},
				"up": {"uv": [0.25, 2.75, 0.25, 3], "rotation": 90, "texture": "#0"},
				"down": {"uv": [0.25, 2.75, 0.25, 3], "rotation": 90, "texture": "#0"}
			}
		},
		{
			"from": [5, -4, 15],
			"to": [12, -3, 16],
			"faces": {
				"north": {"uv": [0.25, 2.75, 0.25, 3], "rotation": 90, "texture": "#0"},
				"east": {"uv": [0.25, 2.75, 0.25, 3], "rotation": 90, "texture": "#0"},
				"south": {"uv": [0.25, 2.75, 0.25, 3], "rotation": 90, "texture": "#0"},
				"west": {"uv": [0.25, 2.75, 0.25, 3], "rotation": 90, "texture": "#0"},
				"up": {"uv": [0.25, 2.75, 0.25, 3], "rotation": 90, "texture": "#0"},
				"down": {"uv": [0.25, 2.75, 0.25, 3], "rotation": 90, "texture": "#0"}
			}
		},
		{
			"from": [12, -3, 15],
			"to": [13, 4, 16],
			"faces": {
				"north": {"uv": [0.25, 2.75, 0.25, 3], "texture": "#0"},
				"east": {"uv": [0.25, 2.75, 0.25, 3], "texture": "#0"},
				"south": {"uv": [0.25, 2.75, 0.25, 3], "texture": "#0"},
				"west": {"uv": [0.25, 2.75, 0.25, 3], "texture": "#0"},
				"up": {"uv": [0.25, 2.75, 0.25, 3], "texture": "#0"},
				"down": {"uv": [0.25, 2.75, 0.25, 3], "texture": "#0"}
			}
		}
	],
	"display": {
		"thirdperson_righthand": {
			"translation": [0.5, 7, 7],
			"scale": [0, 0, 0]
		},
		"thirdperson_lefthand": {
			"rotation": [0, 0, -180],
			"translation": [0.5, -10.5, 7],
			"scale": [0, 0, 0]
		},
		"firstperson_righthand": {
			"rotation": [26, -11, 34],
			"translation": [-2.75, 6.5, 5],
			"scale": [0, 0, 0]
		},
		"firstperson_lefthand": {
			"rotation": [26, 0, 34],
			"translation": [-2.75, 6.5, 5],
			"scale": [0, 0, 0]
		},
		"ground": {
			"translation": [0, 8.5, 0],
			"scale": [0, 0, 0]
		},
		"gui": {
			"rotation": [-180, -179, -180],
			"translation": [-0.75, 15, 0],
			"scale": [2, 2, 2]
		},
		"head": {
			"translation": [0, -29, 0],
			"scale": [1.6, 1.6, 1.6]
		},
		"fixed": {
			"rotation": [94, 0, 0],
			"scale": [0, 0, 0]
		}
	},
	"groups": [0, 1, 2, 3, 4, 5, 6,
		{
			"name": "steve",
			"origin": [8, 8, 8],
			"color": 0,
			"children": [7, 8, 9]
		}, 10, 11, 12, 13, 14, 15, 16, 17]
}