{
	"credit": "Made with Blockbench",
	"textures": {
		"1": "jojo/custom/haki/haoushoku/gradient",
		"2": "jojo/custom/haki/haoushoku/netherite_sword"
	},
	"elements": [
		{
			"name": "netherite_sword_0",
			"from": [13, 5.5, 7.5],
			"to": [16, 8.5, 8.5],
			"rotation": {"angle": 45, "axis": "z", "origin": [7.75, 0.5, 8]},
			"faces": {
				"north": {"uv": [13, 3, 16, 0], "rotation": 180, "texture": "#2"},
				"east": {"uv": [15, 0, 16, 3], "texture": "#2"},
				"south": {"uv": [13, 0, 16, 3], "texture": "#2"},
				"west": {"uv": [13, 0, 14, 3], "texture": "#2"},
				"up": {"uv": [16, 0, 13, 1], "rotation": 180, "texture": "#2"},
				"down": {"uv": [13, 2, 16, 3], "texture": "#2"}
			}
		},
		{
			"name": "netherite_sword_2",
			"from": [12, 2.5, 7.5],
			"to": [13, 7.5, 8.5],
			"rotation": {"angle": 45, "axis": "z", "origin": [7.75, 0.5, 8]},
			"faces": {
				"north": {"uv": [12, 6, 13, 1], "rotation": 180, "texture": "#2"},
				"east": {"uv": [12, 1, 13, 6], "texture": "#2"},
				"south": {"uv": [12, 1, 13, 6], "texture": "#2"},
				"west": {"uv": [12, 1, 13, 6], "texture": "#2"},
				"up": {"uv": [13, 1, 12, 2], "rotation": 180, "texture": "#2"},
				"down": {"uv": [12, 5, 13, 6], "texture": "#2"}
			}
		},
		{
			"name": "netherite_sword_2",
			"from": [11, 1.5, 7.5],
			"to": [12, 6.5, 8.5],
			"rotation": {"angle": 45, "axis": "z", "origin": [7.75, 0.5, 8]},
			"faces": {
				"north": {"uv": [11, 7, 12, 2], "rotation": 180, "texture": "#2"},
				"east": {"uv": [11, 2, 12, 7], "texture": "#2"},
				"south": {"uv": [11, 2, 12, 7], "texture": "#2"},
				"west": {"uv": [11, 2, 12, 7], "texture": "#2"},
				"up": {"uv": [12, 2, 11, 3], "rotation": 180, "texture": "#2"},
				"down": {"uv": [11, 6, 12, 7], "texture": "#2"}
			}
		},
		{
			"name": "netherite_sword_3",
			"from": [10, 0.5, 7.5],
			"to": [11, 5.5, 8.5],
			"rotation": {"angle": 45, "axis": "z", "origin": [7.75, 0.5, 8]},
			"faces": {
				"north": {"uv": [10, 8, 11, 3], "rotation": 180, "texture": "#2"},
				"east": {"uv": [10, 3, 11, 8], "texture": "#2"},
				"south": {"uv": [10, 3, 11, 8], "texture": "#2"},
				"west": {"uv": [10, 3, 11, 8], "texture": "#2"},
				"up": {"uv": [11, 3, 10, 4], "rotation": 180, "texture": "#2"},
				"down": {"uv": [10, 7, 11, 8], "texture": "#2"}
			}
		},
		{
			"name": "netherite_sword_4",
			"from": [13, 4.5, 7.5],
			"to": [15, 5.5, 8.5],
			"rotation": {"angle": 45, "axis": "z", "origin": [7.75, 0.5, 8]},
			"faces": {
				"north": {"uv": [13, 3, 15, 4], "texture": "#2"},
				"east": {"uv": [14, 3, 15, 4], "texture": "#2"},
				"south": {"uv": [13, 3, 15, 4], "texture": "#2"},
				"west": {"uv": [13, 3, 15, 4], "texture": "#2"},
				"up": {"uv": [13, 3, 15, 4], "texture": "#2"},
				"down": {"uv": [13, 3, 15, 4], "texture": "#2"}
			}
		},
		{
			"name": "netherite_sword_5",
			"from": [9, -0.5, 7.5],
			"to": [10, 4.5, 8.5],
			"rotation": {"angle": 45, "axis": "z", "origin": [7.75, 0.5, 8]},
			"faces": {
				"north": {"uv": [9, 9, 10, 4], "rotation": 180, "texture": "#2"},
				"east": {"uv": [9, 4, 10, 9], "texture": "#2"},
				"south": {"uv": [9, 4, 10, 9], "texture": "#2"},
				"west": {"uv": [9, 4, 10, 9], "texture": "#2"},
				"up": {"uv": [10, 4, 9, 5], "rotation": 180, "texture": "#2"},
				"down": {"uv": [9, 8, 10, 9], "texture": "#2"}
			}
		},
		{
			"name": "netherite_sword_6",
			"from": [13, 3.5, 7.5],
			"to": [14, 4.5, 8.5],
			"rotation": {"angle": 45, "axis": "z", "origin": [7.75, 0.5, 8]},
			"faces": {
				"north": {"uv": [13, 5, 14, 4], "rotation": 180, "texture": "#2"},
				"east": {"uv": [13, 4, 14, 5], "texture": "#2"},
				"south": {"uv": [13, 4, 14, 5], "texture": "#2"},
				"west": {"uv": [13, 4, 14, 5], "texture": "#2"},
				"up": {"uv": [14, 4, 13, 5], "rotation": 180, "texture": "#2"},
				"down": {"uv": [13, 4, 14, 5], "texture": "#2"}
			}
		},
		{
			"name": "netherite_sword_7",
			"from": [8, -1.5, 7.5],
			"to": [9, 3.5, 8.5],
			"rotation": {"angle": 45, "axis": "z", "origin": [7.75, 0.5, 8]},
			"faces": {
				"north": {"uv": [8, 10, 9, 5], "rotation": 180, "texture": "#2"},
				"east": {"uv": [8, 5, 9, 10], "texture": "#2"},
				"south": {"uv": [8, 5, 9, 10], "texture": "#2"},
				"west": {"uv": [8, 5, 9, 10], "texture": "#2"},
				"up": {"uv": [9, 5, 8, 6], "rotation": 180, "texture": "#2"},
				"down": {"uv": [8, 9, 9, 10], "texture": "#2"}
			}
		},
		{
			"name": "netherite_sword_8",
			"from": [2, 0.5, 7.5],
			"to": [4, 2.5, 8.5],
			"rotation": {"angle": 45, "axis": "z", "origin": [7.75, 0.5, 8]},
			"faces": {
				"north": {"uv": [2, 8, 4, 6], "rotation": 180, "texture": "#2"},
				"east": {"uv": [3, 6, 4, 8], "texture": "#2"},
				"south": {"uv": [2, 6, 4, 8], "texture": "#2"},
				"west": {"uv": [2, 6, 3, 8], "texture": "#2"},
				"up": {"uv": [4, 6, 2, 7], "rotation": 180, "texture": "#2"},
				"down": {"uv": [2, 7, 4, 8], "texture": "#2"}
			}
		},
		{
			"name": "netherite_sword_9",
			"from": [7, -4.5, 7.5],
			"to": [8, 2.5, 8.5],
			"rotation": {"angle": 45, "axis": "z", "origin": [7.75, 0.5, 8]},
			"faces": {
				"north": {"uv": [7, 13, 8, 6], "rotation": 180, "texture": "#2"},
				"east": {"uv": [7, 6, 8, 13], "texture": "#2"},
				"south": {"uv": [7, 6, 8, 13], "texture": "#2"},
				"west": {"uv": [7, 6, 8, 13], "texture": "#2"},
				"up": {"uv": [8, 6, 7, 7], "rotation": 180, "texture": "#2"},
				"down": {"uv": [7, 12, 8, 13], "texture": "#2"}
			}
		},
		{
			"name": "netherite_sword_10",
			"from": [4, -4.5, 7.5],
			"to": [5, 1.5, 8.5],
			"rotation": {"angle": 45, "axis": "z", "origin": [7.75, 0.5, 8]},
			"faces": {
				"north": {"uv": [4, 13, 5, 7], "rotation": 180, "texture": "#2"},
				"east": {"uv": [4, 7, 5, 13], "texture": "#2"},
				"south": {"uv": [4, 7, 5, 13], "texture": "#2"},
				"west": {"uv": [4, 7, 5, 13], "texture": "#2"},
				"up": {"uv": [5, 7, 4, 8], "rotation": 180, "texture": "#2"},
				"down": {"uv": [4, 12, 5, 13], "texture": "#2"}
			}
		},
		{
			"name": "netherite_sword_11",
			"from": [6, -4.5, 7.5],
			"to": [7, 1.5, 8.5],
			"rotation": {"angle": 45, "axis": "z", "origin": [7.75, 0.5, 8]},
			"faces": {
				"north": {"uv": [6, 13, 7, 7], "rotation": 180, "texture": "#2"},
				"east": {"uv": [6, 7, 7, 13], "texture": "#2"},
				"south": {"uv": [6, 7, 7, 13], "texture": "#2"},
				"west": {"uv": [6, 7, 7, 13], "texture": "#2"},
				"up": {"uv": [7, 7, 6, 8], "rotation": 180, "texture": "#2"},
				"down": {"uv": [6, 12, 7, 13], "texture": "#2"}
			}
		},
		{
			"name": "netherite_sword_12",
			"from": [3, -1.5, 7.5],
			"to": [4, 0.5, 8.5],
			"rotation": {"angle": 45, "axis": "z", "origin": [7.75, 0.5, 8]},
			"faces": {
				"north": {"uv": [3, 10, 4, 8], "rotation": 180, "texture": "#2"},
				"east": {"uv": [3, 8, 4, 10], "texture": "#2"},
				"south": {"uv": [3, 8, 4, 10], "texture": "#2"},
				"west": {"uv": [3, 8, 4, 10], "texture": "#2"},
				"up": {"uv": [4, 8, 3, 9], "rotation": 180, "texture": "#2"},
				"down": {"uv": [3, 9, 4, 10], "texture": "#2"}
			}
		},
		{
			"name": "netherite_sword_13",
			"from": [5, -3.5, 7.5],
			"to": [6, 0.5, 8.5],
			"rotation": {"angle": 45, "axis": "z", "origin": [7.75, 0.5, 8]},
			"faces": {
				"north": {"uv": [5, 12, 6, 8], "rotation": 180, "texture": "#2"},
				"east": {"uv": [5, 8, 6, 12], "texture": "#2"},
				"south": {"uv": [5, 8, 6, 12], "texture": "#2"},
				"west": {"uv": [5, 8, 6, 12], "texture": "#2"},
				"up": {"uv": [6, 8, 5, 9], "rotation": 180, "texture": "#2"},
				"down": {"uv": [5, 11, 6, 12], "texture": "#2"}
			}
		},
		{
			"name": "netherite_sword_14",
			"from": [3, -5.5, 7.5],
			"to": [4, -2.5, 8.5],
			"rotation": {"angle": 45, "axis": "z", "origin": [7.75, 0.5, 8]},
			"faces": {
				"north": {"uv": [3, 14, 4, 11], "rotation": 180, "texture": "#2"},
				"east": {"uv": [3, 11, 4, 14], "texture": "#2"},
				"south": {"uv": [3, 11, 4, 14], "texture": "#2"},
				"west": {"uv": [3, 11, 4, 14], "texture": "#2"},
				"up": {"uv": [4, 11, 3, 12], "rotation": 180, "texture": "#2"},
				"down": {"uv": [3, 13, 4, 14], "texture": "#2"}
			}
		},
		{
			"name": "netherite_sword_15",
			"from": [8, -5.5, 7.5],
			"to": [9, -2.5, 8.5],
			"rotation": {"angle": 45, "axis": "z", "origin": [7.75, 0.5, 8]},
			"faces": {
				"north": {"uv": [8, 14, 9, 11], "rotation": 180, "texture": "#2"},
				"east": {"uv": [8, 11, 9, 14], "texture": "#2"},
				"south": {"uv": [8, 11, 9, 14], "texture": "#2"},
				"west": {"uv": [8, 11, 9, 14], "texture": "#2"},
				"up": {"uv": [9, 11, 8, 12], "rotation": 180, "texture": "#2"},
				"down": {"uv": [8, 13, 9, 14], "texture": "#2"}
			}
		},
		{
			"name": "netherite_sword_16",
			"from": [2, -7.5, 7.5],
			"to": [3, -3.5, 8.5],
			"rotation": {"angle": 45, "axis": "z", "origin": [7.75, 0.5, 8]},
			"faces": {
				"north": {"uv": [2, 16, 3, 12], "rotation": 180, "texture": "#2"},
				"east": {"uv": [2, 12, 3, 16], "texture": "#2"},
				"south": {"uv": [2, 12, 3, 16], "texture": "#2"},
				"west": {"uv": [2, 12, 3, 16], "texture": "#2"},
				"up": {"uv": [3, 12, 2, 13], "rotation": 180, "texture": "#2"},
				"down": {"uv": [2, 15, 3, 16], "texture": "#2"}
			}
		},
		{
			"name": "netherite_sword_17",
			"from": [9, -5.5, 7.5],
			"to": [10, -3.5, 8.5],
			"rotation": {"angle": 45, "axis": "z", "origin": [7.75, 0.5, 8]},
			"faces": {
				"north": {"uv": [9, 14, 10, 12], "rotation": 180, "texture": "#2"},
				"east": {"uv": [9, 12, 10, 14], "texture": "#2"},
				"south": {"uv": [9, 12, 10, 14], "texture": "#2"},
				"west": {"uv": [9, 12, 10, 14], "texture": "#2"},
				"up": {"uv": [10, 12, 9, 13], "rotation": 180, "texture": "#2"},
				"down": {"uv": [9, 13, 10, 14], "texture": "#2"}
			}
		},
		{
			"name": "netherite_sword_18",
			"from": [6.57322, -10.36916, 7.5],
			"to": [8.57322, -7.36916, 8.5],
			"rotation": {"angle": 45, "axis": "z", "origin": [7.57322, -8.86916, 8]},
			"faces": {
				"north": {"uv": [0, 16, 2, 13], "rotation": 180, "texture": "#2"},
				"east": {"uv": [1, 13, 2, 16], "texture": "#2"},
				"south": {"uv": [0, 13, 2, 16], "texture": "#2"},
				"west": {"uv": [0, 13, 1, 16], "texture": "#2"},
				"up": {"uv": [2, 13, 0, 14], "rotation": 180, "texture": "#2"},
				"down": {"uv": [0, 15, 2, 16], "texture": "#2"}
			}
		},
		{
			"from": [4, 0, 8.5],
			"to": [5, 7, 9.5],
			"rotation": {"angle": 22.5, "axis": "z", "origin": [4.5, 9.5, 8.5]},
			"faces": {
				"north": {"uv": [3.5, 12, 4.5, 13.5], "rotation": 180, "texture": "#1"},
				"east": {"uv": [0, 12, 1, 13.5], "rotation": 180, "texture": "#1"},
				"south": {"uv": [2.56, 12, 3.56, 13.5], "rotation": 180, "texture": "#1"},
				"west": {"uv": [1.56, 12, 2.56, 13.5], "rotation": 180, "texture": "#1"},
				"up": {"uv": [0, 13, 1, 13.5], "rotation": 180, "texture": "#1"},
				"down": {"uv": [0, 12, 1, 12.5], "rotation": 180, "texture": "#1"}
			}
		},
		{
			"from": [5.51774, 0.07477, 7.75],
			"to": [6.21774, 3.79477, 8.75],
			"rotation": {"angle": -22.5, "axis": "z", "origin": [9.56774, 3.37977, 8.04]},
			"faces": {
				"north": {"uv": [2.56, 12, 3.56, 12.5], "rotation": 180, "texture": "#1"},
				"east": {"uv": [2.56, 12, 3.56, 12.5], "rotation": 180, "texture": "#1"},
				"south": {"uv": [2.56, 12, 3.56, 12.5], "rotation": 180, "texture": "#1"},
				"west": {"uv": [2.56, 12, 3.56, 12.5], "rotation": 180, "texture": "#1"},
				"up": {"uv": [2.56, 12, 3.56, 12.5], "rotation": 180, "texture": "#1"},
				"down": {"uv": [2.56, 12, 3.56, 12.5], "rotation": 180, "texture": "#1"}
			}
		},
		{
			"from": [4.67865, -1.44512, 7.64],
			"to": [5.37865, 2.27488, 8.64],
			"rotation": {"angle": -22.5, "axis": "x", "origin": [5.75865, 2.75488, 8.48]},
			"faces": {
				"north": {"uv": [2.56, 11, 3.56, 11.5], "rotation": 180, "texture": "#1"},
				"east": {"uv": [2.56, 11, 3.56, 11.5], "rotation": 180, "texture": "#1"},
				"south": {"uv": [2.56, 11, 3.56, 11.5], "rotation": 180, "texture": "#1"},
				"west": {"uv": [2.56, 11, 3.56, 11.5], "rotation": 180, "texture": "#1"},
				"up": {"uv": [2.56, 11, 3.56, 11.5], "rotation": 180, "texture": "#1"},
				"down": {"uv": [2.56, 11, 3.56, 11.5], "rotation": 180, "texture": "#1"}
			}
		},
		{
			"from": [5.962, 5.27963, 6.77],
			"to": [10.092, 6.05963, 8.26],
			"rotation": {"angle": 22.5, "axis": "z", "origin": [8.007, 5.66963, 8.285]},
			"faces": {
				"north": {"uv": [2.56, 12, 3.56, 12.5], "rotation": 90, "texture": "#1"},
				"east": {"uv": [2.56, 12, 3.56, 12.5], "rotation": 270, "texture": "#1"},
				"south": {"uv": [2.56, 12, 3.56, 12.5], "rotation": 270, "texture": "#1"},
				"west": {"uv": [2.56, 12, 3.56, 12.5], "rotation": 270, "texture": "#1"},
				"up": {"uv": [2.56, 12, 3.56, 12.5], "rotation": 270, "texture": "#1"},
				"down": {"uv": [2.56, 12, 3.56, 12.5], "rotation": 270, "texture": "#1"}
			}
		},
		{
			"from": [9.7296, 4.50073, 7.54],
			"to": [10.3796, 9.59073, 8.45],
			"rotation": {"angle": -22.5, "axis": "z", "origin": [11.7146, 6.68573, 8.285]},
			"faces": {
				"north": {"uv": [2.56, 12.5, 3.56, 13.5], "rotation": 180, "texture": "#1"},
				"east": {"uv": [2.56, 12.5, 3.56, 13.5], "rotation": 180, "texture": "#1"},
				"south": {"uv": [2.56, 12.5, 3.56, 13.5], "rotation": 180, "texture": "#1"},
				"west": {"uv": [2.56, 12.5, 3.56, 13.5], "rotation": 180, "texture": "#1"},
				"up": {"uv": [2.56, 12.5, 3.56, 13.5], "rotation": 180, "texture": "#1"},
				"down": {"uv": [2.56, 12.5, 3.56, 13.5], "rotation": 180, "texture": "#1"}
			}
		},
		{
			"from": [11.0721, 8.72236, 7.64],
			"to": [14.3621, 9.21236, 8.44],
			"rotation": {"angle": 45, "axis": "z", "origin": [10.2121, 9.37236, 8.04]},
			"faces": {
				"north": {"uv": [2.56, 13.5, 3.56, 14], "rotation": 270, "texture": "#1"},
				"east": {"uv": [2.56, 13.5, 3.56, 14], "rotation": 270, "texture": "#1"},
				"south": {"uv": [2.56, 13.5, 3.56, 14], "rotation": 270, "texture": "#1"},
				"west": {"uv": [2.56, 13.5, 3.56, 14], "rotation": 270, "texture": "#1"},
				"up": {"uv": [2.56, 13.5, 3.56, 14], "rotation": 270, "texture": "#1"},
				"down": {"uv": [2.56, 13.5, 3.56, 14], "rotation": 270, "texture": "#1"}
			}
		},
		{
			"from": [9.06774, 0.94477, 7.54],
			"to": [10.06774, 4.04477, 8.45],
			"rotation": {"angle": -22.5, "axis": "z", "origin": [9.56774, 3.37977, 8.04]},
			"faces": {
				"north": {"uv": [2.56, 12, 3.56, 12.5], "rotation": 180, "texture": "#1"},
				"east": {"uv": [2.56, 12, 3.56, 12.5], "rotation": 180, "texture": "#1"},
				"south": {"uv": [2.56, 12, 3.56, 12.5], "rotation": 180, "texture": "#1"},
				"west": {"uv": [2.56, 12, 3.56, 12.5], "rotation": 180, "texture": "#1"},
				"up": {"uv": [2.56, 12, 3.56, 12.5], "rotation": 180, "texture": "#1"},
				"down": {"uv": [2.56, 12, 3.56, 12.5], "rotation": 180, "texture": "#1"}
			}
		},
		{
			"from": [10.60069, 3.91312, 7.54],
			"to": [11.60069, 7.01312, 8.47],
			"rotation": {"angle": -45, "axis": "z", "origin": [10.43069, 5.46312, 8.04]},
			"faces": {
				"north": {"uv": [2.56, 12.5, 3.56, 13], "rotation": 180, "texture": "#1"},
				"east": {"uv": [2.56, 12.5, 3.56, 13], "rotation": 180, "texture": "#1"},
				"south": {"uv": [2.56, 12.5, 3.56, 13], "rotation": 180, "texture": "#1"},
				"west": {"uv": [2.56, 12.5, 3.56, 13], "rotation": 180, "texture": "#1"},
				"up": {"uv": [2.56, 12.5, 3.56, 13], "rotation": 180, "texture": "#1"},
				"down": {"uv": [2.56, 12.5, 3.56, 13], "rotation": 180, "texture": "#1"}
			}
		},
		{
			"from": [12.22445, 5.13514, 7.73922],
			"to": [15.32445, 5.78358, 8.34078],
			"rotation": {"angle": 22.5, "axis": "z", "origin": [10.90445, 4.98936, 8.04]},
			"faces": {
				"north": {"uv": [2.56, 13, 3.56, 13.5], "rotation": 270, "texture": "#1"},
				"east": {"uv": [2.56, 13, 3.56, 13.5], "rotation": 270, "texture": "#1"},
				"south": {"uv": [2.56, 13, 3.56, 13.5], "rotation": 270, "texture": "#1"},
				"west": {"uv": [2.56, 13, 3.56, 13.5], "rotation": 270, "texture": "#1"},
				"up": {"uv": [2.56, 13, 3.56, 13.5], "rotation": 270, "texture": "#1"},
				"down": {"uv": [2.56, 13, 3.56, 13.5], "rotation": 270, "texture": "#1"}
			}
		},
		{
			"from": [15.22445, 5.31873, 7.92672],
			"to": [16.44445, 5.59998, 8.15328],
			"rotation": {"angle": 22.5, "axis": "z", "origin": [10.90445, 4.98936, 8.04]},
			"faces": {
				"north": {"uv": [2.56, 14.5, 3.56, 15], "rotation": 270, "texture": "#1"},
				"east": {"uv": [2.56, 14.5, 3.56, 15], "rotation": 270, "texture": "#1"},
				"south": {"uv": [2.56, 14.5, 3.56, 15], "rotation": 270, "texture": "#1"},
				"west": {"uv": [2.56, 14.5, 3.56, 15], "rotation": 270, "texture": "#1"},
				"up": {"uv": [2.56, 14.5, 3.56, 15], "rotation": 270, "texture": "#1"},
				"down": {"uv": [2.56, 14.5, 3.56, 15], "rotation": 270, "texture": "#1"}
			}
		},
		{
			"from": [14.16738, 12.18127, 7.92672],
			"to": [15.38738, 12.46252, 8.15328],
			"rotation": {"angle": 0, "axis": "z", "origin": [13.37738, 11.90189, 8.04]},
			"faces": {
				"north": {"uv": [2.56, 15, 3.56, 15.5], "rotation": 270, "texture": "#1"},
				"east": {"uv": [2.56, 15, 3.56, 15.5], "rotation": 270, "texture": "#1"},
				"south": {"uv": [2.56, 15, 3.56, 15.5], "rotation": 270, "texture": "#1"},
				"west": {"uv": [2.56, 15, 3.56, 15.5], "rotation": 270, "texture": "#1"},
				"up": {"uv": [2.56, 15, 3.56, 15.5], "rotation": 270, "texture": "#1"},
				"down": {"uv": [2.56, 15, 3.56, 15.5], "rotation": 270, "texture": "#1"}
			}
		},
		{
			"from": [15.71445, 10.33873, 7.81672],
			"to": [16.93445, 10.68998, 8.28328],
			"rotation": {"angle": 22.5, "axis": "z", "origin": [10.90445, 4.98936, 8.04]},
			"faces": {
				"north": {"uv": [2.56, 13.5, 3.56, 14], "rotation": 270, "texture": "#1"},
				"east": {"uv": [2.56, 13.5, 3.56, 14], "rotation": 270, "texture": "#1"},
				"south": {"uv": [2.56, 13.5, 3.56, 14], "rotation": 270, "texture": "#1"},
				"west": {"uv": [2.56, 13.5, 3.56, 14], "rotation": 270, "texture": "#1"},
				"up": {"uv": [2.56, 13.5, 3.56, 14], "rotation": 270, "texture": "#1"},
				"down": {"uv": [2.56, 13.5, 3.56, 14], "rotation": 270, "texture": "#1"}
			}
		},
		{
			"from": [5.0361, 6.48672, 9.51],
			"to": [6.2161, 13.48672, 10.8],
			"rotation": {"angle": -22.5, "axis": "x", "origin": [6.7961, 3.95672, 9]},
			"faces": {
				"north": {"uv": [2.56, 13.24, 3.56, 14.155], "rotation": 180, "texture": "#1"},
				"east": {"uv": [5.06, 13.24, 6.06, 14.155], "rotation": 180, "texture": "#1"},
				"south": {"uv": [3.56, 13.24, 4.56, 14.155], "rotation": 180, "texture": "#1"},
				"west": {"uv": [1.06, 13.24, 2.06, 14.155], "rotation": 180, "texture": "#1"},
				"up": {"uv": [2.56, 14, 3.56, 14], "rotation": 180, "texture": "#1"},
				"down": {"uv": [2.56, 13.5, 3.56, 13.5], "rotation": 180, "texture": "#1"}
			}
		},
		{
			"from": [6.3861, 12.98265, 6.24558],
			"to": [7.1861, 17.15265, 7.09558],
			"rotation": {"angle": -22.5, "axis": "z", "origin": [5.6261, 16.00265, 5.26058]},
			"faces": {
				"north": {"uv": [2.56, 14.24, 3.56, 15.155], "rotation": 180, "texture": "#1"},
				"east": {"uv": [5.06, 14.24, 6.06, 15.155], "rotation": 180, "texture": "#1"},
				"south": {"uv": [3.56, 14.24, 4.56, 15.155], "rotation": 180, "texture": "#1"},
				"west": {"uv": [1.06, 14.24, 2.06, 15.155], "rotation": 180, "texture": "#1"},
				"up": {"uv": [2.56, 15.5, 3.56, 15.5], "rotation": 180, "texture": "#1"},
				"down": {"uv": [2.56, 14.5, 3.56, 14.5], "rotation": 180, "texture": "#1"}
			}
		},
		{
			"from": [7.59818, 0.69926, 8.49],
			"to": [11.23818, 1.40926, 9.18],
			"rotation": {"angle": 22.5, "axis": "y", "origin": [8.51818, -0.20074, 9]},
			"faces": {
				"north": {"uv": [2.56, 11.5, 3.56, 12.5], "rotation": 90, "texture": "#1"},
				"east": {"uv": [2.56, 11, 3.56, 11.5], "rotation": 90, "texture": "#1"},
				"south": {"uv": [2.56, 11.5, 3.56, 12.5], "rotation": 90, "texture": "#1"},
				"west": {"uv": [2.56, 12.5, 3.56, 12.5], "rotation": 90, "texture": "#1"},
				"up": {"uv": [2.56, 11.5, 3.56, 12.5], "rotation": 90, "texture": "#1"},
				"down": {"uv": [2.56, 11.5, 3.56, 12.5], "rotation": 90, "texture": "#1"}
			}
		},
		{
			"from": [9.6767, -2.06074, 7.23733],
			"to": [10.2267, 1.62926, 7.79733],
			"rotation": {"angle": -22.5, "axis": "z", "origin": [9.3667, -0.68574, 8.13733]},
			"faces": {
				"north": {"uv": [2.56, 10, 3.56, 11], "rotation": 180, "texture": "#1"},
				"east": {"uv": [2.56, 10, 3.56, 11], "rotation": 180, "texture": "#1"},
				"south": {"uv": [2.56, 10, 3.56, 11], "rotation": 180, "texture": "#1"},
				"west": {"uv": [2.56, 10, 3.56, 11], "rotation": 180, "texture": "#1"},
				"up": {"uv": [2.56, 10, 3.56, 11], "rotation": 180, "texture": "#1"},
				"down": {"uv": [2.56, 10, 3.56, 11], "rotation": 180, "texture": "#1"}
			}
		},
		{
			"from": [6.89918, 8.99638, 9.37047],
			"to": [7.45386, 11.99638, 9.90953],
			"rotation": {"angle": 45, "axis": "z", "origin": [8.04317, 11.7085, 9.64]},
			"faces": {
				"north": {"uv": [0.5, 10.5, 1.05469, 13.5], "rotation": 180, "texture": "#1"},
				"east": {"uv": [0.5, 10.5, 1.05469, 13.5], "rotation": 180, "texture": "#1"},
				"south": {"uv": [0.5, 10.5, 1.05469, 13.5], "rotation": 180, "texture": "#1"},
				"west": {"uv": [0.5, 10.5, 1.05469, 13.5], "rotation": 180, "texture": "#1"},
				"up": {"uv": [0.5, 13, 1.05469, 13.5], "rotation": 180, "texture": "#1"},
				"down": {"uv": [0.5, 6.5, 1.05469, 9.5], "rotation": 180, "texture": "#1"}
			}
		},
		{
			"from": [8.10266, 11.66, 9.37047],
			"to": [8.65734, 14.66, 9.90953],
			"rotation": {"angle": 22.5, "axis": "z", "origin": [8.04317, 11.7085, 9.64]},
			"faces": {
				"north": {"uv": [0.5, 13.5, 1.05469, 16], "rotation": 180, "texture": "#1"},
				"east": {"uv": [0.5, 13.5, 1.05469, 16], "rotation": 180, "texture": "#1"},
				"south": {"uv": [0.5, 13.5, 1.05469, 16], "rotation": 180, "texture": "#1"},
				"west": {"uv": [0.5, 13.5, 1.05469, 16], "rotation": 180, "texture": "#1"},
				"up": {"uv": [0.5, 16, 1.05469, 16], "rotation": 180, "texture": "#1"},
				"down": {"uv": [0.5, 13.5, 1.05469, 13.5], "rotation": 180, "texture": "#1"}
			}
		},
		{
			"from": [7.25652, 11.44904, 9.37047],
			"to": [8.63652, 12.00373, 9.90953],
			"rotation": {"angle": 45, "axis": "z", "origin": [8.04317, 11.7085, 9.64]},
			"faces": {
				"north": {"uv": [0.5, 13.5, 1.05469, 13.5], "rotation": 180, "texture": "#1"},
				"east": {"uv": [0.5, 13.5, 1.05469, 13.5], "rotation": 180, "texture": "#1"},
				"south": {"uv": [0.5, 13.5, 1.05469, 13.5], "rotation": 180, "texture": "#1"},
				"west": {"uv": [0.5, 13.5, 1.05469, 13.5], "rotation": 180, "texture": "#1"},
				"up": {"uv": [0.5, 13.5, 1.05469, 13.5], "rotation": 180, "texture": "#1"},
				"down": {"uv": [0.5, 13.5, 1.05469, 13.5], "rotation": 180, "texture": "#1"}
			}
		},
		{
			"from": [9.46918, 9.23638, 5.74047],
			"to": [10.02386, 14.71638, 6.27953],
			"rotation": {"angle": 22.5, "axis": "x", "origin": [8.04317, 11.7085, 5.21]},
			"faces": {
				"north": {"uv": [0.5, 10.5, 1.05469, 13.5], "rotation": 180, "texture": "#1"},
				"east": {"uv": [0.5, 10.5, 1.05469, 13.5], "rotation": 180, "texture": "#1"},
				"south": {"uv": [0.5, 10.5, 1.05469, 13.5], "rotation": 180, "texture": "#1"},
				"west": {"uv": [0.5, 10.5, 1.05469, 13.5], "rotation": 180, "texture": "#1"},
				"up": {"uv": [0.5, 13, 1.05469, 13.5], "rotation": 180, "texture": "#1"},
				"down": {"uv": [0.5, 6.5, 1.05469, 9.5], "rotation": 180, "texture": "#1"}
			}
		},
		{
			"from": [9.50652, 14.16904, 5.74047],
			"to": [10.38652, 14.72373, 6.27953],
			"rotation": {"angle": 22.5, "axis": "x", "origin": [8.04317, 11.7085, 5.21]},
			"faces": {
				"north": {"uv": [0.5, 13.5, 1.05469, 13.5], "rotation": 180, "texture": "#1"},
				"east": {"uv": [0.5, 13.5, 1.05469, 13.5], "rotation": 180, "texture": "#1"},
				"south": {"uv": [0.5, 13.5, 1.05469, 13.5], "rotation": 180, "texture": "#1"},
				"west": {"uv": [0.5, 13.5, 1.05469, 13.5], "rotation": 180, "texture": "#1"},
				"up": {"uv": [0.5, 13.5, 1.05469, 13.5], "rotation": 180, "texture": "#1"},
				"down": {"uv": [0.5, 13.5, 1.05469, 13.5], "rotation": 180, "texture": "#1"}
			}
		},
		{
			"from": [9.85266, 14.38, 5.74047],
			"to": [10.40734, 17.38, 6.27953],
			"rotation": {"angle": 22.5, "axis": "x", "origin": [8.04317, 11.7085, 5.21]},
			"faces": {
				"north": {"uv": [0.5, 13.5, 1.05469, 16], "rotation": 180, "texture": "#1"},
				"east": {"uv": [0.5, 13.5, 1.05469, 16], "rotation": 180, "texture": "#1"},
				"south": {"uv": [0.5, 13.5, 1.05469, 16], "rotation": 180, "texture": "#1"},
				"west": {"uv": [0.5, 13.5, 1.05469, 16], "rotation": 180, "texture": "#1"},
				"up": {"uv": [0.5, 16, 1.05469, 16], "rotation": 180, "texture": "#1"},
				"down": {"uv": [0.5, 13.5, 1.05469, 13.5], "rotation": 180, "texture": "#1"}
			}
		}
	],
	"display": {
		"thirdperson_righthand": {
			"rotation": [0, -90, 0],
			"translation": [0, 12, 2]
		},
		"thirdperson_lefthand": {
			"rotation": [0, -90, 0],
			"translation": [0, 12, 2]
		},
		"firstperson_righthand": {
			"rotation": [-6, -94, 1],
			"translation": [2.75, 12.75, -2.75]
		},
		"firstperson_lefthand": {
			"rotation": [-9, -94, 1],
			"translation": [2.75, 12.75, -2.75]
		},
		"ground": {
			"rotation": [-90, 0, 0],
			"translation": [0.5, -2, -6.25]
		},
		"gui": {
			"rotation": [0, 0, -45],
			"translation": [5.25, 5.25, 0]
		},
		"fixed": {
			"translation": [0, 7.5, 0]
		}
	},
	"groups": [
		{
			"name": "netherite_sword",
			"origin": [8, 8, 8],
			"color": 0,
			"nbt": "{}",
			"armAnimationEnabled": false,
			"children": [0, 1, 2, 3, 4, 5, 6, 7, 8, 9, 10, 11, 12, 13, 14, 15, 16, 17, 18]
		},
		19,
		20,
		21,
		22,
		23,
		24,
		25,
		26,
		27,
		28,
		29,
		30,
		31,
		32,
		33,
		34,
		{
			"name": "group",
			"origin": [8, 8, 8],
			"color": 0,
			"nbt": "{}",
			"armAnimationEnabled": false,
			"children": [35, 36, 37, 38, 39, 40]
		}
	]
}