{
	"credit": "Made with Blockbench",
	"textures": {
		"0": "block/red_shulker_box",
		"4": "block/yellow_terracotta",
		"5": "block/gold_block",
		"particle": "block/red_shulker_box"
	},
	"elements": [
		{
			"from": [7.07014, -0.98142, 13.08356],
			"to": [8.92014, 0.83898, 14.93356],
			"rotation": {"angle": 0, "axis": "y", "origin": [0.59514, -1.91382, 6.60856]},
			"faces": {
				"north": {"uv": [0, 0, 16, 16], "texture": "#0"},
				"east": {"uv": [0, 0, 16, 16], "texture": "#0"},
				"south": {"uv": [0, 0, 16, 16], "texture": "#0"},
				"west": {"uv": [0, 0, 16, 16], "texture": "#0"},
				"up": {"uv": [0, 0, 16, 16], "texture": "#0"},
				"down": {"uv": [0, 0, 16, 16], "texture": "#0"}
			}
		},
		{
			"from": [6.60764, -0.73142, 13.08356],
			"to": [7.07014, 0.55778, 14.93356],
			"rotation": {"angle": 0, "axis": "y", "origin": [6.60764, -0.06382, 14.00856]},
			"faces": {
				"north": {"uv": [4, 0, 9, 16], "texture": "#0"},
				"east": {"uv": [9, 0, 14, 16], "texture": "#0"},
				"south": {"uv": [4, 0, 9, 16], "texture": "#0"},
				"west": {"uv": [0, 0, 16, 16], "texture": "#0"},
				"up": {"uv": [9, 0, 14, 16], "texture": "#0"},
				"down": {"uv": [9, 0, 14, 16], "texture": "#0"}
			}
		},
		{
			"from": [8.92014, -0.73142, 13.08356],
			"to": [9.38264, 0.55778, 14.93356],
			"rotation": {"angle": 0, "axis": "y", "origin": [6.83889, -0.08682, 14.00856]},
			"faces": {
				"north": {"uv": [4, 0, 9, 16], "texture": "#0"},
				"east": {"uv": [0, 0, 16, 16], "texture": "#0"},
				"south": {"uv": [4, 0, 9, 16], "texture": "#0"},
				"west": {"uv": [9, 0, 14, 16], "texture": "#0"},
				"up": {"uv": [9, 0, 14, 16], "rotation": 180, "texture": "#0"},
				"down": {"uv": [9, 0, 14, 16], "rotation": 180, "texture": "#0"}
			}
		},
		{
			"from": [7.07014, -0.73142, 14.93356],
			"to": [8.92014, 0.55778, 15.39606],
			"rotation": {"angle": 0, "axis": "y", "origin": [7.99514, -0.08682, 14.00856]},
			"faces": {
				"north": {"uv": [9, 0, 14, 16], "texture": "#0"},
				"east": {"uv": [4, 0, 9, 16], "texture": "#0"},
				"south": {"uv": [0, 0, 16, 16], "texture": "#0"},
				"west": {"uv": [4, 0, 9, 16], "texture": "#0"},
				"up": {"uv": [9, 0, 14, 16], "rotation": 270, "texture": "#0"},
				"down": {"uv": [9, 0, 14, 16], "rotation": 90, "texture": "#0"}
			}
		},
		{
			"from": [7.07014, -0.73142, 12.62106],
			"to": [8.92014, 0.55778, 13.08356],
			"rotation": {"angle": 0, "axis": "y", "origin": [7.99514, -0.08682, 14.00856]},
			"faces": {
				"north": {"uv": [0, 0, 16, 16], "texture": "#0"},
				"east": {"uv": [4, 0, 9, 16], "texture": "#0"},
				"south": {"uv": [9, 0, 14, 16], "texture": "#0"},
				"west": {"uv": [4, 0, 9, 16], "texture": "#0"},
				"up": {"uv": [9, 0, 14, 16], "rotation": 90, "texture": "#0"},
				"down": {"uv": [9, 0, 14, 16], "rotation": 270, "texture": "#0"}
			}
		},
		{
			"from": [6.72774, -0.55778, 12.73226],
			"to": [9.24774, 0.33022, 13.27226],
			"rotation": {"angle": 0, "axis": "y", "origin": [2.06774, -1.67518, 8.09226]},
			"faces": {
				"north": {"uv": [2, 2, 6, 3], "texture": "#5"},
				"east": {"uv": [6, 10, 7, 11], "texture": "#5"},
				"south": {"uv": [2, 3, 6, 4], "texture": "#5"},
				"west": {"uv": [6, 11, 7, 12], "texture": "#5"},
				"up": {"uv": [6, 5, 2, 4], "texture": "#5"},
				"down": {"uv": [6, 5, 2, 6], "texture": "#5"}
			}
		},
		{
			"from": [6.30054, -0.55778, 11.26686],
			"to": [9.68974, 0.33022, 12.74686],
			"rotation": {"angle": 0, "axis": "y", "origin": [2.06774, -1.67518, 8.09226]},
			"faces": {
				"north": {"uv": [1, 10, 15, 15], "texture": "#4"},
				"east": {"uv": [13, 5, 14, 6], "texture": "#5"},
				"south": {"uv": [6, 6, 9, 7], "texture": "#5"},
				"west": {"uv": [6, 13, 7, 14], "texture": "#5"},
				"up": {"uv": [9, 16, 1, 11], "texture": "#5"},
				"down": {"uv": [9, 5, 1, 0], "texture": "#5"}
			}
		},
		{
			"from": [6.30054, -0.55778, 15.27026],
			"to": [9.68974, 0.33022, 16.75026],
			"rotation": {"angle": 0, "axis": "y", "origin": [2.06774, -1.67518, 8.09226]},
			"faces": {
				"north": {"uv": [8, 0, 11, 1], "texture": "#5"},
				"east": {"uv": [13, 6, 14, 7], "texture": "#5"},
				"south": {"uv": [1, 1, 15, 6], "texture": "#4"},
				"west": {"uv": [7, 13, 8, 14], "texture": "#5"},
				"up": {"uv": [14, 5, 1, 0], "texture": "#5"},
				"down": {"uv": [15, 16, 2, 11], "texture": "#5"}
			}
		},
		{
			"from": [9.25684, -0.55778, 12.31396],
			"to": [10.73684, 0.33022, 15.70316],
			"rotation": {"angle": 0, "axis": "y", "origin": [7.99514, -0.30247, 14.00856]},
			"faces": {
				"north": {"uv": [13, 8, 14, 9], "texture": "#5"},
				"east": {"uv": [1, 7, 15, 12], "texture": "#4"},
				"south": {"uv": [9, 13, 10, 14], "texture": "#5"},
				"west": {"uv": [9, 5, 12, 6], "texture": "#5"},
				"up": {"uv": [5, 15, 0, 9], "texture": "#5"},
				"down": {"uv": [5, 9, 0, 3], "texture": "#5"}
			}
		},
		{
			"from": [5.25344, -0.55778, 12.31396],
			"to": [6.73344, 0.33022, 15.70316],
			"rotation": {"angle": 0, "axis": "y", "origin": [7.99514, -0.30247, 14.00856]},
			"faces": {
				"north": {"uv": [13, 7, 14, 8], "texture": "#5"},
				"east": {"uv": [8, 7, 11, 8], "texture": "#5"},
				"south": {"uv": [8, 13, 9, 14], "texture": "#5"},
				"west": {"uv": [0, 5, 15, 11], "texture": "#4"},
				"up": {"uv": [16, 15, 11, 9], "texture": "#5"},
				"down": {"uv": [16, 7, 11, 1], "texture": "#5"}
			}
		},
		{
			"from": [5.76774, -0.55778, 13.27226],
			"to": [7.24774, 0.33022, 14.75226],
			"rotation": {"angle": 0, "axis": "y", "origin": [2.06774, -1.67518, 8.09226]},
			"faces": {
				"north": {"uv": [9, 11, 10, 12], "texture": "#5"},
				"east": {"uv": [10, 11, 11, 12], "texture": "#5"},
				"south": {"uv": [11, 10, 12, 11], "texture": "#5"},
				"west": {"uv": [11, 11, 12, 12], "texture": "#5"},
				"up": {"uv": [3, 13, 2, 12], "texture": "#5"},
				"down": {"uv": [13, 2, 12, 3], "texture": "#5"}
			}
		},
		{
			"from": [8.72774, -0.55778, 13.27226],
			"to": [10.20774, 0.33022, 14.75226],
			"rotation": {"angle": 0, "axis": "y", "origin": [2.06774, -1.67518, 8.09226]},
			"faces": {
				"north": {"uv": [3, 12, 4, 13], "texture": "#5"},
				"east": {"uv": [12, 3, 13, 4], "texture": "#5"},
				"south": {"uv": [4, 12, 5, 13], "texture": "#5"},
				"west": {"uv": [12, 4, 13, 5], "texture": "#5"},
				"up": {"uv": [6, 13, 5, 12], "texture": "#5"},
				"down": {"uv": [13, 5, 12, 6], "texture": "#5"}
			}
		},
		{
			"from": [9.20835, -0.65978, 12.34726],
			"to": [10.28135, 0.47822, 12.71726],
			"rotation": {"angle": 45, "axis": "y", "origin": [9.46774, -0.30247, 12.53226]},
			"faces": {
				"north": {"uv": [0, 0, 16, 4], "texture": "#4"},
				"east": {"uv": [0, 0, 16, 4], "texture": "#4"},
				"south": {"uv": [0, 0, 16, 4], "texture": "#4"},
				"west": {"uv": [0, 0, 16, 4], "texture": "#4"},
				"up": {"uv": [0, 0, 16, 4], "texture": "#4"},
				"down": {"uv": [0, 0, 16, 4], "texture": "#4"}
			}
		},
		{
			"from": [9.20835, -0.65978, 11.84726],
			"to": [10.28135, 0.47822, 12.21726],
			"rotation": {"angle": 45, "axis": "y", "origin": [9.46774, -0.30247, 12.53226]},
			"faces": {
				"north": {"uv": [0, 0, 16, 16], "texture": "#4"},
				"east": {"uv": [0, 0, 16, 16], "texture": "#4"},
				"south": {"uv": [0, 0, 16, 16], "texture": "#4"},
				"west": {"uv": [0, 0, 16, 16], "texture": "#4"},
				"up": {"uv": [0, 0, 16, 4], "texture": "#4"},
				"down": {"uv": [0, 0, 16, 16], "texture": "#4"}
			}
		},
		{
			"from": [9.20835, -0.65978, 12.84726],
			"to": [10.28135, 0.47822, 13.21726],
			"rotation": {"angle": 45, "axis": "y", "origin": [9.46774, -0.30247, 12.53226]},
			"faces": {
				"north": {"uv": [0, 0, 16, 4], "texture": "#4"},
				"east": {"uv": [0, 0, 16, 4], "texture": "#4"},
				"south": {"uv": [0, 0, 16, 4], "texture": "#4"},
				"west": {"uv": [0, 0, 16, 4], "texture": "#4"},
				"up": {"uv": [0, 0, 16, 4], "texture": "#4"},
				"down": {"uv": [0, 0, 16, 4], "texture": "#4"}
			}
		},
		{
			"from": [4.49101, -0.65978, 11.84726],
			"to": [5.56401, 0.47822, 12.21726],
			"rotation": {"angle": 45, "axis": "y", "origin": [9.46774, -0.30247, 12.53226]},
			"faces": {
				"north": {"uv": [0, 0, 16, 4], "texture": "#4"},
				"east": {"uv": [0, 0, 16, 4], "texture": "#4"},
				"south": {"uv": [0, 0, 16, 4], "texture": "#4"},
				"west": {"uv": [0, 0, 16, 4], "texture": "#4"},
				"up": {"uv": [0, 0, 16, 4], "texture": "#4"},
				"down": {"uv": [0, 0, 16, 4], "texture": "#4"}
			}
		},
		{
			"from": [4.49101, -0.65978, 12.34726],
			"to": [5.56401, 0.47822, 12.71726],
			"rotation": {"angle": 45, "axis": "y", "origin": [9.46774, -0.30247, 12.53226]},
			"faces": {
				"north": {"uv": [0, 0, 16, 4], "texture": "#4"},
				"east": {"uv": [0, 0, 16, 4], "texture": "#4"},
				"south": {"uv": [0, 0, 16, 4], "texture": "#4"},
				"west": {"uv": [0, 0, 16, 4], "texture": "#4"},
				"up": {"uv": [0, 0, 16, 4], "texture": "#4"},
				"down": {"uv": [0, 0, 16, 4], "texture": "#4"}
			}
		},
		{
			"from": [4.49101, -0.65978, 12.84726],
			"to": [5.56401, 0.47822, 13.21726],
			"rotation": {"angle": 45, "axis": "y", "origin": [9.46774, -0.30247, 12.53226]},
			"faces": {
				"north": {"uv": [0, 0, 16, 4], "texture": "#4"},
				"east": {"uv": [0, 0, 16, 4], "texture": "#4"},
				"south": {"uv": [0, 0, 16, 4], "texture": "#4"},
				"west": {"uv": [0, 0, 16, 4], "texture": "#4"},
				"up": {"uv": [0, 0, 16, 4], "texture": "#4"},
				"down": {"uv": [0, 0, 16, 4], "texture": "#4"}
			}
		},
		{
			"from": [5.10068, -0.65978, 13.31914],
			"to": [6.17368, 0.47822, 13.68914],
			"rotation": {"angle": -45, "axis": "y", "origin": [7.99586, -0.09078, 14.00414]},
			"faces": {
				"north": {"uv": [0, 0, 16, 4], "texture": "#4"},
				"east": {"uv": [0, 0, 16, 4], "texture": "#4"},
				"south": {"uv": [0, 0, 16, 4], "texture": "#4"},
				"west": {"uv": [0, 0, 16, 4], "texture": "#4"},
				"up": {"uv": [0, 0, 16, 4], "texture": "#4"},
				"down": {"uv": [0, 0, 16, 4], "texture": "#4"}
			}
		},
		{
			"from": [5.10068, -0.65978, 13.81914],
			"to": [6.17368, 0.47822, 14.18914],
			"rotation": {"angle": -45, "axis": "y", "origin": [7.99586, -0.09078, 14.00414]},
			"faces": {
				"north": {"uv": [0, 0, 16, 4], "texture": "#4"},
				"east": {"uv": [0, 0, 16, 4], "texture": "#4"},
				"south": {"uv": [0, 0, 16, 4], "texture": "#4"},
				"west": {"uv": [0, 0, 16, 4], "texture": "#4"},
				"up": {"uv": [0, 0, 16, 4], "texture": "#4"},
				"down": {"uv": [0, 0, 16, 4], "texture": "#4"}
			}
		},
		{
			"from": [5.10068, -0.65978, 14.31914],
			"to": [6.17368, 0.47822, 14.68914],
			"rotation": {"angle": -45, "axis": "y", "origin": [7.99586, -0.09078, 14.00414]},
			"faces": {
				"north": {"uv": [0, 0, 16, 4], "texture": "#4"},
				"east": {"uv": [0, 0, 16, 4], "texture": "#4"},
				"south": {"uv": [0, 0, 16, 4], "texture": "#4"},
				"west": {"uv": [0, 0, 16, 4], "texture": "#4"},
				"up": {"uv": [0, 0, 16, 4], "texture": "#4"},
				"down": {"uv": [0, 0, 16, 4], "texture": "#4"}
			}
		},
		{
			"from": [9.81803, -0.65978, 13.31914],
			"to": [10.89103, 0.47822, 13.68914],
			"rotation": {"angle": -45, "axis": "y", "origin": [7.99586, -0.09078, 14.00414]},
			"faces": {
				"north": {"uv": [0, 0, 16, 4], "texture": "#4"},
				"east": {"uv": [0, 0, 16, 4], "texture": "#4"},
				"south": {"uv": [0, 0, 16, 4], "texture": "#4"},
				"west": {"uv": [0, 0, 16, 4], "texture": "#4"},
				"up": {"uv": [0, 0, 16, 4], "texture": "#4"},
				"down": {"uv": [0, 0, 16, 4], "texture": "#4"}
			}
		},
		{
			"from": [9.81803, -0.65978, 13.81914],
			"to": [10.89103, 0.47822, 14.18914],
			"rotation": {"angle": -45, "axis": "y", "origin": [7.99586, -0.09078, 14.00414]},
			"faces": {
				"north": {"uv": [0, 0, 16, 4], "texture": "#4"},
				"east": {"uv": [0, 0, 16, 4], "texture": "#4"},
				"south": {"uv": [0, 0, 16, 4], "texture": "#4"},
				"west": {"uv": [0, 0, 16, 4], "texture": "#4"},
				"up": {"uv": [0, 0, 16, 4], "texture": "#4"},
				"down": {"uv": [0, 0, 16, 4], "texture": "#4"}
			}
		},
		{
			"from": [9.81803, -0.65978, 14.31914],
			"to": [10.89103, 0.47822, 14.68914],
			"rotation": {"angle": -45, "axis": "y", "origin": [7.99586, -0.09078, 14.00414]},
			"faces": {
				"north": {"uv": [0, 0, 16, 4], "texture": "#4"},
				"east": {"uv": [0, 0, 16, 4], "texture": "#4"},
				"south": {"uv": [0, 0, 16, 4], "texture": "#4"},
				"west": {"uv": [0, 0, 16, 4], "texture": "#4"},
				"up": {"uv": [0, 0, 16, 4], "texture": "#4"},
				"down": {"uv": [0, 0, 16, 4], "texture": "#4"}
			}
		},
		{
			"from": [4.24334, -0.55778, 11.79226],
			"to": [4.98334, 0.33022, 13.27226],
			"rotation": {"angle": 45, "axis": "y", "origin": [9.46774, -0.30247, 12.53226]},
			"faces": {
				"north": {"uv": [9, 12, 10, 13], "texture": "#5"},
				"east": {"uv": [12, 9, 13, 10], "texture": "#5"},
				"south": {"uv": [10, 12, 11, 13], "texture": "#5"},
				"west": {"uv": [0, 10, 15, 15], "texture": "#4"},
				"up": {"uv": [16, 5, 14.26172, 1], "texture": "#5"},
				"down": {"uv": [16, 16, 14.26172, 12], "texture": "#5"}
			}
		},
		{
			"from": [7.25215, -0.55778, 16.40545],
			"to": [8.73215, 0.33022, 17.14545],
			"rotation": {"angle": 45, "axis": "y", "origin": [7.99215, -0.30247, 14.00785]},
			"faces": {
				"north": {"uv": [13, 2, 14, 3], "texture": "#5"},
				"east": {"uv": [3, 13, 4, 14], "texture": "#5"},
				"south": {"uv": [0, 4, 15, 9], "texture": "#4"},
				"west": {"uv": [4, 13, 5, 14], "texture": "#5"},
				"up": {"uv": [6, 3.39453, 1, 0], "texture": "#5"},
				"down": {"uv": [9, 16, 4, 12.60547], "texture": "#5"}
			}
		},
		{
			"from": [7.25215, -0.55778, 10.87025],
			"to": [8.73215, 0.33022, 11.61025],
			"rotation": {"angle": 45, "axis": "y", "origin": [7.99215, -0.30247, 14.00785]},
			"faces": {
				"north": {"uv": [1, 7, 15, 12], "texture": "#4"},
				"east": {"uv": [0, 13, 1, 14], "texture": "#5"},
				"south": {"uv": [13, 0, 14, 1], "texture": "#5"},
				"west": {"uv": [1, 13, 2, 14], "texture": "#5"},
				"up": {"uv": [15, 16, 9, 14.24], "texture": "#5"},
				"down": {"uv": [15, 1.76, 9, 0], "texture": "#5"}
			}
		},
		{
			"from": [8.88921, -0.55778, 10.91133],
			"to": [10.36921, 0.33022, 11.59664],
			"rotation": {"angle": -45, "axis": "y", "origin": [8.86359, -0.11378, 12.05086]},
			"faces": {
				"north": {"uv": [1, 9, 15, 14], "texture": "#4"},
				"east": {"uv": [0, 13, 1, 14], "texture": "#5"},
				"south": {"uv": [13, 0, 14, 1], "texture": "#5"},
				"west": {"uv": [1, 13, 2, 14], "texture": "#5"},
				"up": {"uv": [1, 16, 0, 14.24], "texture": "#5"},
				"down": {"uv": [6, 1.76, 1, 0], "texture": "#5"}
			}
		},
		{
			"from": [6.72774, -0.55778, 14.75226],
			"to": [9.24774, 0.33022, 15.26226],
			"rotation": {"angle": 0, "axis": "y", "origin": [2.06774, -1.67518, 8.09226]},
			"faces": {
				"north": {"uv": [2, 6, 6, 7], "texture": "#5"},
				"east": {"uv": [11, 7, 12, 8], "texture": "#5"},
				"south": {"uv": [6, 2, 10, 3], "texture": "#5"},
				"west": {"uv": [11, 8, 12, 9], "texture": "#5"},
				"up": {"uv": [10, 4, 6, 3], "texture": "#5"},
				"down": {"uv": [10, 4, 6, 5], "texture": "#5"}
			}
		},
		{
			"from": [7.63281, -0.47656, 8.32781],
			"to": [8.30469, 0.22656, 11.4],
			"faces": {
				"north": {"uv": [16, 16, 0, 0], "texture": "#4"},
				"east": {"uv": [16, 16, 0, 0], "texture": "#4"},
				"south": {"uv": [16, 16, 0, 0], "texture": "#4"},
				"west": {"uv": [16, 16, 0, 0], "texture": "#4"},
				"up": {"uv": [16, 16, 0, 0], "texture": "#4"},
				"down": {"uv": [16, 16, 0, 0], "texture": "#4"}
			}
		},
		{
			"from": [7.59375, -0.5, 4.82781],
			"to": [8.34375, 0.25, 8.4],
			"faces": {
				"north": {"uv": [15, 15, 12, 5], "texture": "#5"},
				"east": {"uv": [15, 15, 4, 13], "texture": "#5"},
				"south": {"uv": [15, 15, 12, 5], "texture": "#5"},
				"west": {"uv": [15, 13, 4, 11], "texture": "#5"},
				"up": {"uv": [2, 15, 0, 2], "texture": "#5"},
				"down": {"uv": [15, 15, 12, 5], "texture": "#5"}
			}
		},
		{
			"from": [7.59375, -0.5, 0.83172],
			"to": [8.34375, 0.25, 4.9],
			"faces": {
				"north": {"uv": [15, 15, 12, 5], "texture": "#5"},
				"east": {"uv": [15, 15, 4, 12], "texture": "#5"},
				"south": {"uv": [15, 15, 12, 5], "texture": "#5"},
				"west": {"uv": [15, 15, 4, 12], "texture": "#5"},
				"up": {"uv": [2, 16, 0, 3], "texture": "#5"},
				"down": {"uv": [15, 15, 12, 5], "texture": "#5"}
			}
		},
		{
			"from": [7.59375, -0.5, 10.82781],
			"to": [8.34375, 0.25, 11.4],
			"faces": {
				"north": {"uv": [5, 15, 1, 12], "texture": "#5"},
				"east": {"uv": [5, 15, 1, 12], "texture": "#5"},
				"south": {"uv": [5, 15, 1, 12], "texture": "#5"},
				"west": {"uv": [5, 15, 1, 12], "texture": "#5"},
				"up": {"uv": [5, 15, 1, 12], "texture": "#5"},
				"down": {"uv": [5, 15, 1, 12], "texture": "#5"}
			}
		},
		{
			"from": [7.59375, -0.5, 10.07781],
			"to": [8.34375, 0.25, 10.65],
			"faces": {
				"north": {"uv": [10, 14, 6, 9], "texture": "#5"},
				"east": {"uv": [10, 14, 6, 9], "texture": "#5"},
				"south": {"uv": [10, 14, 6, 9], "texture": "#5"},
				"west": {"uv": [10, 14, 6, 9], "texture": "#5"},
				"up": {"uv": [10, 14, 6, 11], "texture": "#5"},
				"down": {"uv": [10, 14, 6, 9], "texture": "#5"}
			}
		},
		{
			"from": [7.59375, -0.5, 9.32781],
			"to": [8.34375, 0.25, 9.9],
			"faces": {
				"north": {"uv": [5, 14, 1, 9], "texture": "#5"},
				"east": {"uv": [5, 14, 1, 9], "texture": "#5"},
				"south": {"uv": [5, 14, 1, 9], "texture": "#5"},
				"west": {"uv": [5, 14, 1, 9], "texture": "#5"},
				"up": {"uv": [5, 14, 1, 9], "texture": "#5"},
				"down": {"uv": [5, 14, 1, 9], "texture": "#5"}
			}
		},
		{
			"from": [7.59375, -0.5, 8.35516],
			"to": [8.34375, 0.25, 9.15],
			"faces": {
				"north": {"uv": [6, 15, 2, 9], "texture": "#5"},
				"east": {"uv": [6, 15, 2, 9], "texture": "#5"},
				"south": {"uv": [6, 15, 2, 9], "texture": "#5"},
				"west": {"uv": [6, 15, 2, 9], "texture": "#5"},
				"up": {"uv": [6, 15, 2, 9], "texture": "#5"},
				"down": {"uv": [6, 15, 2, 9], "texture": "#5"}
			}
		},
		{
			"from": [5.92375, -0.5, 0.83],
			"to": [7.59375, 0.25, 1.58],
			"faces": {
				"north": {"uv": [15, 15, 8, 12], "texture": "#5"},
				"east": {"uv": [15, 15, 8, 12], "texture": "#5"},
				"south": {"uv": [15, 15, 8, 12], "texture": "#5"},
				"west": {"uv": [15, 15, 8, 12], "texture": "#5"},
				"up": {"uv": [15, 15, 8, 12], "texture": "#5"},
				"down": {"uv": [15, 15, 8, 12], "texture": "#5"}
			}
		},
		{
			"from": [6.18375, -0.5, 2.15],
			"to": [7.59375, 0.25, 2.9],
			"faces": {
				"north": {"uv": [15, 12, 8, 9], "texture": "#5"},
				"east": {"uv": [15, 12, 8, 9], "texture": "#5"},
				"south": {"uv": [15, 12, 8, 9], "texture": "#5"},
				"west": {"uv": [15, 12, 8, 9], "texture": "#5"},
				"up": {"uv": [15, 12, 8, 9], "texture": "#5"},
				"down": {"uv": [15, 12, 8, 9], "texture": "#5"}
			}
		},
		{
			"from": [7.31594, -0.5, 1.93516],
			"to": [8.06594, 0.25, 2.68516],
			"rotation": {"angle": -45, "axis": "y", "origin": [6.19875, -0.125, 2.775]},
			"faces": {
				"north": {"uv": [6, 15, 4, 13], "texture": "#5"},
				"east": {"uv": [6, 15, 4, 13], "texture": "#5"},
				"south": {"uv": [6, 15, 4, 13], "texture": "#5"},
				"west": {"uv": [3, 6, 1, 4], "texture": "#5"},
				"up": {"uv": [6, 15, 4, 13], "texture": "#5"},
				"down": {"uv": [6, 15, 4, 13], "texture": "#5"}
			}
		},
		{
			"from": [6.31594, -0.5, 0.43516],
			"to": [7.06594, 0.25, 1.18516],
			"rotation": {"angle": -45, "axis": "y", "origin": [6.19875, -0.125, 2.275]},
			"faces": {
				"north": {"uv": [6, 15, 4, 13], "texture": "#5"},
				"east": {"uv": [6, 15, 4, 13], "texture": "#5"},
				"south": {"uv": [6, 15, 4, 13], "texture": "#5"},
				"west": {"uv": [6, 15, 4, 13], "texture": "#5"},
				"up": {"uv": [3, 14, 1, 12], "texture": "#5"},
				"down": {"uv": [6, 15, 4, 13], "texture": "#5"}
			}
		},
		{
			"from": [5.92375, -0.5, 3.51],
			"to": [7.59375, 0.25, 4.26],
			"rotation": {"angle": 0, "axis": "y", "origin": [0, 0, 0.5]},
			"faces": {
				"north": {"uv": [15, 15, 8, 12], "texture": "#5"},
				"east": {"uv": [15, 15, 8, 12], "texture": "#5"},
				"south": {"uv": [15, 15, 8, 12], "texture": "#5"},
				"west": {"uv": [15, 15, 8, 12], "texture": "#5"},
				"up": {"uv": [15, 15, 8, 12], "texture": "#5"},
				"down": {"uv": [15, 15, 8, 12], "texture": "#5"}
			}
		}
	],
	"display": {
		"thirdperson_righthand": {
			"rotation": [0, 0, 102],
			"translation": [-7.25, -3.25, -5.75],
			"scale": [0.85, 0.85, 0.85]
		},
		"thirdperson_lefthand": {
			"rotation": [0, 0, 102],
			"translation": [-7.25, -3.25, -5.75],
			"scale": [0.85, 0.85, 0.85]
		},
		"firstperson_righthand": {
			"rotation": [34, -8, 99],
			"translation": [-2.25, 1.75, -5.75],
			"scale": [0.85, 0.85, 0.85]
		},
		"firstperson_lefthand": {
			"rotation": [38, -1, 80],
			"translation": [-2.25, 3.25, -4.25],
			"scale": [0.85, 0.85, 0.85]
		},
		"ground": {
			"translation": [0, 5, 0]
		},
		"gui": {
			"rotation": [-90, -154, 0],
			"translation": [0, 0, -8.75]
		},
		"head": {
			"rotation": [178.5, 0, -180],
			"translation": [0, 5, -0.75]
		},
		"fixed": {
			"rotation": [-90, 0, 0],
			"translation": [0, 0, -8.75]
		}
	}
}