{
	"credit": "Made with Blockbench",
	"textures": {
		"1": "stand/the_world/skin"
	},
	"elements": [
		{
			"name": "right_arm_2nd_layer",
			"from": [18.15501, 3.41111, -4.48929],
			"to": [23.14501, 8.61111, 8.41071],
			"rotation": {"angle": 0, "axis": "y", "origin": [16.80445, 8, 6.55793]},
			"faces": {
				"north": {"uv": [13, 8, 12, 9], "rotation": 180, "texture": "#1"},
				"east": {"uv": [10, 9, 11, 12], "rotation": 270, "texture": "#1"},
				"south": {"uv": [12, 9, 11, 8], "texture": "#1"},
				"west": {"uv": [12, 9, 13, 12], "rotation": 90, "texture": "#1"},
				"up": {"uv": [11, 9, 12, 12], "rotation": 180, "texture": "#1"},
				"down": {"uv": [13, 9, 14, 12], "texture": "#1"}
			}
		},
		{
			"from": [18.15501, 3.51111, -4.68929],
			"to": [23.15501, 8.51111, -2.68929],
			"rotation": {"angle": 0, "axis": "y", "origin": [16.80445, 8, 6.55793]},
			"faces": {
				"north": {"uv": [5.75, 15, 6.75, 16], "rotation": 180, "texture": "#1"},
				"east": {"uv": [9.25, 15.5, 11.75, 16], "rotation": 270, "texture": "#1"},
				"south": {"uv": [5.75, 15, 6.75, 16], "rotation": 180, "texture": "#1"},
				"west": {"uv": [5.75, 15, 6.75, 16], "rotation": 180, "texture": "#1"},
				"up": {"uv": [5.75, 15, 6.75, 16], "rotation": 180, "texture": "#1"},
				"down": {"uv": [5.75, 15, 6.75, 16], "rotation": 180, "texture": "#1"}
			}
		},
		{
			"from": [18.65501, 4.01111, -4.83929],
			"to": [22.65501, 8.01111, -4.58929],
			"rotation": {"angle": 0, "axis": "y", "origin": [16.80445, 8, 6.55793]},
			"faces": {
				"north": {"uv": [6.5, 12.5, 6.75, 13], "rotation": 180, "texture": "#1"},
				"east": {"uv": [6.5, 12.5, 6.75, 13], "rotation": 180, "texture": "#1"},
				"south": {"uv": [6.5, 12.5, 6.75, 13], "rotation": 180, "texture": "#1"},
				"west": {"uv": [6.5, 12.5, 6.75, 13], "rotation": 180, "texture": "#1"},
				"up": {"uv": [6.5, 12.5, 6.75, 13], "rotation": 180, "texture": "#1"},
				"down": {"uv": [6.5, 12.5, 6.75, 13], "rotation": 180, "texture": "#1"}
			}
		},
		{
			"from": [22.40501, 7.26111, -4.33929],
			"to": [23.40501, 8.26111, -3.33929],
			"rotation": {"angle": 0, "axis": "y", "origin": [16.80445, 8, 6.55793]},
			"faces": {
				"north": {"uv": [13.75, 15.75, 14, 16], "rotation": 270, "texture": "#1"},
				"east": {"uv": [13.75, 15.75, 14, 16], "rotation": 270, "texture": "#1"},
				"south": {"uv": [13.75, 15.75, 14, 16], "rotation": 270, "texture": "#1"},
				"west": {"uv": [13.75, 15.75, 14, 16], "rotation": 270, "texture": "#1"},
				"up": {"uv": [13.75, 15.75, 14, 16], "rotation": 270, "texture": "#1"},
				"down": {"uv": [13.75, 15.75, 14, 16], "rotation": 270, "texture": "#1"}
			}
		},
		{
			"from": [22.40501, 6.06111, -4.33929],
			"to": [23.40501, 7.06111, -3.33929],
			"rotation": {"angle": 0, "axis": "y", "origin": [16.80445, 8, 6.55793]},
			"faces": {
				"north": {"uv": [13.75, 15.75, 14, 16], "rotation": 270, "texture": "#1"},
				"east": {"uv": [13.75, 15.75, 14, 16], "rotation": 270, "texture": "#1"},
				"south": {"uv": [13.75, 15.75, 14, 16], "rotation": 270, "texture": "#1"},
				"west": {"uv": [13.75, 15.75, 14, 16], "rotation": 270, "texture": "#1"},
				"up": {"uv": [13.75, 15.75, 14, 16], "rotation": 270, "texture": "#1"},
				"down": {"uv": [13.75, 15.75, 14, 16], "rotation": 270, "texture": "#1"}
			}
		},
		{
			"from": [22.40501, 4.86111, -4.33929],
			"to": [23.40501, 5.86111, -3.33929],
			"rotation": {"angle": 0, "axis": "y", "origin": [16.80445, 8, 6.55793]},
			"faces": {
				"north": {"uv": [13.75, 15.75, 14, 16], "rotation": 270, "texture": "#1"},
				"east": {"uv": [13.75, 15.75, 14, 16], "rotation": 270, "texture": "#1"},
				"south": {"uv": [13.75, 15.75, 14, 16], "rotation": 270, "texture": "#1"},
				"west": {"uv": [13.75, 15.75, 14, 16], "rotation": 270, "texture": "#1"},
				"up": {"uv": [13.75, 15.75, 14, 16], "rotation": 270, "texture": "#1"},
				"down": {"uv": [13.75, 15.75, 14, 16], "rotation": 270, "texture": "#1"}
			}
		},
		{
			"from": [22.40501, 3.66111, -4.33929],
			"to": [23.40501, 4.66111, -3.33929],
			"rotation": {"angle": 0, "axis": "y", "origin": [16.80445, 8, 6.55793]},
			"faces": {
				"north": {"uv": [13.75, 15.75, 14, 16], "rotation": 270, "texture": "#1"},
				"east": {"uv": [13.75, 15.75, 14, 16], "rotation": 270, "texture": "#1"},
				"south": {"uv": [13.75, 15.75, 14, 16], "rotation": 270, "texture": "#1"},
				"west": {"uv": [13.75, 15.75, 14, 16], "rotation": 270, "texture": "#1"},
				"up": {"uv": [13.75, 15.75, 14, 16], "rotation": 270, "texture": "#1"},
				"down": {"uv": [13.75, 15.75, 14, 16], "rotation": 270, "texture": "#1"}
			}
		},
		{
			"from": [21.15501, 3.71111, -2.58929],
			"to": [22.85501, 8.31111, -0.58929],
			"rotation": {"angle": 0, "axis": "y", "origin": [16.80445, 8, 6.55793]},
			"faces": {
				"north": {"uv": [0, 0, 1.7, 4.6], "rotation": 180, "texture": "#1"},
				"east": {"uv": [9.75, 15.75, 11.25, 16], "rotation": 270, "texture": "#1"},
				"south": {"uv": [5.75, 15, 6.75, 16], "rotation": 180, "texture": "#1"},
				"west": {"uv": [5.75, 15, 6.75, 16], "rotation": 180, "texture": "#1"},
				"up": {"uv": [5.75, 15, 6.75, 16], "rotation": 180, "texture": "#1"},
				"down": {"uv": [5.75, 15, 6.75, 16], "rotation": 180, "texture": "#1"}
			}
		},
		{
			"name": "right_arm",
			"from": [18.65501, 4.11111, -4.58929],
			"to": [22.65501, 8.11111, 7.41071],
			"rotation": {"angle": 0, "axis": "y", "origin": [16.80445, 8, 6.55793]},
			"faces": {
				"north": {"uv": [13, 4, 12, 5], "rotation": 180, "texture": "#1"},
				"east": {"uv": [10, 5, 11, 8], "rotation": 270, "texture": "#1"},
				"south": {"uv": [12, 5, 11, 4], "texture": "#1"},
				"west": {"uv": [12, 5, 13, 8], "rotation": 90, "texture": "#1"},
				"up": {"uv": [11, 5, 12, 8], "rotation": 180, "texture": "#1"},
				"down": {"uv": [13, 5, 14, 8], "texture": "#1"}
			}
		},
		{
			"name": "right_arm_2nd_layer",
			"from": [12.10467, -6.63594, 12.62389],
			"to": [16.29627, -2.26794, 23.45989],
			"rotation": {"angle": -45, "axis": "z", "origin": [15.1702, -4.46127, 3.34356]},
			"faces": {
				"north": {"uv": [13, 8, 12, 9], "rotation": 180, "texture": "#1"},
				"east": {"uv": [10, 9, 11, 12], "rotation": 270, "texture": "#1"},
				"south": {"uv": [12, 9, 11, 8], "texture": "#1"},
				"west": {"uv": [12, 9, 13, 12], "rotation": 90, "texture": "#1"},
				"up": {"uv": [11, 9, 12, 12], "rotation": 180, "texture": "#1"},
				"down": {"uv": [13, 9, 14, 12], "texture": "#1"}
			}
		},
		{
			"from": [12.10467, -6.55194, 12.45589],
			"to": [16.30467, -2.35194, 14.13589],
			"rotation": {"angle": -45, "axis": "z", "origin": [15.1702, -4.46127, 3.34356]},
			"faces": {
				"north": {"uv": [5.75, 15, 6.75, 16], "rotation": 180, "texture": "#1"},
				"east": {"uv": [9.25, 15.5, 11.75, 16], "rotation": 270, "texture": "#1"},
				"south": {"uv": [5.75, 15, 6.75, 16], "rotation": 180, "texture": "#1"},
				"west": {"uv": [5.75, 15, 6.75, 16], "rotation": 180, "texture": "#1"},
				"up": {"uv": [5.75, 15, 6.75, 16], "rotation": 180, "texture": "#1"},
				"down": {"uv": [5.75, 15, 6.75, 16], "rotation": 180, "texture": "#1"}
			}
		},
		{
			"from": [12.52467, -6.13194, 12.32989],
			"to": [15.88467, -2.77194, 12.53989],
			"rotation": {"angle": -45, "axis": "z", "origin": [15.1702, -4.46127, 3.34356]},
			"faces": {
				"north": {"uv": [6.5, 12.5, 6.75, 13], "rotation": 180, "texture": "#1"},
				"east": {"uv": [6.5, 12.5, 6.75, 13], "rotation": 180, "texture": "#1"},
				"south": {"uv": [6.5, 12.5, 6.75, 13], "rotation": 180, "texture": "#1"},
				"west": {"uv": [6.5, 12.5, 6.75, 13], "rotation": 180, "texture": "#1"},
				"up": {"uv": [6.5, 12.5, 6.75, 13], "rotation": 180, "texture": "#1"},
				"down": {"uv": [6.5, 12.5, 6.75, 13], "rotation": 180, "texture": "#1"}
			}
		},
		{
			"from": [15.67467, -3.40194, 12.74989],
			"to": [16.51467, -2.56194, 13.58989],
			"rotation": {"angle": -45, "axis": "z", "origin": [15.1702, -4.46127, 3.34356]},
			"faces": {
				"north": {"uv": [13.75, 15.75, 14, 16], "rotation": 270, "texture": "#1"},
				"east": {"uv": [13.75, 15.75, 14, 16], "rotation": 270, "texture": "#1"},
				"south": {"uv": [13.75, 15.75, 14, 16], "rotation": 270, "texture": "#1"},
				"west": {"uv": [13.75, 15.75, 14, 16], "rotation": 270, "texture": "#1"},
				"up": {"uv": [13.75, 15.75, 14, 16], "rotation": 270, "texture": "#1"},
				"down": {"uv": [13.75, 15.75, 14, 16], "rotation": 270, "texture": "#1"}
			}
		},
		{
			"from": [15.67467, -4.40994, 12.74989],
			"to": [16.51467, -3.56994, 13.58989],
			"rotation": {"angle": -45, "axis": "z", "origin": [15.1702, -4.46127, 3.34356]},
			"faces": {
				"north": {"uv": [13.75, 15.75, 14, 16], "rotation": 270, "texture": "#1"},
				"east": {"uv": [13.75, 15.75, 14, 16], "rotation": 270, "texture": "#1"},
				"south": {"uv": [13.75, 15.75, 14, 16], "rotation": 270, "texture": "#1"},
				"west": {"uv": [13.75, 15.75, 14, 16], "rotation": 270, "texture": "#1"},
				"up": {"uv": [13.75, 15.75, 14, 16], "rotation": 270, "texture": "#1"},
				"down": {"uv": [13.75, 15.75, 14, 16], "rotation": 270, "texture": "#1"}
			}
		},
		{
			"from": [15.67467, -5.41794, 12.74989],
			"to": [16.51467, -4.57794, 13.58989],
			"rotation": {"angle": -45, "axis": "z", "origin": [15.1702, -4.46127, 3.34356]},
			"faces": {
				"north": {"uv": [13.75, 15.75, 14, 16], "rotation": 270, "texture": "#1"},
				"east": {"uv": [13.75, 15.75, 14, 16], "rotation": 270, "texture": "#1"},
				"south": {"uv": [13.75, 15.75, 14, 16], "rotation": 270, "texture": "#1"},
				"west": {"uv": [13.75, 15.75, 14, 16], "rotation": 270, "texture": "#1"},
				"up": {"uv": [13.75, 15.75, 14, 16], "rotation": 270, "texture": "#1"},
				"down": {"uv": [13.75, 15.75, 14, 16], "rotation": 270, "texture": "#1"}
			}
		},
		{
			"from": [15.67467, -6.42594, 12.74989],
			"to": [16.51467, -5.58594, 13.58989],
			"rotation": {"angle": -45, "axis": "z", "origin": [15.1702, -4.46127, 3.34356]},
			"faces": {
				"north": {"uv": [13.75, 15.75, 14, 16], "rotation": 270, "texture": "#1"},
				"east": {"uv": [13.75, 15.75, 14, 16], "rotation": 270, "texture": "#1"},
				"south": {"uv": [13.75, 15.75, 14, 16], "rotation": 270, "texture": "#1"},
				"west": {"uv": [13.75, 15.75, 14, 16], "rotation": 270, "texture": "#1"},
				"up": {"uv": [13.75, 15.75, 14, 16], "rotation": 270, "texture": "#1"},
				"down": {"uv": [13.75, 15.75, 14, 16], "rotation": 270, "texture": "#1"}
			}
		},
		{
			"from": [14.62467, -6.38394, 14.21989],
			"to": [16.05267, -2.51994, 15.89989],
			"rotation": {"angle": -45, "axis": "z", "origin": [15.1702, -4.46127, 3.34356]},
			"faces": {
				"north": {"uv": [0, 0, 1.7, 4.6], "rotation": 180, "texture": "#1"},
				"east": {"uv": [9.75, 15.75, 11.25, 16], "rotation": 270, "texture": "#1"},
				"south": {"uv": [5.75, 15, 6.75, 16], "rotation": 180, "texture": "#1"},
				"west": {"uv": [5.75, 15, 6.75, 16], "rotation": 180, "texture": "#1"},
				"up": {"uv": [5.75, 15, 6.75, 16], "rotation": 180, "texture": "#1"},
				"down": {"uv": [5.75, 15, 6.75, 16], "rotation": 180, "texture": "#1"}
			}
		},
		{
			"name": "right_arm",
			"from": [12.52467, -6.04794, 12.53989],
			"to": [15.88467, -2.68794, 22.61989],
			"rotation": {"angle": -45, "axis": "z", "origin": [15.1702, -4.46127, 3.34356]},
			"faces": {
				"north": {"uv": [13, 4, 12, 5], "rotation": 180, "texture": "#1"},
				"east": {"uv": [10, 5, 11, 8], "rotation": 270, "texture": "#1"},
				"south": {"uv": [12, 5, 11, 4], "texture": "#1"},
				"west": {"uv": [12, 5, 13, 8], "rotation": 90, "texture": "#1"},
				"up": {"uv": [11, 5, 12, 8], "rotation": 180, "texture": "#1"},
				"down": {"uv": [13, 5, 14, 8], "texture": "#1"}
			}
		},
		{
			"name": "right_arm_2nd_layer",
			"from": [22.10467, 6.36406, -14.37611],
			"to": [26.29627, 10.73206, -3.54011],
			"rotation": {"angle": 45, "axis": "z", "origin": [15.1702, -4.46127, 3.34356]},
			"faces": {
				"north": {"uv": [13, 8, 12, 9], "rotation": 180, "texture": "#1"},
				"east": {"uv": [10, 9, 11, 12], "rotation": 270, "texture": "#1"},
				"south": {"uv": [12, 9, 11, 8], "texture": "#1"},
				"west": {"uv": [12, 9, 13, 12], "rotation": 90, "texture": "#1"},
				"up": {"uv": [11, 9, 12, 12], "rotation": 180, "texture": "#1"},
				"down": {"uv": [13, 9, 14, 12], "texture": "#1"}
			}
		},
		{
			"from": [22.10467, 6.44806, -14.54411],
			"to": [26.30467, 10.64806, -12.86411],
			"rotation": {"angle": 45, "axis": "z", "origin": [15.1702, -4.46127, 3.34356]},
			"faces": {
				"north": {"uv": [5.75, 15, 6.75, 16], "rotation": 180, "texture": "#1"},
				"east": {"uv": [9.25, 15.5, 11.75, 16], "rotation": 270, "texture": "#1"},
				"south": {"uv": [5.75, 15, 6.75, 16], "rotation": 180, "texture": "#1"},
				"west": {"uv": [5.75, 15, 6.75, 16], "rotation": 180, "texture": "#1"},
				"up": {"uv": [5.75, 15, 6.75, 16], "rotation": 180, "texture": "#1"},
				"down": {"uv": [5.75, 15, 6.75, 16], "rotation": 180, "texture": "#1"}
			}
		},
		{
			"from": [22.52467, 6.86806, -14.67011],
			"to": [25.88467, 10.22806, -14.46011],
			"rotation": {"angle": 45, "axis": "z", "origin": [15.1702, -4.46127, 3.34356]},
			"faces": {
				"north": {"uv": [6.5, 12.5, 6.75, 13], "rotation": 180, "texture": "#1"},
				"east": {"uv": [6.5, 12.5, 6.75, 13], "rotation": 180, "texture": "#1"},
				"south": {"uv": [6.5, 12.5, 6.75, 13], "rotation": 180, "texture": "#1"},
				"west": {"uv": [6.5, 12.5, 6.75, 13], "rotation": 180, "texture": "#1"},
				"up": {"uv": [6.5, 12.5, 6.75, 13], "rotation": 180, "texture": "#1"},
				"down": {"uv": [6.5, 12.5, 6.75, 13], "rotation": 180, "texture": "#1"}
			}
		},
		{
			"from": [25.67467, 9.59806, -14.25011],
			"to": [26.51467, 10.43806, -13.41011],
			"rotation": {"angle": 45, "axis": "z", "origin": [15.1702, -4.46127, 3.34356]},
			"faces": {
				"north": {"uv": [13.75, 15.75, 14, 16], "rotation": 270, "texture": "#1"},
				"east": {"uv": [13.75, 15.75, 14, 16], "rotation": 270, "texture": "#1"},
				"south": {"uv": [13.75, 15.75, 14, 16], "rotation": 270, "texture": "#1"},
				"west": {"uv": [13.75, 15.75, 14, 16], "rotation": 270, "texture": "#1"},
				"up": {"uv": [13.75, 15.75, 14, 16], "rotation": 270, "texture": "#1"},
				"down": {"uv": [13.75, 15.75, 14, 16], "rotation": 270, "texture": "#1"}
			}
		},
		{
			"from": [25.67467, 8.59006, -14.25011],
			"to": [26.51467, 9.43006, -13.41011],
			"rotation": {"angle": 45, "axis": "z", "origin": [15.1702, -4.46127, 3.34356]},
			"faces": {
				"north": {"uv": [13.75, 15.75, 14, 16], "rotation": 270, "texture": "#1"},
				"east": {"uv": [13.75, 15.75, 14, 16], "rotation": 270, "texture": "#1"},
				"south": {"uv": [13.75, 15.75, 14, 16], "rotation": 270, "texture": "#1"},
				"west": {"uv": [13.75, 15.75, 14, 16], "rotation": 270, "texture": "#1"},
				"up": {"uv": [13.75, 15.75, 14, 16], "rotation": 270, "texture": "#1"},
				"down": {"uv": [13.75, 15.75, 14, 16], "rotation": 270, "texture": "#1"}
			}
		},
		{
			"from": [25.67467, 7.58206, -14.25011],
			"to": [26.51467, 8.42206, -13.41011],
			"rotation": {"angle": 45, "axis": "z", "origin": [15.1702, -4.46127, 3.34356]},
			"faces": {
				"north": {"uv": [13.75, 15.75, 14, 16], "rotation": 270, "texture": "#1"},
				"east": {"uv": [13.75, 15.75, 14, 16], "rotation": 270, "texture": "#1"},
				"south": {"uv": [13.75, 15.75, 14, 16], "rotation": 270, "texture": "#1"},
				"west": {"uv": [13.75, 15.75, 14, 16], "rotation": 270, "texture": "#1"},
				"up": {"uv": [13.75, 15.75, 14, 16], "rotation": 270, "texture": "#1"},
				"down": {"uv": [13.75, 15.75, 14, 16], "rotation": 270, "texture": "#1"}
			}
		},
		{
			"from": [25.67467, 6.57406, -14.25011],
			"to": [26.51467, 7.41406, -13.41011],
			"rotation": {"angle": 45, "axis": "z", "origin": [15.1702, -4.46127, 3.34356]},
			"faces": {
				"north": {"uv": [13.75, 15.75, 14, 16], "rotation": 270, "texture": "#1"},
				"east": {"uv": [13.75, 15.75, 14, 16], "rotation": 270, "texture": "#1"},
				"south": {"uv": [13.75, 15.75, 14, 16], "rotation": 270, "texture": "#1"},
				"west": {"uv": [13.75, 15.75, 14, 16], "rotation": 270, "texture": "#1"},
				"up": {"uv": [13.75, 15.75, 14, 16], "rotation": 270, "texture": "#1"},
				"down": {"uv": [13.75, 15.75, 14, 16], "rotation": 270, "texture": "#1"}
			}
		},
		{
			"from": [24.62467, 6.61606, -12.78011],
			"to": [26.05267, 10.48006, -11.10011],
			"rotation": {"angle": 45, "axis": "z", "origin": [15.1702, -4.46127, 3.34356]},
			"faces": {
				"north": {"uv": [0, 0, 1.7, 4.6], "rotation": 180, "texture": "#1"},
				"east": {"uv": [9.75, 15.75, 11.25, 16], "rotation": 270, "texture": "#1"},
				"south": {"uv": [5.75, 15, 6.75, 16], "rotation": 180, "texture": "#1"},
				"west": {"uv": [5.75, 15, 6.75, 16], "rotation": 180, "texture": "#1"},
				"up": {"uv": [5.75, 15, 6.75, 16], "rotation": 180, "texture": "#1"},
				"down": {"uv": [5.75, 15, 6.75, 16], "rotation": 180, "texture": "#1"}
			}
		},
		{
			"name": "right_arm",
			"from": [22.52467, 6.95206, -14.46011],
			"to": [25.88467, 10.31206, -4.38011],
			"rotation": {"angle": 45, "axis": "z", "origin": [15.1702, -4.46127, 3.34356]},
			"faces": {
				"north": {"uv": [13, 4, 12, 5], "rotation": 180, "texture": "#1"},
				"east": {"uv": [10, 5, 11, 8], "rotation": 270, "texture": "#1"},
				"south": {"uv": [12, 5, 11, 4], "texture": "#1"},
				"west": {"uv": [12, 5, 13, 8], "rotation": 90, "texture": "#1"},
				"up": {"uv": [11, 5, 12, 8], "rotation": 180, "texture": "#1"},
				"down": {"uv": [13, 5, 14, 8], "texture": "#1"}
			}
		},
		{
			"name": "right_arm_2nd_layer",
			"from": [18.85056, -2.58889, 1.95278],
			"to": [23.84056, 2.61111, 14.85278],
			"rotation": {"angle": 0, "axis": "y", "origin": [7.5, 1, 5]},
			"faces": {
				"north": {"uv": [13, 8, 12, 9], "rotation": 180, "texture": "#1"},
				"east": {"uv": [10, 9, 11, 12], "rotation": 270, "texture": "#1"},
				"south": {"uv": [12, 9, 11, 8], "texture": "#1"},
				"west": {"uv": [12, 9, 13, 12], "rotation": 90, "texture": "#1"},
				"up": {"uv": [11, 9, 12, 12], "rotation": 180, "texture": "#1"},
				"down": {"uv": [13, 9, 14, 12], "texture": "#1"}
			}
		},
		{
			"from": [18.85056, -2.48889, 1.75278],
			"to": [23.85056, 2.51111, 3.75278],
			"rotation": {"angle": 0, "axis": "y", "origin": [7.5, 1, 5]},
			"faces": {
				"north": {"uv": [5.75, 15, 6.75, 16], "rotation": 180, "texture": "#1"},
				"east": {"uv": [9.25, 15.5, 11.75, 16], "rotation": 270, "texture": "#1"},
				"south": {"uv": [5.75, 15, 6.75, 16], "rotation": 180, "texture": "#1"},
				"west": {"uv": [5.75, 15, 6.75, 16], "rotation": 180, "texture": "#1"},
				"up": {"uv": [5.75, 15, 6.75, 16], "rotation": 180, "texture": "#1"},
				"down": {"uv": [5.75, 15, 6.75, 16], "rotation": 180, "texture": "#1"}
			}
		},
		{
			"from": [19.35056, -1.98889, 1.60278],
			"to": [23.35056, 2.01111, 1.85278],
			"rotation": {"angle": 0, "axis": "y", "origin": [7.5, 1, 5]},
			"faces": {
				"north": {"uv": [6.5, 12.5, 6.75, 13], "rotation": 180, "texture": "#1"},
				"east": {"uv": [6.5, 12.5, 6.75, 13], "rotation": 180, "texture": "#1"},
				"south": {"uv": [6.5, 12.5, 6.75, 13], "rotation": 180, "texture": "#1"},
				"west": {"uv": [6.5, 12.5, 6.75, 13], "rotation": 180, "texture": "#1"},
				"up": {"uv": [6.5, 12.5, 6.75, 13], "rotation": 180, "texture": "#1"},
				"down": {"uv": [6.5, 12.5, 6.75, 13], "rotation": 180, "texture": "#1"}
			}
		},
		{
			"from": [23.10056, 1.26111, 2.10278],
			"to": [24.10056, 2.26111, 3.10278],
			"rotation": {"angle": 0, "axis": "y", "origin": [7.5, 1, 5]},
			"faces": {
				"north": {"uv": [13.75, 15.75, 14, 16], "rotation": 270, "texture": "#1"},
				"east": {"uv": [13.75, 15.75, 14, 16], "rotation": 270, "texture": "#1"},
				"south": {"uv": [13.75, 15.75, 14, 16], "rotation": 270, "texture": "#1"},
				"west": {"uv": [13.75, 15.75, 14, 16], "rotation": 270, "texture": "#1"},
				"up": {"uv": [13.75, 15.75, 14, 16], "rotation": 270, "texture": "#1"},
				"down": {"uv": [13.75, 15.75, 14, 16], "rotation": 270, "texture": "#1"}
			}
		},
		{
			"from": [23.10056, 0.06111, 2.10278],
			"to": [24.10056, 1.06111, 3.10278],
			"rotation": {"angle": 0, "axis": "y", "origin": [7.5, 1, 5]},
			"faces": {
				"north": {"uv": [13.75, 15.75, 14, 16], "rotation": 270, "texture": "#1"},
				"east": {"uv": [13.75, 15.75, 14, 16], "rotation": 270, "texture": "#1"},
				"south": {"uv": [13.75, 15.75, 14, 16], "rotation": 270, "texture": "#1"},
				"west": {"uv": [13.75, 15.75, 14, 16], "rotation": 270, "texture": "#1"},
				"up": {"uv": [13.75, 15.75, 14, 16], "rotation": 270, "texture": "#1"},
				"down": {"uv": [13.75, 15.75, 14, 16], "rotation": 270, "texture": "#1"}
			}
		},
		{
			"from": [23.10056, -1.13889, 2.10278],
			"to": [24.10056, -0.13889, 3.10278],
			"rotation": {"angle": 0, "axis": "y", "origin": [7.5, 1, 5]},
			"faces": {
				"north": {"uv": [13.75, 15.75, 14, 16], "rotation": 270, "texture": "#1"},
				"east": {"uv": [13.75, 15.75, 14, 16], "rotation": 270, "texture": "#1"},
				"south": {"uv": [13.75, 15.75, 14, 16], "rotation": 270, "texture": "#1"},
				"west": {"uv": [13.75, 15.75, 14, 16], "rotation": 270, "texture": "#1"},
				"up": {"uv": [13.75, 15.75, 14, 16], "rotation": 270, "texture": "#1"},
				"down": {"uv": [13.75, 15.75, 14, 16], "rotation": 270, "texture": "#1"}
			}
		},
		{
			"from": [23.10056, -2.33889, 2.10278],
			"to": [24.10056, -1.33889, 3.10278],
			"rotation": {"angle": 0, "axis": "y", "origin": [7.5, 1, 5]},
			"faces": {
				"north": {"uv": [13.75, 15.75, 14, 16], "rotation": 270, "texture": "#1"},
				"east": {"uv": [13.75, 15.75, 14, 16], "rotation": 270, "texture": "#1"},
				"south": {"uv": [13.75, 15.75, 14, 16], "rotation": 270, "texture": "#1"},
				"west": {"uv": [13.75, 15.75, 14, 16], "rotation": 270, "texture": "#1"},
				"up": {"uv": [13.75, 15.75, 14, 16], "rotation": 270, "texture": "#1"},
				"down": {"uv": [13.75, 15.75, 14, 16], "rotation": 270, "texture": "#1"}
			}
		},
		{
			"from": [21.85056, -2.28889, 3.85278],
			"to": [23.55056, 2.31111, 5.85278],
			"rotation": {"angle": 0, "axis": "y", "origin": [7.5, 1, 5]},
			"faces": {
				"north": {"uv": [0, 0, 1.7, 4.6], "rotation": 180, "texture": "#1"},
				"east": {"uv": [9.75, 15.75, 11.25, 16], "rotation": 270, "texture": "#1"},
				"south": {"uv": [5.75, 15, 6.75, 16], "rotation": 180, "texture": "#1"},
				"west": {"uv": [5.75, 15, 6.75, 16], "rotation": 180, "texture": "#1"},
				"up": {"uv": [5.75, 15, 6.75, 16], "rotation": 180, "texture": "#1"},
				"down": {"uv": [5.75, 15, 6.75, 16], "rotation": 180, "texture": "#1"}
			}
		},
		{
			"name": "right_arm",
			"from": [19.35056, -1.88889, 1.85278],
			"to": [23.35056, 2.11111, 13.85278],
			"rotation": {"angle": 0, "axis": "y", "origin": [7.5, 1, 5]},
			"faces": {
				"north": {"uv": [13, 4, 12, 5], "rotation": 180, "texture": "#1"},
				"east": {"uv": [10, 5, 11, 8], "rotation": 270, "texture": "#1"},
				"south": {"uv": [12, 5, 11, 4], "texture": "#1"},
				"west": {"uv": [12, 5, 13, 8], "rotation": 90, "texture": "#1"},
				"up": {"uv": [11, 5, 12, 8], "rotation": 180, "texture": "#1"},
				"down": {"uv": [13, 5, 14, 8], "texture": "#1"}
			}
		},
		{
			"name": "right_arm_2nd_layer",
			"from": [22.85056, -0.58889, 10.95278],
			"to": [27.84056, 4.61111, 23.85278],
			"rotation": {"angle": -22.5, "axis": "y", "origin": [7.5, 1, 5]},
			"faces": {
				"north": {"uv": [13, 8, 12, 9], "rotation": 180, "texture": "#1"},
				"east": {"uv": [10, 9, 11, 12], "rotation": 270, "texture": "#1"},
				"south": {"uv": [12, 9, 11, 8], "texture": "#1"},
				"west": {"uv": [12, 9, 13, 12], "rotation": 90, "texture": "#1"},
				"up": {"uv": [11, 9, 12, 12], "rotation": 180, "texture": "#1"},
				"down": {"uv": [13, 9, 14, 12], "texture": "#1"}
			}
		},
		{
			"from": [22.85056, -0.48889, 10.75278],
			"to": [27.85056, 4.51111, 12.75278],
			"rotation": {"angle": -22.5, "axis": "y", "origin": [7.5, 1, 5]},
			"faces": {
				"north": {"uv": [5.75, 15, 6.75, 16], "rotation": 180, "texture": "#1"},
				"east": {"uv": [9.25, 15.5, 11.75, 16], "rotation": 270, "texture": "#1"},
				"south": {"uv": [5.75, 15, 6.75, 16], "rotation": 180, "texture": "#1"},
				"west": {"uv": [5.75, 15, 6.75, 16], "rotation": 180, "texture": "#1"},
				"up": {"uv": [5.75, 15, 6.75, 16], "rotation": 180, "texture": "#1"},
				"down": {"uv": [5.75, 15, 6.75, 16], "rotation": 180, "texture": "#1"}
			}
		},
		{
			"from": [23.35056, 0.01111, 10.60278],
			"to": [27.35056, 4.01111, 10.85278],
			"rotation": {"angle": -22.5, "axis": "y", "origin": [7.5, 1, 5]},
			"faces": {
				"north": {"uv": [6.5, 12.5, 6.75, 13], "rotation": 180, "texture": "#1"},
				"east": {"uv": [6.5, 12.5, 6.75, 13], "rotation": 180, "texture": "#1"},
				"south": {"uv": [6.5, 12.5, 6.75, 13], "rotation": 180, "texture": "#1"},
				"west": {"uv": [6.5, 12.5, 6.75, 13], "rotation": 180, "texture": "#1"},
				"up": {"uv": [6.5, 12.5, 6.75, 13], "rotation": 180, "texture": "#1"},
				"down": {"uv": [6.5, 12.5, 6.75, 13], "rotation": 180, "texture": "#1"}
			}
		},
		{
			"from": [27.10056, 3.26111, 11.10278],
			"to": [28.10056, 4.26111, 12.10278],
			"rotation": {"angle": -22.5, "axis": "y", "origin": [7.5, 1, 5]},
			"faces": {
				"north": {"uv": [13.75, 15.75, 14, 16], "rotation": 270, "texture": "#1"},
				"east": {"uv": [13.75, 15.75, 14, 16], "rotation": 270, "texture": "#1"},
				"south": {"uv": [13.75, 15.75, 14, 16], "rotation": 270, "texture": "#1"},
				"west": {"uv": [13.75, 15.75, 14, 16], "rotation": 270, "texture": "#1"},
				"up": {"uv": [13.75, 15.75, 14, 16], "rotation": 270, "texture": "#1"},
				"down": {"uv": [13.75, 15.75, 14, 16], "rotation": 270, "texture": "#1"}
			}
		},
		{
			"from": [27.10056, 2.06111, 11.10278],
			"to": [28.10056, 3.06111, 12.10278],
			"rotation": {"angle": -22.5, "axis": "y", "origin": [7.5, 1, 5]},
			"faces": {
				"north": {"uv": [13.75, 15.75, 14, 16], "rotation": 270, "texture": "#1"},
				"east": {"uv": [13.75, 15.75, 14, 16], "rotation": 270, "texture": "#1"},
				"south": {"uv": [13.75, 15.75, 14, 16], "rotation": 270, "texture": "#1"},
				"west": {"uv": [13.75, 15.75, 14, 16], "rotation": 270, "texture": "#1"},
				"up": {"uv": [13.75, 15.75, 14, 16], "rotation": 270, "texture": "#1"},
				"down": {"uv": [13.75, 15.75, 14, 16], "rotation": 270, "texture": "#1"}
			}
		},
		{
			"from": [27.10056, 0.86111, 11.10278],
			"to": [28.10056, 1.86111, 12.10278],
			"rotation": {"angle": -22.5, "axis": "y", "origin": [7.5, 1, 5]},
			"faces": {
				"north": {"uv": [13.75, 15.75, 14, 16], "rotation": 270, "texture": "#1"},
				"east": {"uv": [13.75, 15.75, 14, 16], "rotation": 270, "texture": "#1"},
				"south": {"uv": [13.75, 15.75, 14, 16], "rotation": 270, "texture": "#1"},
				"west": {"uv": [13.75, 15.75, 14, 16], "rotation": 270, "texture": "#1"},
				"up": {"uv": [13.75, 15.75, 14, 16], "rotation": 270, "texture": "#1"},
				"down": {"uv": [13.75, 15.75, 14, 16], "rotation": 270, "texture": "#1"}
			}
		},
		{
			"from": [27.10056, -0.33889, 11.10278],
			"to": [28.10056, 0.66111, 12.10278],
			"rotation": {"angle": -22.5, "axis": "y", "origin": [7.5, 1, 5]},
			"faces": {
				"north": {"uv": [13.75, 15.75, 14, 16], "rotation": 270, "texture": "#1"},
				"east": {"uv": [13.75, 15.75, 14, 16], "rotation": 270, "texture": "#1"},
				"south": {"uv": [13.75, 15.75, 14, 16], "rotation": 270, "texture": "#1"},
				"west": {"uv": [13.75, 15.75, 14, 16], "rotation": 270, "texture": "#1"},
				"up": {"uv": [13.75, 15.75, 14, 16], "rotation": 270, "texture": "#1"},
				"down": {"uv": [13.75, 15.75, 14, 16], "rotation": 270, "texture": "#1"}
			}
		},
		{
			"from": [25.85056, -0.28889, 12.85278],
			"to": [27.55056, 4.31111, 14.85278],
			"rotation": {"angle": -22.5, "axis": "y", "origin": [7.5, 1, 5]},
			"faces": {
				"north": {"uv": [0, 0, 1.7, 4.6], "rotation": 180, "texture": "#1"},
				"east": {"uv": [9.75, 15.75, 11.25, 16], "rotation": 270, "texture": "#1"},
				"south": {"uv": [5.75, 15, 6.75, 16], "rotation": 180, "texture": "#1"},
				"west": {"uv": [5.75, 15, 6.75, 16], "rotation": 180, "texture": "#1"},
				"up": {"uv": [5.75, 15, 6.75, 16], "rotation": 180, "texture": "#1"},
				"down": {"uv": [5.75, 15, 6.75, 16], "rotation": 180, "texture": "#1"}
			}
		},
		{
			"name": "right_arm",
			"from": [23.35056, 0.11111, 10.85278],
			"to": [27.35056, 4.11111, 22.85278],
			"rotation": {"angle": -22.5, "axis": "y", "origin": [7.5, 1, 5]},
			"faces": {
				"north": {"uv": [13, 4, 12, 5], "rotation": 180, "texture": "#1"},
				"east": {"uv": [10, 5, 11, 8], "rotation": 270, "texture": "#1"},
				"south": {"uv": [12, 5, 11, 4], "texture": "#1"},
				"west": {"uv": [12, 5, 13, 8], "rotation": 90, "texture": "#1"},
				"up": {"uv": [11, 5, 12, 8], "rotation": 180, "texture": "#1"},
				"down": {"uv": [13, 5, 14, 8], "texture": "#1"}
			}
		},
		{
			"name": "right_arm_2nd_layer",
			"from": [16.85056, 10.41111, 9.95278],
			"to": [21.84056, 15.61111, 22.85278],
			"rotation": {"angle": 0, "axis": "y", "origin": [7.5, 1, 5]},
			"faces": {
				"north": {"uv": [13, 8, 12, 9], "rotation": 180, "texture": "#1"},
				"east": {"uv": [10, 9, 11, 12], "rotation": 270, "texture": "#1"},
				"south": {"uv": [12, 9, 11, 8], "texture": "#1"},
				"west": {"uv": [12, 9, 13, 12], "rotation": 90, "texture": "#1"},
				"up": {"uv": [11, 9, 12, 12], "rotation": 180, "texture": "#1"},
				"down": {"uv": [13, 9, 14, 12], "texture": "#1"}
			}
		},
		{
			"from": [16.85056, 10.51111, 9.75278],
			"to": [21.85056, 15.51111, 11.75278],
			"rotation": {"angle": 0, "axis": "y", "origin": [7.5, 1, 5]},
			"faces": {
				"north": {"uv": [5.75, 15, 6.75, 16], "rotation": 180, "texture": "#1"},
				"east": {"uv": [9.25, 15.5, 11.75, 16], "rotation": 270, "texture": "#1"},
				"south": {"uv": [5.75, 15, 6.75, 16], "rotation": 180, "texture": "#1"},
				"west": {"uv": [5.75, 15, 6.75, 16], "rotation": 180, "texture": "#1"},
				"up": {"uv": [5.75, 15, 6.75, 16], "rotation": 180, "texture": "#1"},
				"down": {"uv": [5.75, 15, 6.75, 16], "rotation": 180, "texture": "#1"}
			}
		},
		{
			"from": [17.35056, 11.01111, 9.60278],
			"to": [21.35056, 15.01111, 9.85278],
			"rotation": {"angle": 0, "axis": "y", "origin": [7.5, 1, 5]},
			"faces": {
				"north": {"uv": [6.5, 12.5, 6.75, 13], "rotation": 180, "texture": "#1"},
				"east": {"uv": [6.5, 12.5, 6.75, 13], "rotation": 180, "texture": "#1"},
				"south": {"uv": [6.5, 12.5, 6.75, 13], "rotation": 180, "texture": "#1"},
				"west": {"uv": [6.5, 12.5, 6.75, 13], "rotation": 180, "texture": "#1"},
				"up": {"uv": [6.5, 12.5, 6.75, 13], "rotation": 180, "texture": "#1"},
				"down": {"uv": [6.5, 12.5, 6.75, 13], "rotation": 180, "texture": "#1"}
			}
		},
		{
			"from": [21.10056, 14.26111, 10.10278],
			"to": [22.10056, 15.26111, 11.10278],
			"rotation": {"angle": 0, "axis": "y", "origin": [7.5, 1, 5]},
			"faces": {
				"north": {"uv": [13.75, 15.75, 14, 16], "rotation": 270, "texture": "#1"},
				"east": {"uv": [13.75, 15.75, 14, 16], "rotation": 270, "texture": "#1"},
				"south": {"uv": [13.75, 15.75, 14, 16], "rotation": 270, "texture": "#1"},
				"west": {"uv": [13.75, 15.75, 14, 16], "rotation": 270, "texture": "#1"},
				"up": {"uv": [13.75, 15.75, 14, 16], "rotation": 270, "texture": "#1"},
				"down": {"uv": [13.75, 15.75, 14, 16], "rotation": 270, "texture": "#1"}
			}
		},
		{
			"from": [21.10056, 13.06111, 10.10278],
			"to": [22.10056, 14.06111, 11.10278],
			"rotation": {"angle": 0, "axis": "y", "origin": [7.5, 1, 5]},
			"faces": {
				"north": {"uv": [13.75, 15.75, 14, 16], "rotation": 270, "texture": "#1"},
				"east": {"uv": [13.75, 15.75, 14, 16], "rotation": 270, "texture": "#1"},
				"south": {"uv": [13.75, 15.75, 14, 16], "rotation": 270, "texture": "#1"},
				"west": {"uv": [13.75, 15.75, 14, 16], "rotation": 270, "texture": "#1"},
				"up": {"uv": [13.75, 15.75, 14, 16], "rotation": 270, "texture": "#1"},
				"down": {"uv": [13.75, 15.75, 14, 16], "rotation": 270, "texture": "#1"}
			}
		},
		{
			"from": [21.10056, 11.86111, 10.10278],
			"to": [22.10056, 12.86111, 11.10278],
			"rotation": {"angle": 0, "axis": "y", "origin": [7.5, 1, 5]},
			"faces": {
				"north": {"uv": [13.75, 15.75, 14, 16], "rotation": 270, "texture": "#1"},
				"east": {"uv": [13.75, 15.75, 14, 16], "rotation": 270, "texture": "#1"},
				"south": {"uv": [13.75, 15.75, 14, 16], "rotation": 270, "texture": "#1"},
				"west": {"uv": [13.75, 15.75, 14, 16], "rotation": 270, "texture": "#1"},
				"up": {"uv": [13.75, 15.75, 14, 16], "rotation": 270, "texture": "#1"},
				"down": {"uv": [13.75, 15.75, 14, 16], "rotation": 270, "texture": "#1"}
			}
		},
		{
			"from": [21.10056, 10.66111, 10.10278],
			"to": [22.10056, 11.66111, 11.10278],
			"rotation": {"angle": 0, "axis": "y", "origin": [7.5, 1, 5]},
			"faces": {
				"north": {"uv": [13.75, 15.75, 14, 16], "rotation": 270, "texture": "#1"},
				"east": {"uv": [13.75, 15.75, 14, 16], "rotation": 270, "texture": "#1"},
				"south": {"uv": [13.75, 15.75, 14, 16], "rotation": 270, "texture": "#1"},
				"west": {"uv": [13.75, 15.75, 14, 16], "rotation": 270, "texture": "#1"},
				"up": {"uv": [13.75, 15.75, 14, 16], "rotation": 270, "texture": "#1"},
				"down": {"uv": [13.75, 15.75, 14, 16], "rotation": 270, "texture": "#1"}
			}
		},
		{
			"from": [19.85056, 10.71111, 11.85278],
			"to": [21.55056, 15.31111, 13.85278],
			"rotation": {"angle": 0, "axis": "y", "origin": [7.5, 1, 5]},
			"faces": {
				"north": {"uv": [0, 0, 1.7, 4.6], "rotation": 180, "texture": "#1"},
				"east": {"uv": [9.75, 15.75, 11.25, 16], "rotation": 270, "texture": "#1"},
				"south": {"uv": [5.75, 15, 6.75, 16], "rotation": 180, "texture": "#1"},
				"west": {"uv": [5.75, 15, 6.75, 16], "rotation": 180, "texture": "#1"},
				"up": {"uv": [5.75, 15, 6.75, 16], "rotation": 180, "texture": "#1"},
				"down": {"uv": [5.75, 15, 6.75, 16], "rotation": 180, "texture": "#1"}
			}
		},
		{
			"name": "right_arm",
			"from": [17.35056, 11.11111, 9.85278],
			"to": [21.35056, 15.11111, 21.85278],
			"rotation": {"angle": 0, "axis": "y", "origin": [7.5, 1, 5]},
			"faces": {
				"north": {"uv": [13, 4, 12, 5], "rotation": 180, "texture": "#1"},
				"east": {"uv": [10, 5, 11, 8], "rotation": 270, "texture": "#1"},
				"south": {"uv": [12, 5, 11, 4], "texture": "#1"},
				"west": {"uv": [12, 5, 13, 8], "rotation": 90, "texture": "#1"},
				"up": {"uv": [11, 5, 12, 8], "rotation": 180, "texture": "#1"},
				"down": {"uv": [13, 5, 14, 8], "texture": "#1"}
			}
		},
		{
			"name": "right_arm_2nd_layer",
			"from": [22.85056, 19.41111, 10.95278],
			"to": [27.84056, 24.61111, 23.85278],
			"rotation": {"angle": -22.5, "axis": "y", "origin": [7.5, 1, 5]},
			"faces": {
				"north": {"uv": [13, 8, 12, 9], "rotation": 180, "texture": "#1"},
				"east": {"uv": [10, 9, 11, 12], "rotation": 270, "texture": "#1"},
				"south": {"uv": [12, 9, 11, 8], "texture": "#1"},
				"west": {"uv": [12, 9, 13, 12], "rotation": 90, "texture": "#1"},
				"up": {"uv": [11, 9, 12, 12], "rotation": 180, "texture": "#1"},
				"down": {"uv": [13, 9, 14, 12], "texture": "#1"}
			}
		},
		{
			"from": [22.65056, 19.31111, 10.75278],
			"to": [28.05056, 24.71111, 12.75278],
			"rotation": {"angle": -22.5, "axis": "y", "origin": [7.5, 1, 5]},
			"faces": {
				"north": {"uv": [5.75, 15, 6.75, 16], "rotation": 180, "texture": "#1"},
				"east": {"uv": [9.25, 15.5, 11.75, 16], "rotation": 270, "texture": "#1"},
				"south": {"uv": [5.75, 15, 6.75, 16], "rotation": 180, "texture": "#1"},
				"west": {"uv": [5.75, 15, 6.75, 16], "rotation": 180, "texture": "#1"},
				"up": {"uv": [5.75, 15, 6.75, 16], "rotation": 180, "texture": "#1"},
				"down": {"uv": [5.75, 15, 6.75, 16], "rotation": 180, "texture": "#1"}
			}
		},
		{
			"from": [23.35056, 20.01111, 10.60278],
			"to": [27.35056, 24.01111, 10.85278],
			"rotation": {"angle": -22.5, "axis": "y", "origin": [7.5, 1, 5]},
			"faces": {
				"north": {"uv": [6.5, 12.5, 6.75, 13], "rotation": 180, "texture": "#1"},
				"east": {"uv": [6.5, 12.5, 6.75, 13], "rotation": 180, "texture": "#1"},
				"south": {"uv": [6.5, 12.5, 6.75, 13], "rotation": 180, "texture": "#1"},
				"west": {"uv": [6.5, 12.5, 6.75, 13], "rotation": 180, "texture": "#1"},
				"up": {"uv": [6.5, 12.5, 6.75, 13], "rotation": 180, "texture": "#1"},
				"down": {"uv": [6.5, 12.5, 6.75, 13], "rotation": 180, "texture": "#1"}
			}
		},
		{
			"from": [27.10056, 23.26111, 11.10278],
			"to": [28.10056, 24.26111, 12.10278],
			"rotation": {"angle": -22.5, "axis": "y", "origin": [7.5, 1, 5]},
			"faces": {
				"north": {"uv": [13.75, 15.75, 14, 16], "rotation": 270, "texture": "#1"},
				"east": {"uv": [13.75, 15.75, 14, 16], "rotation": 270, "texture": "#1"},
				"south": {"uv": [13.75, 15.75, 14, 16], "rotation": 270, "texture": "#1"},
				"west": {"uv": [13.75, 15.75, 14, 16], "rotation": 270, "texture": "#1"},
				"up": {"uv": [13.75, 15.75, 14, 16], "rotation": 270, "texture": "#1"},
				"down": {"uv": [13.75, 15.75, 14, 16], "rotation": 270, "texture": "#1"}
			}
		},
		{
			"from": [27.10056, 22.06111, 11.10278],
			"to": [28.10056, 23.06111, 12.10278],
			"rotation": {"angle": -22.5, "axis": "y", "origin": [7.5, 1, 5]},
			"faces": {
				"north": {"uv": [13.75, 15.75, 14, 16], "rotation": 270, "texture": "#1"},
				"east": {"uv": [13.75, 15.75, 14, 16], "rotation": 270, "texture": "#1"},
				"south": {"uv": [13.75, 15.75, 14, 16], "rotation": 270, "texture": "#1"},
				"west": {"uv": [13.75, 15.75, 14, 16], "rotation": 270, "texture": "#1"},
				"up": {"uv": [13.75, 15.75, 14, 16], "rotation": 270, "texture": "#1"},
				"down": {"uv": [13.75, 15.75, 14, 16], "rotation": 270, "texture": "#1"}
			}
		},
		{
			"from": [27.10056, 20.86111, 11.10278],
			"to": [28.10056, 21.86111, 12.10278],
			"rotation": {"angle": -22.5, "axis": "y", "origin": [7.5, 1, 5]},
			"faces": {
				"north": {"uv": [13.75, 15.75, 14, 16], "rotation": 270, "texture": "#1"},
				"east": {"uv": [13.75, 15.75, 14, 16], "rotation": 270, "texture": "#1"},
				"south": {"uv": [13.75, 15.75, 14, 16], "rotation": 270, "texture": "#1"},
				"west": {"uv": [13.75, 15.75, 14, 16], "rotation": 270, "texture": "#1"},
				"up": {"uv": [13.75, 15.75, 14, 16], "rotation": 270, "texture": "#1"},
				"down": {"uv": [13.75, 15.75, 14, 16], "rotation": 270, "texture": "#1"}
			}
		},
		{
			"from": [27.10056, 19.66111, 11.10278],
			"to": [28.10056, 20.66111, 12.10278],
			"rotation": {"angle": -22.5, "axis": "y", "origin": [7.5, 1, 5]},
			"faces": {
				"north": {"uv": [13.75, 15.75, 14, 16], "rotation": 270, "texture": "#1"},
				"east": {"uv": [13.75, 15.75, 14, 16], "rotation": 270, "texture": "#1"},
				"south": {"uv": [13.75, 15.75, 14, 16], "rotation": 270, "texture": "#1"},
				"west": {"uv": [13.75, 15.75, 14, 16], "rotation": 270, "texture": "#1"},
				"up": {"uv": [13.75, 15.75, 14, 16], "rotation": 270, "texture": "#1"},
				"down": {"uv": [13.75, 15.75, 14, 16], "rotation": 270, "texture": "#1"}
			}
		},
		{
			"from": [25.85056, 19.71111, 12.85278],
			"to": [27.55056, 24.31111, 14.85278],
			"rotation": {"angle": -22.5, "axis": "y", "origin": [7.5, 1, 5]},
			"faces": {
				"north": {"uv": [0, 0, 1.7, 4.6], "rotation": 180, "texture": "#1"},
				"east": {"uv": [9.75, 15.75, 11.25, 16], "rotation": 270, "texture": "#1"},
				"south": {"uv": [5.75, 15, 6.75, 16], "rotation": 180, "texture": "#1"},
				"west": {"uv": [5.75, 15, 6.75, 16], "rotation": 180, "texture": "#1"},
				"up": {"uv": [5.75, 15, 6.75, 16], "rotation": 180, "texture": "#1"},
				"down": {"uv": [5.75, 15, 6.75, 16], "rotation": 180, "texture": "#1"}
			}
		},
		{
			"name": "right_arm",
			"from": [23.35056, 20.11111, 10.85278],
			"to": [27.35056, 24.11111, 22.85278],
			"rotation": {"angle": -22.5, "axis": "y", "origin": [7.5, 1, 5]},
			"faces": {
				"north": {"uv": [13, 4, 12, 5], "rotation": 180, "texture": "#1"},
				"east": {"uv": [10, 5, 11, 8], "rotation": 270, "texture": "#1"},
				"south": {"uv": [12, 5, 11, 4], "texture": "#1"},
				"west": {"uv": [12, 5, 13, 8], "rotation": 90, "texture": "#1"},
				"up": {"uv": [11, 5, 12, 8], "rotation": 180, "texture": "#1"},
				"down": {"uv": [13, 5, 14, 8], "texture": "#1"}
			}
		},
		{
			"name": "right_arm_2nd_layer",
			"from": [-1.40553, 3.38889, 0.1746],
			"to": [3.58447, 8.58889, 13.0746],
			"rotation": {"angle": 0, "axis": "y", "origin": [9.93503, 8, -5.77817]},
			"faces": {
				"north": {"uv": [13, 8, 12, 9], "texture": "#1"},
				"east": {"uv": [12, 9, 13, 12], "rotation": 270, "texture": "#1"},
				"south": {"uv": [12, 9, 11, 8], "rotation": 180, "texture": "#1"},
				"west": {"uv": [10, 9, 11, 12], "rotation": 90, "texture": "#1"},
				"up": {"uv": [13, 9, 14, 12], "rotation": 180, "texture": "#1"},
				"down": {"uv": [11, 9, 12, 12], "texture": "#1"}
			}
		},
		{
			"from": [-1.41553, 3.48889, -0.0254],
			"to": [3.58447, 8.48889, 1.9746],
			"rotation": {"angle": 0, "axis": "y", "origin": [9.93503, 8, -5.77817]},
			"faces": {
				"north": {"uv": [5.75, 15, 6.75, 16], "texture": "#1"},
				"east": {"uv": [5.75, 15, 6.75, 16], "texture": "#1"},
				"south": {"uv": [5.75, 15, 6.75, 16], "texture": "#1"},
				"west": {"uv": [9.25, 15.5, 11.75, 16], "rotation": 90, "texture": "#1"},
				"up": {"uv": [5.75, 15, 6.75, 16], "texture": "#1"},
				"down": {"uv": [5.75, 15, 6.75, 16], "texture": "#1"}
			}
		},
		{
			"from": [-0.91553, 3.98889, -0.1754],
			"to": [3.08447, 7.98889, 0.0746],
			"rotation": {"angle": 0, "axis": "y", "origin": [9.93503, 8, -5.77817]},
			"faces": {
				"north": {"uv": [6.5, 12.5, 6.75, 13], "texture": "#1"},
				"east": {"uv": [6.5, 12.5, 6.75, 13], "texture": "#1"},
				"south": {"uv": [6.5, 12.5, 6.75, 13], "texture": "#1"},
				"west": {"uv": [6.5, 12.5, 6.75, 13], "texture": "#1"},
				"up": {"uv": [6.5, 12.5, 6.75, 13], "texture": "#1"},
				"down": {"uv": [6.5, 12.5, 6.75, 13], "texture": "#1"}
			}
		},
		{
			"from": [-1.66553, 3.73889, 0.3246],
			"to": [-0.66553, 4.73889, 1.3246],
			"rotation": {"angle": 0, "axis": "y", "origin": [9.93503, 8, -5.77817]},
			"faces": {
				"north": {"uv": [13.75, 15.75, 14, 16], "rotation": 90, "texture": "#1"},
				"east": {"uv": [13.75, 15.75, 14, 16], "rotation": 90, "texture": "#1"},
				"south": {"uv": [13.75, 15.75, 14, 16], "rotation": 90, "texture": "#1"},
				"west": {"uv": [13.75, 15.75, 14, 16], "rotation": 90, "texture": "#1"},
				"up": {"uv": [13.75, 15.75, 14, 16], "rotation": 90, "texture": "#1"},
				"down": {"uv": [13.75, 15.75, 14, 16], "rotation": 90, "texture": "#1"}
			}
		},
		{
			"from": [-1.66553, 4.93889, 0.3246],
			"to": [-0.66553, 5.93889, 1.3246],
			"rotation": {"angle": 0, "axis": "y", "origin": [9.93503, 8, -5.77817]},
			"faces": {
				"north": {"uv": [13.75, 15.75, 14, 16], "rotation": 90, "texture": "#1"},
				"east": {"uv": [13.75, 15.75, 14, 16], "rotation": 90, "texture": "#1"},
				"south": {"uv": [13.75, 15.75, 14, 16], "rotation": 90, "texture": "#1"},
				"west": {"uv": [13.75, 15.75, 14, 16], "rotation": 90, "texture": "#1"},
				"up": {"uv": [13.75, 15.75, 14, 16], "rotation": 90, "texture": "#1"},
				"down": {"uv": [13.75, 15.75, 14, 16], "rotation": 90, "texture": "#1"}
			}
		},
		{
			"from": [-1.66553, 6.13889, 0.3246],
			"to": [-0.66553, 7.13889, 1.3246],
			"rotation": {"angle": 0, "axis": "y", "origin": [9.93503, 8, -5.77817]},
			"faces": {
				"north": {"uv": [13.75, 15.75, 14, 16], "rotation": 90, "texture": "#1"},
				"east": {"uv": [13.75, 15.75, 14, 16], "rotation": 90, "texture": "#1"},
				"south": {"uv": [13.75, 15.75, 14, 16], "rotation": 90, "texture": "#1"},
				"west": {"uv": [13.75, 15.75, 14, 16], "rotation": 90, "texture": "#1"},
				"up": {"uv": [13.75, 15.75, 14, 16], "rotation": 90, "texture": "#1"},
				"down": {"uv": [13.75, 15.75, 14, 16], "rotation": 90, "texture": "#1"}
			}
		},
		{
			"from": [-1.66553, 7.33889, 0.3246],
			"to": [-0.66553, 8.33889, 1.3246],
			"rotation": {"angle": 0, "axis": "y", "origin": [9.93503, 8, -5.77817]},
			"faces": {
				"north": {"uv": [13.75, 15.75, 14, 16], "rotation": 90, "texture": "#1"},
				"east": {"uv": [13.75, 15.75, 14, 16], "rotation": 90, "texture": "#1"},
				"south": {"uv": [13.75, 15.75, 14, 16], "rotation": 90, "texture": "#1"},
				"west": {"uv": [13.75, 15.75, 14, 16], "rotation": 90, "texture": "#1"},
				"up": {"uv": [13.75, 15.75, 14, 16], "rotation": 90, "texture": "#1"},
				"down": {"uv": [13.75, 15.75, 14, 16], "rotation": 90, "texture": "#1"}
			}
		},
		{
			"from": [-1.11553, 3.68889, 2.0746],
			"to": [0.58447, 8.28889, 4.0746],
			"rotation": {"angle": 0, "axis": "y", "origin": [9.93503, 8, -5.77817]},
			"faces": {
				"north": {"uv": [0, 0, 1.7, 4.6], "texture": "#1"},
				"east": {"uv": [5.75, 15, 6.75, 16], "texture": "#1"},
				"south": {"uv": [5.75, 15, 6.75, 16], "texture": "#1"},
				"west": {"uv": [9.75, 15.75, 11.25, 16], "rotation": 90, "texture": "#1"},
				"up": {"uv": [5.75, 15, 6.75, 16], "texture": "#1"},
				"down": {"uv": [5.75, 15, 6.75, 16], "texture": "#1"}
			}
		},
		{
			"name": "right_arm",
			"from": [-0.91553, 3.88889, 0.0746],
			"to": [3.08447, 7.88889, 12.0746],
			"rotation": {"angle": 0, "axis": "y", "origin": [9.93503, 8, -5.77817]},
			"faces": {
				"north": {"uv": [13, 4, 12, 5], "texture": "#1"},
				"east": {"uv": [12, 5, 13, 8], "rotation": 270, "texture": "#1"},
				"south": {"uv": [12, 5, 11, 4], "rotation": 180, "texture": "#1"},
				"west": {"uv": [10, 5, 11, 8], "rotation": 90, "texture": "#1"},
				"up": {"uv": [13, 5, 14, 8], "rotation": 180, "texture": "#1"},
				"down": {"uv": [11, 5, 12, 8], "texture": "#1"}
			}
		},
		{
			"name": "right_arm_2nd_layer",
			"from": [-5.83673, -2.47511, 14.41022],
			"to": [-1.64513, 1.89289, 25.24622],
			"rotation": {"angle": 22.5, "axis": "z", "origin": [-2.71067, 3.71822, 5.12989]},
			"faces": {
				"north": {"uv": [13, 8, 12, 9], "texture": "#1"},
				"east": {"uv": [12, 9, 13, 12], "rotation": 270, "texture": "#1"},
				"south": {"uv": [12, 9, 11, 8], "rotation": 180, "texture": "#1"},
				"west": {"uv": [10, 9, 11, 12], "rotation": 90, "texture": "#1"},
				"up": {"uv": [13, 9, 14, 12], "rotation": 180, "texture": "#1"},
				"down": {"uv": [11, 9, 12, 12], "texture": "#1"}
			}
		},
		{
			"from": [-5.84513, -2.39111, 14.24222],
			"to": [-1.64513, 1.80889, 15.92222],
			"rotation": {"angle": 22.5, "axis": "z", "origin": [-2.71067, 3.71822, 5.12989]},
			"faces": {
				"north": {"uv": [5.75, 15, 6.75, 16], "texture": "#1"},
				"east": {"uv": [5.75, 15, 6.75, 16], "texture": "#1"},
				"south": {"uv": [5.75, 15, 6.75, 16], "texture": "#1"},
				"west": {"uv": [9.25, 15.5, 11.75, 16], "rotation": 90, "texture": "#1"},
				"up": {"uv": [5.75, 15, 6.75, 16], "texture": "#1"},
				"down": {"uv": [5.75, 15, 6.75, 16], "texture": "#1"}
			}
		},
		{
			"from": [-5.42513, -1.97111, 14.11622],
			"to": [-2.06513, 1.38889, 14.32622],
			"rotation": {"angle": 22.5, "axis": "z", "origin": [-2.71067, 3.71822, 5.12989]},
			"faces": {
				"north": {"uv": [6.5, 12.5, 6.75, 13], "texture": "#1"},
				"east": {"uv": [6.5, 12.5, 6.75, 13], "texture": "#1"},
				"south": {"uv": [6.5, 12.5, 6.75, 13], "texture": "#1"},
				"west": {"uv": [6.5, 12.5, 6.75, 13], "texture": "#1"},
				"up": {"uv": [6.5, 12.5, 6.75, 13], "texture": "#1"},
				"down": {"uv": [6.5, 12.5, 6.75, 13], "texture": "#1"}
			}
		},
		{
			"from": [-6.05513, -2.18111, 14.53622],
			"to": [-5.21513, -1.34111, 15.37622],
			"rotation": {"angle": 22.5, "axis": "z", "origin": [-2.71067, 3.71822, 5.12989]},
			"faces": {
				"north": {"uv": [13.75, 15.75, 14, 16], "rotation": 90, "texture": "#1"},
				"east": {"uv": [13.75, 15.75, 14, 16], "rotation": 90, "texture": "#1"},
				"south": {"uv": [13.75, 15.75, 14, 16], "rotation": 90, "texture": "#1"},
				"west": {"uv": [13.75, 15.75, 14, 16], "rotation": 90, "texture": "#1"},
				"up": {"uv": [13.75, 15.75, 14, 16], "rotation": 90, "texture": "#1"},
				"down": {"uv": [13.75, 15.75, 14, 16], "rotation": 90, "texture": "#1"}
			}
		},
		{
			"from": [-6.05513, -1.17311, 14.53622],
			"to": [-5.21513, -0.33311, 15.37622],
			"rotation": {"angle": 22.5, "axis": "z", "origin": [-2.71067, 3.71822, 5.12989]},
			"faces": {
				"north": {"uv": [13.75, 15.75, 14, 16], "rotation": 90, "texture": "#1"},
				"east": {"uv": [13.75, 15.75, 14, 16], "rotation": 90, "texture": "#1"},
				"south": {"uv": [13.75, 15.75, 14, 16], "rotation": 90, "texture": "#1"},
				"west": {"uv": [13.75, 15.75, 14, 16], "rotation": 90, "texture": "#1"},
				"up": {"uv": [13.75, 15.75, 14, 16], "rotation": 90, "texture": "#1"},
				"down": {"uv": [13.75, 15.75, 14, 16], "rotation": 90, "texture": "#1"}
			}
		},
		{
			"from": [-6.05513, -0.16511, 14.53622],
			"to": [-5.21513, 0.67489, 15.37622],
			"rotation": {"angle": 22.5, "axis": "z", "origin": [-2.71067, 3.71822, 5.12989]},
			"faces": {
				"north": {"uv": [13.75, 15.75, 14, 16], "rotation": 90, "texture": "#1"},
				"east": {"uv": [13.75, 15.75, 14, 16], "rotation": 90, "texture": "#1"},
				"south": {"uv": [13.75, 15.75, 14, 16], "rotation": 90, "texture": "#1"},
				"west": {"uv": [13.75, 15.75, 14, 16], "rotation": 90, "texture": "#1"},
				"up": {"uv": [13.75, 15.75, 14, 16], "rotation": 90, "texture": "#1"},
				"down": {"uv": [13.75, 15.75, 14, 16], "rotation": 90, "texture": "#1"}
			}
		},
		{
			"from": [-6.05513, 0.84289, 14.53622],
			"to": [-5.21513, 1.68289, 15.37622],
			"rotation": {"angle": 22.5, "axis": "z", "origin": [-2.71067, 3.71822, 5.12989]},
			"faces": {
				"north": {"uv": [13.75, 15.75, 14, 16], "rotation": 90, "texture": "#1"},
				"east": {"uv": [13.75, 15.75, 14, 16], "rotation": 90, "texture": "#1"},
				"south": {"uv": [13.75, 15.75, 14, 16], "rotation": 90, "texture": "#1"},
				"west": {"uv": [13.75, 15.75, 14, 16], "rotation": 90, "texture": "#1"},
				"up": {"uv": [13.75, 15.75, 14, 16], "rotation": 90, "texture": "#1"},
				"down": {"uv": [13.75, 15.75, 14, 16], "rotation": 90, "texture": "#1"}
			}
		},
		{
			"from": [-5.59313, -2.22311, 16.00622],
			"to": [-4.16513, 1.64089, 17.68622],
			"rotation": {"angle": 22.5, "axis": "z", "origin": [-2.71067, 3.71822, 5.12989]},
			"faces": {
				"north": {"uv": [0, 0, 1.7, 4.6], "texture": "#1"},
				"east": {"uv": [5.75, 15, 6.75, 16], "texture": "#1"},
				"south": {"uv": [5.75, 15, 6.75, 16], "texture": "#1"},
				"west": {"uv": [9.75, 15.75, 11.25, 16], "rotation": 90, "texture": "#1"},
				"up": {"uv": [5.75, 15, 6.75, 16], "texture": "#1"},
				"down": {"uv": [5.75, 15, 6.75, 16], "texture": "#1"}
			}
		},
		{
			"name": "right_arm",
			"from": [-5.42513, -2.05511, 14.32622],
			"to": [-2.06513, 1.30489, 24.40622],
			"rotation": {"angle": 22.5, "axis": "z", "origin": [-2.71067, 3.71822, 5.12989]},
			"faces": {
				"north": {"uv": [13, 4, 12, 5], "texture": "#1"},
				"east": {"uv": [12, 5, 13, 8], "rotation": 270, "texture": "#1"},
				"south": {"uv": [12, 5, 11, 4], "rotation": 180, "texture": "#1"},
				"west": {"uv": [10, 5, 11, 8], "rotation": 90, "texture": "#1"},
				"up": {"uv": [13, 5, 14, 8], "rotation": 180, "texture": "#1"},
				"down": {"uv": [11, 5, 12, 8], "texture": "#1"}
			}
		},
		{
			"name": "right_arm_2nd_layer",
			"from": [-12.83673, 10.52489, -12.58978],
			"to": [-8.64513, 14.89289, -1.75378],
			"rotation": {"angle": -45, "axis": "z", "origin": [-2.71067, 3.71822, 5.12989]},
			"faces": {
				"north": {"uv": [13, 8, 12, 9], "texture": "#1"},
				"east": {"uv": [12, 9, 13, 12], "rotation": 270, "texture": "#1"},
				"south": {"uv": [12, 9, 11, 8], "rotation": 180, "texture": "#1"},
				"west": {"uv": [10, 9, 11, 12], "rotation": 90, "texture": "#1"},
				"up": {"uv": [13, 9, 14, 12], "rotation": 180, "texture": "#1"},
				"down": {"uv": [11, 9, 12, 12], "texture": "#1"}
			}
		},
		{
			"from": [-12.84513, 10.60889, -12.75778],
			"to": [-8.64513, 14.80889, -11.07778],
			"rotation": {"angle": -45, "axis": "z", "origin": [-2.71067, 3.71822, 5.12989]},
			"faces": {
				"north": {"uv": [10.5, 14.5, 10.75, 14.75], "rotation": 90, "texture": "#1"},
				"east": {"uv": [10.5, 14.5, 10.75, 14.75], "rotation": 90, "texture": "#1"},
				"south": {"uv": [10.5, 14.5, 10.75, 14.75], "rotation": 90, "texture": "#1"},
				"west": {"uv": [10.5, 14.5, 10.75, 14.75], "rotation": 90, "texture": "#1"},
				"up": {"uv": [10.5, 14.5, 10.75, 14.75], "rotation": 90, "texture": "#1"},
				"down": {"uv": [10.5, 14.5, 10.75, 14.75], "rotation": 90, "texture": "#1"}
			}
		},
		{
			"from": [-9.4937, 14.18889, 4.43907],
			"to": [-3.9937, 19.78889, 6.43907],
			"rotation": {"angle": 0, "axis": "y", "origin": [2.15685, 11, -9.31371]},
			"faces": {
				"north": {"uv": [10.5, 14.5, 10.75, 14.75], "rotation": 90, "texture": "#1"},
				"east": {"uv": [10.5, 14.5, 10.75, 14.75], "rotation": 90, "texture": "#1"},
				"south": {"uv": [10.5, 14.5, 10.75, 14.75], "rotation": 90, "texture": "#1"},
				"west": {"uv": [10.5, 14.5, 10.75, 14.75], "rotation": 90, "texture": "#1"},
				"up": {"uv": [10.5, 14.5, 10.75, 14.75], "rotation": 90, "texture": "#1"},
				"down": {"uv": [10.5, 14.5, 10.75, 14.75], "rotation": 90, "texture": "#1"}
			}
		},
		{
			"from": [-9.4937, 14.18889, 4.43907],
			"to": [-3.9937, 19.78889, 6.43907],
			"rotation": {"angle": 0, "axis": "y", "origin": [2.15685, 11, -9.31371]},
			"faces": {
				"north": {"uv": [10.5, 14.5, 10.75, 14.75], "rotation": 90, "texture": "#1"},
				"east": {"uv": [10.5, 14.5, 10.75, 14.75], "rotation": 90, "texture": "#1"},
				"south": {"uv": [10.5, 14.5, 10.75, 14.75], "rotation": 90, "texture": "#1"},
				"west": {"uv": [10.5, 14.5, 10.75, 14.75], "rotation": 90, "texture": "#1"},
				"up": {"uv": [10.5, 14.5, 10.75, 14.75], "rotation": 90, "texture": "#1"},
				"down": {"uv": [10.5, 14.5, 10.75, 14.75], "rotation": 90, "texture": "#1"}
			}
		},
		{
			"from": [-12.42513, 11.02889, -12.88378],
			"to": [-9.06513, 14.38889, -12.67378],
			"rotation": {"angle": -45, "axis": "z", "origin": [-2.71067, 3.71822, 5.12989]},
			"faces": {
				"north": {"uv": [4.5, 1, 5.5, 2], "texture": "#1"},
				"east": {"uv": [6.5, 12.5, 6.75, 13], "texture": "#1"},
				"south": {"uv": [6.5, 12.5, 6.75, 13], "texture": "#1"},
				"west": {"uv": [6.5, 12.5, 6.75, 13], "texture": "#1"},
				"up": {"uv": [6.5, 12.5, 6.75, 13], "texture": "#1"},
				"down": {"uv": [6.5, 12.5, 6.75, 13], "texture": "#1"}
			}
		},
		{
			"from": [-13.05513, 10.81889, -12.46378],
			"to": [-12.21513, 11.65889, -11.62378],
			"rotation": {"angle": -45, "axis": "z", "origin": [-2.71067, 3.71822, 5.12989]},
			"faces": {
				"north": {"uv": [13.75, 15.75, 14, 16], "rotation": 90, "texture": "#1"},
				"east": {"uv": [13.75, 15.75, 14, 16], "rotation": 90, "texture": "#1"},
				"south": {"uv": [13.75, 15.75, 14, 16], "rotation": 90, "texture": "#1"},
				"west": {"uv": [13.75, 15.75, 14, 16], "rotation": 90, "texture": "#1"},
				"up": {"uv": [13.75, 15.75, 14, 16], "rotation": 90, "texture": "#1"},
				"down": {"uv": [13.75, 15.75, 14, 16], "rotation": 90, "texture": "#1"}
			}
		},
		{
			"from": [-13.05513, 11.82689, -12.46378],
			"to": [-12.21513, 12.66689, -11.62378],
			"rotation": {"angle": -45, "axis": "z", "origin": [-2.71067, 3.71822, 5.12989]},
			"faces": {
				"north": {"uv": [13.75, 15.75, 14, 16], "rotation": 90, "texture": "#1"},
				"east": {"uv": [13.75, 15.75, 14, 16], "rotation": 90, "texture": "#1"},
				"south": {"uv": [13.75, 15.75, 14, 16], "rotation": 90, "texture": "#1"},
				"west": {"uv": [13.75, 15.75, 14, 16], "rotation": 90, "texture": "#1"},
				"up": {"uv": [13.75, 15.75, 14, 16], "rotation": 90, "texture": "#1"},
				"down": {"uv": [13.75, 15.75, 14, 16], "rotation": 90, "texture": "#1"}
			}
		},
		{
			"from": [-13.05513, 12.83489, -12.46378],
			"to": [-12.21513, 13.67489, -11.62378],
			"rotation": {"angle": -45, "axis": "z", "origin": [-2.71067, 3.71822, 5.12989]},
			"faces": {
				"north": {"uv": [13.75, 15.75, 14, 16], "rotation": 90, "texture": "#1"},
				"east": {"uv": [13.75, 15.75, 14, 16], "rotation": 90, "texture": "#1"},
				"south": {"uv": [13.75, 15.75, 14, 16], "rotation": 90, "texture": "#1"},
				"west": {"uv": [13.75, 15.75, 14, 16], "rotation": 90, "texture": "#1"},
				"up": {"uv": [13.75, 15.75, 14, 16], "rotation": 90, "texture": "#1"},
				"down": {"uv": [13.75, 15.75, 14, 16], "rotation": 90, "texture": "#1"}
			}
		},
		{
			"from": [-13.05513, 13.84289, -12.46378],
			"to": [-12.21513, 14.68289, -11.62378],
			"rotation": {"angle": -45, "axis": "z", "origin": [-2.71067, 3.71822, 5.12989]},
			"faces": {
				"north": {"uv": [13.75, 15.75, 14, 16], "rotation": 90, "texture": "#1"},
				"east": {"uv": [13.75, 15.75, 14, 16], "rotation": 90, "texture": "#1"},
				"south": {"uv": [13.75, 15.75, 14, 16], "rotation": 90, "texture": "#1"},
				"west": {"uv": [13.75, 15.75, 14, 16], "rotation": 90, "texture": "#1"},
				"up": {"uv": [13.75, 15.75, 14, 16], "rotation": 90, "texture": "#1"},
				"down": {"uv": [13.75, 15.75, 14, 16], "rotation": 90, "texture": "#1"}
			}
		},
		{
			"from": [-12.59313, 10.77689, -10.99378],
			"to": [-11.16513, 14.64089, -9.31378],
			"rotation": {"angle": -45, "axis": "z", "origin": [-2.71067, 3.71822, 5.12989]},
			"faces": {
				"north": {"uv": [0, 0, 1.7, 4.6], "texture": "#1"},
				"east": {"uv": [5.75, 15, 6.75, 16], "texture": "#1"},
				"south": {"uv": [5.75, 15, 6.75, 16], "texture": "#1"},
				"west": {"uv": [9.75, 15.75, 11.25, 16], "rotation": 90, "texture": "#1"},
				"up": {"uv": [5.75, 15, 6.75, 16], "texture": "#1"},
				"down": {"uv": [5.75, 15, 6.75, 16], "texture": "#1"}
			}
		},
		{
			"name": "right_arm",
			"from": [-12.42513, 10.94489, -12.67378],
			"to": [-9.06513, 14.30489, -2.59378],
			"rotation": {"angle": -45, "axis": "z", "origin": [-2.71067, 3.71822, 5.12989]},
			"faces": {
				"north": {"uv": [13, 4, 12, 5], "texture": "#1"},
				"east": {"uv": [8.75, 5, 9.75, 8], "rotation": 270, "texture": "#1"},
				"south": {"uv": [12, 5, 11, 4], "rotation": 180, "texture": "#1"},
				"west": {"uv": [10, 5, 11, 8], "rotation": 90, "texture": "#1"},
				"up": {"uv": [13, 5, 14, 8], "rotation": 180, "texture": "#1"},
				"down": {"uv": [11, 5, 12, 8], "texture": "#1"}
			}
		},
		{
			"name": "right_arm_2nd_layer",
			"from": [-1.40553, -5.61111, -0.8254],
			"to": [3.58447, -0.41111, 12.0746],
			"rotation": {"angle": -22.5, "axis": "y", "origin": [9.93503, 8, -5.77817]},
			"faces": {
				"north": {"uv": [13, 8, 12, 9], "texture": "#1"},
				"east": {"uv": [12, 9, 13, 12], "rotation": 270, "texture": "#1"},
				"south": {"uv": [12, 9, 11, 8], "rotation": 180, "texture": "#1"},
				"west": {"uv": [10, 9, 11, 12], "rotation": 90, "texture": "#1"},
				"up": {"uv": [13, 9, 14, 12], "rotation": 180, "texture": "#1"},
				"down": {"uv": [11, 9, 12, 12], "texture": "#1"}
			}
		},
		{
			"from": [-1.41553, -5.51111, -1.0254],
			"to": [3.58447, -0.51111, 0.9746],
			"rotation": {"angle": -22.5, "axis": "y", "origin": [9.93503, 8, -5.77817]},
			"faces": {
				"north": {"uv": [5.75, 15, 6.75, 16], "texture": "#1"},
				"east": {"uv": [5.75, 15, 6.75, 16], "texture": "#1"},
				"south": {"uv": [5.75, 15, 6.75, 16], "texture": "#1"},
				"west": {"uv": [9.25, 15.5, 11.75, 16], "rotation": 90, "texture": "#1"},
				"up": {"uv": [5.75, 15, 6.75, 16], "texture": "#1"},
				"down": {"uv": [5.75, 15, 6.75, 16], "texture": "#1"}
			}
		},
		{
			"from": [-0.91553, -5.01111, -1.1754],
			"to": [3.08447, -1.01111, -0.9254],
			"rotation": {"angle": -22.5, "axis": "y", "origin": [9.93503, 8, -5.77817]},
			"faces": {
				"north": {"uv": [6.5, 12.5, 6.75, 13], "texture": "#1"},
				"east": {"uv": [6.5, 12.5, 6.75, 13], "texture": "#1"},
				"south": {"uv": [6.5, 12.5, 6.75, 13], "texture": "#1"},
				"west": {"uv": [6.5, 12.5, 6.75, 13], "texture": "#1"},
				"up": {"uv": [6.5, 12.5, 6.75, 13], "texture": "#1"},
				"down": {"uv": [6.5, 12.5, 6.75, 13], "texture": "#1"}
			}
		},
		{
			"from": [-1.66553, -5.26111, -0.6754],
			"to": [-0.66553, -4.26111, 0.3246],
			"rotation": {"angle": -22.5, "axis": "y", "origin": [9.93503, 8, -5.77817]},
			"faces": {
				"north": {"uv": [13.75, 15.75, 14, 16], "rotation": 90, "texture": "#1"},
				"east": {"uv": [13.75, 15.75, 14, 16], "rotation": 90, "texture": "#1"},
				"south": {"uv": [13.75, 15.75, 14, 16], "rotation": 90, "texture": "#1"},
				"west": {"uv": [13.75, 15.75, 14, 16], "rotation": 90, "texture": "#1"},
				"up": {"uv": [13.75, 15.75, 14, 16], "rotation": 90, "texture": "#1"},
				"down": {"uv": [13.75, 15.75, 14, 16], "rotation": 90, "texture": "#1"}
			}
		},
		{
			"from": [-1.66553, -4.06111, -0.6754],
			"to": [-0.66553, -3.06111, 0.3246],
			"rotation": {"angle": -22.5, "axis": "y", "origin": [9.93503, 8, -5.77817]},
			"faces": {
				"north": {"uv": [13.75, 15.75, 14, 16], "rotation": 90, "texture": "#1"},
				"east": {"uv": [13.75, 15.75, 14, 16], "rotation": 90, "texture": "#1"},
				"south": {"uv": [13.75, 15.75, 14, 16], "rotation": 90, "texture": "#1"},
				"west": {"uv": [13.75, 15.75, 14, 16], "rotation": 90, "texture": "#1"},
				"up": {"uv": [13.75, 15.75, 14, 16], "rotation": 90, "texture": "#1"},
				"down": {"uv": [13.75, 15.75, 14, 16], "rotation": 90, "texture": "#1"}
			}
		},
		{
			"from": [-1.66553, -2.86111, -0.6754],
			"to": [-0.66553, -1.86111, 0.3246],
			"rotation": {"angle": -22.5, "axis": "y", "origin": [9.93503, 8, -5.77817]},
			"faces": {
				"north": {"uv": [13.75, 15.75, 14, 16], "rotation": 90, "texture": "#1"},
				"east": {"uv": [13.75, 15.75, 14, 16], "rotation": 90, "texture": "#1"},
				"south": {"uv": [13.75, 15.75, 14, 16], "rotation": 90, "texture": "#1"},
				"west": {"uv": [13.75, 15.75, 14, 16], "rotation": 90, "texture": "#1"},
				"up": {"uv": [13.75, 15.75, 14, 16], "rotation": 90, "texture": "#1"},
				"down": {"uv": [13.75, 15.75, 14, 16], "rotation": 90, "texture": "#1"}
			}
		},
		{
			"from": [-1.66553, -1.66111, -0.6754],
			"to": [-0.66553, -0.66111, 0.3246],
			"rotation": {"angle": -22.5, "axis": "y", "origin": [9.93503, 8, -5.77817]},
			"faces": {
				"north": {"uv": [13.75, 15.75, 14, 16], "rotation": 90, "texture": "#1"},
				"east": {"uv": [13.75, 15.75, 14, 16], "rotation": 90, "texture": "#1"},
				"south": {"uv": [13.75, 15.75, 14, 16], "rotation": 90, "texture": "#1"},
				"west": {"uv": [13.75, 15.75, 14, 16], "rotation": 90, "texture": "#1"},
				"up": {"uv": [13.75, 15.75, 14, 16], "rotation": 90, "texture": "#1"},
				"down": {"uv": [13.75, 15.75, 14, 16], "rotation": 90, "texture": "#1"}
			}
		},
		{
			"from": [-1.11553, -5.31111, 1.0746],
			"to": [0.58447, -0.71111, 3.0746],
			"rotation": {"angle": -22.5, "axis": "y", "origin": [9.93503, 8, -5.77817]},
			"faces": {
				"north": {"uv": [0, 0, 1.7, 4.6], "texture": "#1"},
				"east": {"uv": [5.75, 15, 6.75, 16], "texture": "#1"},
				"south": {"uv": [5.75, 15, 6.75, 16], "texture": "#1"},
				"west": {"uv": [9.75, 15.75, 11.25, 16], "rotation": 90, "texture": "#1"},
				"up": {"uv": [5.75, 15, 6.75, 16], "texture": "#1"},
				"down": {"uv": [5.75, 15, 6.75, 16], "texture": "#1"}
			}
		},
		{
			"name": "right_arm",
			"from": [-0.91553, -5.11111, -0.9254],
			"to": [3.08447, -1.11111, 11.0746],
			"rotation": {"angle": -22.5, "axis": "y", "origin": [9.93503, 8, -5.77817]},
			"faces": {
				"north": {"uv": [13, 4, 12, 5], "texture": "#1"},
				"east": {"uv": [12, 5, 13, 8], "rotation": 270, "texture": "#1"},
				"south": {"uv": [12, 5, 11, 4], "rotation": 180, "texture": "#1"},
				"west": {"uv": [10, 5, 11, 8], "rotation": 90, "texture": "#1"},
				"up": {"uv": [13, 5, 14, 8], "rotation": 180, "texture": "#1"},
				"down": {"uv": [11, 5, 12, 8], "texture": "#1"}
			}
		},
		{
			"name": "right_arm_2nd_layer",
			"from": [-14.40553, 9.38889, 8.1746],
			"to": [-9.41553, 14.58889, 21.0746],
			"rotation": {"angle": 22.5, "axis": "y", "origin": [9.93503, 8, -5.77817]},
			"faces": {
				"north": {"uv": [13, 8, 12, 9], "texture": "#1"},
				"east": {"uv": [12, 9, 13, 12], "rotation": 270, "texture": "#1"},
				"south": {"uv": [12, 9, 11, 8], "rotation": 180, "texture": "#1"},
				"west": {"uv": [10, 9, 11, 12], "rotation": 90, "texture": "#1"},
				"up": {"uv": [13, 9, 14, 12], "rotation": 180, "texture": "#1"},
				"down": {"uv": [11, 9, 12, 12], "texture": "#1"}
			}
		},
		{
			"from": [-14.41553, 9.48889, 7.9746],
			"to": [-9.41553, 14.48889, 9.9746],
			"rotation": {"angle": 22.5, "axis": "y", "origin": [9.93503, 8, -5.77817]},
			"faces": {
				"north": {"uv": [5.75, 15, 6.75, 16], "texture": "#1"},
				"east": {"uv": [5.75, 15, 6.75, 16], "texture": "#1"},
				"south": {"uv": [5.75, 15, 6.75, 16], "texture": "#1"},
				"west": {"uv": [9.25, 15.5, 11.75, 16], "rotation": 90, "texture": "#1"},
				"up": {"uv": [5.75, 15, 6.75, 16], "texture": "#1"},
				"down": {"uv": [5.75, 15, 6.75, 16], "texture": "#1"}
			}
		},
		{
			"from": [-13.91553, 9.98889, 7.8246],
			"to": [-9.91553, 13.98889, 8.0746],
			"rotation": {"angle": 22.5, "axis": "y", "origin": [9.93503, 8, -5.77817]},
			"faces": {
				"north": {"uv": [6.5, 12.5, 6.75, 13], "texture": "#1"},
				"east": {"uv": [6.5, 12.5, 6.75, 13], "texture": "#1"},
				"south": {"uv": [6.5, 12.5, 6.75, 13], "texture": "#1"},
				"west": {"uv": [6.5, 12.5, 6.75, 13], "texture": "#1"},
				"up": {"uv": [6.5, 12.5, 6.75, 13], "texture": "#1"},
				"down": {"uv": [6.5, 12.5, 6.75, 13], "texture": "#1"}
			}
		},
		{
			"from": [-14.66553, 9.73889, 8.3246],
			"to": [-13.66553, 10.73889, 9.3246],
			"rotation": {"angle": 22.5, "axis": "y", "origin": [9.93503, 8, -5.77817]},
			"faces": {
				"north": {"uv": [13.75, 15.75, 14, 16], "rotation": 90, "texture": "#1"},
				"east": {"uv": [13.75, 15.75, 14, 16], "rotation": 90, "texture": "#1"},
				"south": {"uv": [13.75, 15.75, 14, 16], "rotation": 90, "texture": "#1"},
				"west": {"uv": [13.75, 15.75, 14, 16], "rotation": 90, "texture": "#1"},
				"up": {"uv": [13.75, 15.75, 14, 16], "rotation": 90, "texture": "#1"},
				"down": {"uv": [13.75, 15.75, 14, 16], "rotation": 90, "texture": "#1"}
			}
		},
		{
			"from": [-14.66553, 10.93889, 8.3246],
			"to": [-13.66553, 11.93889, 9.3246],
			"rotation": {"angle": 22.5, "axis": "y", "origin": [9.93503, 8, -5.77817]},
			"faces": {
				"north": {"uv": [13.75, 15.75, 14, 16], "rotation": 90, "texture": "#1"},
				"east": {"uv": [13.75, 15.75, 14, 16], "rotation": 90, "texture": "#1"},
				"south": {"uv": [13.75, 15.75, 14, 16], "rotation": 90, "texture": "#1"},
				"west": {"uv": [13.75, 15.75, 14, 16], "rotation": 90, "texture": "#1"},
				"up": {"uv": [13.75, 15.75, 14, 16], "rotation": 90, "texture": "#1"},
				"down": {"uv": [13.75, 15.75, 14, 16], "rotation": 90, "texture": "#1"}
			}
		},
		{
			"from": [-14.66553, 12.13889, 8.3246],
			"to": [-13.66553, 13.13889, 9.3246],
			"rotation": {"angle": 22.5, "axis": "y", "origin": [9.93503, 8, -5.77817]},
			"faces": {
				"north": {"uv": [13.75, 15.75, 14, 16], "rotation": 90, "texture": "#1"},
				"east": {"uv": [13.75, 15.75, 14, 16], "rotation": 90, "texture": "#1"},
				"south": {"uv": [13.75, 15.75, 14, 16], "rotation": 90, "texture": "#1"},
				"west": {"uv": [13.75, 15.75, 14, 16], "rotation": 90, "texture": "#1"},
				"up": {"uv": [13.75, 15.75, 14, 16], "rotation": 90, "texture": "#1"},
				"down": {"uv": [13.75, 15.75, 14, 16], "rotation": 90, "texture": "#1"}
			}
		},
		{
			"from": [-14.66553, 13.33889, 8.3246],
			"to": [-13.66553, 14.33889, 9.3246],
			"rotation": {"angle": 22.5, "axis": "y", "origin": [9.93503, 8, -5.77817]},
			"faces": {
				"north": {"uv": [13.75, 15.75, 14, 16], "rotation": 90, "texture": "#1"},
				"east": {"uv": [13.75, 15.75, 14, 16], "rotation": 90, "texture": "#1"},
				"south": {"uv": [13.75, 15.75, 14, 16], "rotation": 90, "texture": "#1"},
				"west": {"uv": [13.75, 15.75, 14, 16], "rotation": 90, "texture": "#1"},
				"up": {"uv": [13.75, 15.75, 14, 16], "rotation": 90, "texture": "#1"},
				"down": {"uv": [13.75, 15.75, 14, 16], "rotation": 90, "texture": "#1"}
			}
		},
		{
			"from": [-14.11553, 9.68889, 10.0746],
			"to": [-12.41553, 14.28889, 12.0746],
			"rotation": {"angle": 22.5, "axis": "y", "origin": [9.93503, 8, -5.77817]},
			"faces": {
				"north": {"uv": [0, 0, 1.7, 4.6], "texture": "#1"},
				"east": {"uv": [5.75, 15, 6.75, 16], "texture": "#1"},
				"south": {"uv": [5.75, 15, 6.75, 16], "texture": "#1"},
				"west": {"uv": [9.75, 15.75, 11.25, 16], "rotation": 90, "texture": "#1"},
				"up": {"uv": [5.75, 15, 6.75, 16], "texture": "#1"},
				"down": {"uv": [5.75, 15, 6.75, 16], "texture": "#1"}
			}
		},
		{
			"name": "right_arm",
			"from": [-13.91553, 9.88889, 8.0746],
			"to": [-9.91553, 13.88889, 20.0746],
			"rotation": {"angle": 22.5, "axis": "y", "origin": [9.93503, 8, -5.77817]},
			"faces": {
				"north": {"uv": [13, 4, 12, 5], "texture": "#1"},
				"east": {"uv": [12, 5, 13, 8], "rotation": 270, "texture": "#1"},
				"south": {"uv": [12, 5, 11, 4], "rotation": 180, "texture": "#1"},
				"west": {"uv": [10, 5, 11, 8], "rotation": 90, "texture": "#1"},
				"up": {"uv": [13, 5, 14, 8], "rotation": 180, "texture": "#1"},
				"down": {"uv": [11, 5, 12, 8], "texture": "#1"}
			}
		},
		{
			"name": "right_arm_2nd_layer",
			"from": [-9.1837, 14.38889, 4.63907],
			"to": [-4.1937, 19.58889, 17.53907],
			"rotation": {"angle": 0, "axis": "y", "origin": [2.15685, 11, -9.31371]},
			"faces": {
				"north": {"uv": [13, 8, 12, 9], "texture": "#1"},
				"east": {"uv": [12, 9, 13, 12], "rotation": 270, "texture": "#1"},
				"south": {"uv": [12, 9, 11, 8], "rotation": 180, "texture": "#1"},
				"west": {"uv": [10, 9, 11, 12], "rotation": 90, "texture": "#1"},
				"up": {"uv": [13, 9, 14, 12], "rotation": 180, "texture": "#1"},
				"down": {"uv": [11, 9, 12, 12], "texture": "#1"}
			}
		},
		{
			"from": [-9.4937, 14.18889, 4.43907],
			"to": [-3.9937, 19.78889, 6.43907],
			"rotation": {"angle": 0, "axis": "y", "origin": [2.15685, 11, -9.31371]},
			"faces": {
				"north": {"uv": [10.5, 14.5, 10.75, 14.75], "rotation": 90, "texture": "#1"},
				"east": {"uv": [10.5, 14.5, 10.75, 14.75], "rotation": 90, "texture": "#1"},
				"south": {"uv": [10.5, 14.5, 10.75, 14.75], "rotation": 90, "texture": "#1"},
				"west": {"uv": [10.5, 14.5, 10.75, 14.75], "rotation": 90, "texture": "#1"},
				"up": {"uv": [10.5, 14.5, 10.75, 14.75], "rotation": 90, "texture": "#1"},
				"down": {"uv": [10.5, 14.5, 10.75, 14.75], "rotation": 90, "texture": "#1"}
			}
		},
		{
			"from": [-8.6937, 14.98889, 4.28907],
			"to": [-4.6937, 18.98889, 4.53907],
			"rotation": {"angle": 0, "axis": "y", "origin": [2.15685, 11, -9.31371]},
			"faces": {
				"north": {"uv": [4.5, 1, 5.5, 2], "texture": "#1"},
				"east": {"uv": [6.5, 12.5, 6.75, 13], "texture": "#1"},
				"south": {"uv": [6.5, 12.5, 6.75, 13], "texture": "#1"},
				"west": {"uv": [6.5, 12.5, 6.75, 13], "texture": "#1"},
				"up": {"uv": [6.5, 12.5, 6.75, 13], "texture": "#1"},
				"down": {"uv": [6.5, 12.5, 6.75, 13], "texture": "#1"}
			}
		},
		{
			"from": [-9.4437, 14.73889, 4.78907],
			"to": [-8.4437, 15.73889, 5.78907],
			"rotation": {"angle": 0, "axis": "y", "origin": [2.15685, 11, -9.31371]},
			"faces": {
				"north": {"uv": [13.75, 15.75, 14, 16], "rotation": 90, "texture": "#1"},
				"east": {"uv": [13.75, 15.75, 14, 16], "rotation": 90, "texture": "#1"},
				"south": {"uv": [13.75, 15.75, 14, 16], "rotation": 90, "texture": "#1"},
				"west": {"uv": [13.75, 15.75, 14, 16], "rotation": 90, "texture": "#1"},
				"up": {"uv": [13.75, 15.75, 14, 16], "rotation": 90, "texture": "#1"},
				"down": {"uv": [13.75, 15.75, 14, 16], "rotation": 90, "texture": "#1"}
			}
		},
		{
			"from": [-9.4437, 15.93889, 4.78907],
			"to": [-8.4437, 16.93889, 5.78907],
			"rotation": {"angle": 0, "axis": "y", "origin": [2.15685, 11, -9.31371]},
			"faces": {
				"north": {"uv": [13.75, 15.75, 14, 16], "rotation": 90, "texture": "#1"},
				"east": {"uv": [13.75, 15.75, 14, 16], "rotation": 90, "texture": "#1"},
				"south": {"uv": [13.75, 15.75, 14, 16], "rotation": 90, "texture": "#1"},
				"west": {"uv": [13.75, 15.75, 14, 16], "rotation": 90, "texture": "#1"},
				"up": {"uv": [13.75, 15.75, 14, 16], "rotation": 90, "texture": "#1"},
				"down": {"uv": [13.75, 15.75, 14, 16], "rotation": 90, "texture": "#1"}
			}
		},
		{
			"from": [-9.4437, 17.13889, 4.78907],
			"to": [-8.4437, 18.13889, 5.78907],
			"rotation": {"angle": 0, "axis": "y", "origin": [2.15685, 11, -9.31371]},
			"faces": {
				"north": {"uv": [13.75, 15.75, 14, 16], "rotation": 90, "texture": "#1"},
				"east": {"uv": [13.75, 15.75, 14, 16], "rotation": 90, "texture": "#1"},
				"south": {"uv": [13.75, 15.75, 14, 16], "rotation": 90, "texture": "#1"},
				"west": {"uv": [13.75, 15.75, 14, 16], "rotation": 90, "texture": "#1"},
				"up": {"uv": [13.75, 15.75, 14, 16], "rotation": 90, "texture": "#1"},
				"down": {"uv": [13.75, 15.75, 14, 16], "rotation": 90, "texture": "#1"}
			}
		},
		{
			"from": [-9.4437, 18.33889, 4.78907],
			"to": [-8.4437, 19.33889, 5.78907],
			"rotation": {"angle": 0, "axis": "y", "origin": [2.15685, 11, -9.31371]},
			"faces": {
				"north": {"uv": [13.75, 15.75, 14, 16], "rotation": 90, "texture": "#1"},
				"east": {"uv": [13.75, 15.75, 14, 16], "rotation": 90, "texture": "#1"},
				"south": {"uv": [13.75, 15.75, 14, 16], "rotation": 90, "texture": "#1"},
				"west": {"uv": [13.75, 15.75, 14, 16], "rotation": 90, "texture": "#1"},
				"up": {"uv": [13.75, 15.75, 14, 16], "rotation": 90, "texture": "#1"},
				"down": {"uv": [13.75, 15.75, 14, 16], "rotation": 90, "texture": "#1"}
			}
		},
		{
			"from": [-8.8937, 14.68889, 6.53907],
			"to": [-7.1937, 19.28889, 8.53907],
			"rotation": {"angle": 0, "axis": "y", "origin": [2.15685, 11, -9.31371]},
			"faces": {
				"north": {"uv": [0, 0, 1.7, 4.6], "texture": "#1"},
				"east": {"uv": [5.75, 15, 6.75, 16], "texture": "#1"},
				"south": {"uv": [5.75, 15, 6.75, 16], "texture": "#1"},
				"west": {"uv": [9.75, 15.75, 11.25, 16], "rotation": 90, "texture": "#1"},
				"up": {"uv": [5.75, 15, 6.75, 16], "texture": "#1"},
				"down": {"uv": [5.75, 15, 6.75, 16], "texture": "#1"}
			}
		},
		{
			"name": "right_arm",
			"from": [-8.6937, 14.88889, 4.53907],
			"to": [-4.6937, 18.88889, 16.53907],
			"rotation": {"angle": 0, "axis": "y", "origin": [2.15685, 11, -9.31371]},
			"faces": {
				"north": {"uv": [13, 4, 12, 5], "texture": "#1"},
				"east": {"uv": [8.75, 5, 9.75, 8], "rotation": 270, "texture": "#1"},
				"south": {"uv": [12, 5, 11, 4], "rotation": 180, "texture": "#1"},
				"west": {"uv": [10, 5, 11, 8], "rotation": 90, "texture": "#1"},
				"up": {"uv": [13, 5, 14, 8], "rotation": 180, "texture": "#1"},
				"down": {"uv": [11, 5, 12, 8], "texture": "#1"}
			}
		},
		{
			"from": [-6.7, 8, -11.5],
			"to": [4.3, 9, -11.5],
			"rotation": {"angle": 22.5, "axis": "y", "origin": [-1.2, 8.5, -5.5]},
			"faces": {
				"north": {"uv": [7.5, 4.5, 8.25, 4.75], "texture": "#1"},
				"east": {"uv": [7.5, 4.5, 8.25, 4.75], "texture": "#1"},
				"south": {"uv": [7.5, 4.5, 8.25, 4.75], "texture": "#1"},
				"west": {"uv": [7.5, 4.5, 8.25, 4.75], "texture": "#1"},
				"up": {"uv": [7.5, 4.5, 8.25, 4.75], "rotation": 90, "texture": "#1"},
				"down": {"uv": [7.5, 4.5, 8.25, 4.75], "rotation": 270, "texture": "#1"}
			}
		},
		{
			"from": [-9.2, 8, -6],
			"to": [-9.2, 9, 5],
			"rotation": {"angle": -22.5, "axis": "y", "origin": [-1.2, 8.5, -5.5]},
			"faces": {
				"north": {"uv": [7.5, 4.5, 8.25, 4.75], "texture": "#1"},
				"east": {"uv": [7.5, 4.5, 8.25, 4.75], "texture": "#1"},
				"south": {"uv": [7.5, 4.5, 8.25, 4.75], "texture": "#1"},
				"west": {"uv": [7.5, 4.5, 8.25, 4.75], "texture": "#1"},
				"up": {"uv": [7.5, 4.5, 8.25, 4.75], "texture": "#1"},
				"down": {"uv": [7.5, 4.5, 8.25, 4.75], "texture": "#1"}
			}
		},
		{
			"from": [-12.5, 8, 1],
			"to": [-12.5, 9, 12],
			"rotation": {"angle": 0, "axis": "y", "origin": [-1.2, 8.5, -5.5]},
			"faces": {
				"north": {"uv": [7.5, 4.5, 8.25, 4.75], "texture": "#1"},
				"east": {"uv": [7.5, 4.5, 8.25, 4.75], "texture": "#1"},
				"south": {"uv": [7.5, 4.5, 8.25, 4.75], "texture": "#1"},
				"west": {"uv": [7.5, 4.5, 8.25, 4.75], "texture": "#1"},
				"up": {"uv": [7.5, 4.5, 8.25, 4.75], "texture": "#1"},
				"down": {"uv": [7.5, 4.5, 8.25, 4.75], "texture": "#1"}
			}
		},
		{
			"from": [0.5, 3, -10.5],
			"to": [11.5, 4, -10.5],
			"rotation": {"angle": 22.5, "axis": "y", "origin": [6, 3.5, -4.5]},
			"faces": {
				"north": {"uv": [7.5, 4.5, 8.25, 4.75], "texture": "#1"},
				"east": {"uv": [7.5, 4.5, 8.25, 4.75], "texture": "#1"},
				"south": {"uv": [7.5, 4.5, 8.25, 4.75], "texture": "#1"},
				"west": {"uv": [7.5, 4.5, 8.25, 4.75], "texture": "#1"},
				"up": {"uv": [7.5, 4.5, 8.25, 4.75], "texture": "#1"},
				"down": {"uv": [7.5, 4.5, 8.25, 4.75], "texture": "#1"}
			}
		},
		{
			"from": [-6.1, 10, 7],
			"to": [-6.1, 11, 18],
			"rotation": {"angle": 0, "axis": "y", "origin": [2.2, 7.5, 0.5]},
			"faces": {
				"north": {"uv": [7.5, 4.5, 8.25, 4.75], "texture": "#1"},
				"east": {"uv": [7.5, 4.5, 8.25, 4.75], "texture": "#1"},
				"south": {"uv": [7.5, 4.5, 8.25, 4.75], "texture": "#1"},
				"west": {"uv": [7.5, 4.5, 8.25, 4.75], "texture": "#1"},
				"up": {"uv": [7.5, 4.5, 8.25, 4.75], "texture": "#1"},
				"down": {"uv": [7.5, 4.5, 8.25, 4.75], "texture": "#1"}
			}
		},
		{
			"from": [-10.0604, 10, 18.61028],
			"to": [-10.0604, 11, 29.61028],
			"rotation": {"angle": 22.5, "axis": "y", "origin": [-10.0604, 10.5, 8.41028]},
			"faces": {
				"north": {"uv": [7.5, 4.5, 8.25, 4.75], "texture": "#1"},
				"east": {"uv": [7.5, 4.5, 8.25, 4.75], "texture": "#1"},
				"south": {"uv": [7.5, 4.5, 8.25, 4.75], "texture": "#1"},
				"west": {"uv": [7.5, 4.5, 8.25, 4.75], "texture": "#1"},
				"up": {"uv": [7.5, 4.5, 8.25, 4.75], "texture": "#1"},
				"down": {"uv": [7.5, 4.5, 8.25, 4.75], "texture": "#1"}
			}
		},
		{
			"from": [-2, 3, -5],
			"to": [-2, 4, 6],
			"rotation": {"angle": -22.5, "axis": "y", "origin": [6, 3.5, -4.5]},
			"faces": {
				"north": {"uv": [7.5, 4.5, 8.25, 4.75], "texture": "#1"},
				"east": {"uv": [7.5, 4.5, 8.25, 4.75], "texture": "#1"},
				"south": {"uv": [7.5, 4.5, 8.25, 4.75], "texture": "#1"},
				"west": {"uv": [7.5, 4.5, 8.25, 4.75], "texture": "#1"},
				"up": {"uv": [7.5, 4.5, 8.25, 4.75], "texture": "#1"},
				"down": {"uv": [7.5, 4.5, 8.25, 4.75], "texture": "#1"}
			}
		},
		{
			"from": [-4, -6, 4],
			"to": [-4, -5, 15],
			"rotation": {"angle": 0, "axis": "y", "origin": [2, -5.5, 9.5]},
			"faces": {
				"north": {"uv": [7.5, 4.5, 8.25, 4.75], "texture": "#1"},
				"east": {"uv": [7.5, 4.5, 8.25, 4.75], "texture": "#1"},
				"south": {"uv": [7.5, 4.5, 8.25, 4.75], "texture": "#1"},
				"west": {"uv": [7.5, 4.5, 8.25, 4.75], "texture": "#1"},
				"up": {"uv": [7.5, 4.5, 8.25, 4.75], "rotation": 270, "texture": "#1"},
				"down": {"uv": [7.5, 4.5, 8.25, 4.75], "rotation": 90, "texture": "#1"}
			}
		},
		{
			"from": [1.5, -6, 17.5],
			"to": [12.5, -5, 17.5],
			"rotation": {"angle": -45, "axis": "y", "origin": [2, -5.5, 9.5]},
			"faces": {
				"north": {"uv": [7.5, 4.5, 8.25, 4.75], "texture": "#1"},
				"east": {"uv": [7.5, 4.5, 8.25, 4.75], "texture": "#1"},
				"south": {"uv": [7.5, 4.5, 8.25, 4.75], "texture": "#1"},
				"west": {"uv": [7.5, 4.5, 8.25, 4.75], "texture": "#1"},
				"up": {"uv": [7.5, 4.5, 8.25, 4.75], "rotation": 270, "texture": "#1"},
				"down": {"uv": [7.5, 4.5, 8.25, 4.75], "rotation": 90, "texture": "#1"}
			}
		},
		{
			"from": [-4, 16, -4],
			"to": [-4, 17, 7],
			"rotation": {"angle": 0, "axis": "y", "origin": [6, 14.5, 11.5]},
			"faces": {
				"north": {"uv": [7.5, 4.5, 8.25, 4.75], "texture": "#1"},
				"east": {"uv": [7.5, 4.5, 8.25, 4.75], "texture": "#1"},
				"south": {"uv": [7.5, 4.5, 8.25, 4.75], "texture": "#1"},
				"west": {"uv": [7.5, 4.5, 8.25, 4.75], "texture": "#1"},
				"up": {"uv": [7.5, 4.5, 8.25, 4.75], "rotation": 270, "texture": "#1"},
				"down": {"uv": [7.5, 4.5, 8.25, 4.75], "rotation": 90, "texture": "#1"}
			}
		},
		{
			"from": [22.87135, -2, -9.5784],
			"to": [22.87135, -1, 1.4216],
			"rotation": {"angle": 22.5, "axis": "y", "origin": [20.99267, -1.5, -8.69972]},
			"faces": {
				"north": {"uv": [8.25, 4.5, 7.5, 4.75], "texture": "#1"},
				"east": {"uv": [8.25, 4.5, 7.5, 4.75], "texture": "#1"},
				"south": {"uv": [8.25, 4.5, 7.5, 4.75], "texture": "#1"},
				"west": {"uv": [8.25, 4.5, 7.5, 4.75], "texture": "#1"},
				"up": {"uv": [7.5, 4.75, 8.25, 4.5], "rotation": 180, "texture": "#1"},
				"down": {"uv": [7.5, 4.75, 8.25, 4.5], "rotation": 180, "texture": "#1"}
			}
		},
		{
			"from": [10.89648, -2, -10.63906],
			"to": [21.89648, -1, -10.63906],
			"rotation": {"angle": -22.5, "axis": "y", "origin": [20.99267, -1.5, -8.69972]},
			"faces": {
				"north": {"uv": [8.25, 4.5, 7.5, 4.75], "texture": "#1"},
				"east": {"uv": [8.25, 4.5, 7.5, 4.75], "texture": "#1"},
				"south": {"uv": [8.25, 4.5, 7.5, 4.75], "texture": "#1"},
				"west": {"uv": [8.25, 4.5, 7.5, 4.75], "texture": "#1"},
				"up": {"uv": [7.5, 4.75, 8.25, 4.5], "rotation": 180, "texture": "#1"},
				"down": {"uv": [7.5, 4.75, 8.25, 4.5], "rotation": 180, "texture": "#1"}
			}
		},
		{
			"from": [27.32307, 5, 16.4106],
			"to": [27.32307, 6, 27.4106],
			"rotation": {"angle": -22.5, "axis": "y", "origin": [26.27614, 5.5, 16.7076]},
			"faces": {
				"north": {"uv": [8.25, 4.5, 7.5, 4.75], "texture": "#1"},
				"east": {"uv": [8.25, 4.5, 7.5, 4.75], "texture": "#1"},
				"south": {"uv": [8.25, 4.5, 7.5, 4.75], "texture": "#1"},
				"west": {"uv": [8.25, 4.5, 7.5, 4.75], "texture": "#1"},
				"up": {"uv": [8.25, 4.5, 7.5, 4.75], "texture": "#1"},
				"down": {"uv": [8.25, 4.5, 7.5, 4.75], "texture": "#1"}
			}
		},
		{
			"from": [18, 11, 7],
			"to": [18, 12, 18],
			"rotation": {"angle": -22.5, "axis": "y", "origin": [10, 11.5, 7.5]},
			"faces": {
				"north": {"uv": [8.25, 4.5, 7.5, 4.75], "texture": "#1"},
				"east": {"uv": [8.25, 4.5, 7.5, 4.75], "texture": "#1"},
				"south": {"uv": [8.25, 4.5, 7.5, 4.75], "texture": "#1"},
				"west": {"uv": [8.25, 4.5, 7.5, 4.75], "texture": "#1"},
				"up": {"uv": [8.25, 4.5, 7.5, 4.75], "texture": "#1"},
				"down": {"uv": [8.25, 4.5, 7.5, 4.75], "texture": "#1"}
			}
		},
		{
			"from": [16, 11, 2],
			"to": [16, 12, 13],
			"rotation": {"angle": 22.5, "axis": "y", "origin": [10, 11.5, 7.5]},
			"faces": {
				"north": {"uv": [8.25, 4.5, 7.5, 4.75], "texture": "#1"},
				"east": {"uv": [8.25, 4.5, 7.5, 4.75], "texture": "#1"},
				"south": {"uv": [8.25, 4.5, 7.5, 4.75], "texture": "#1"},
				"west": {"uv": [8.25, 4.5, 7.5, 4.75], "texture": "#1"},
				"up": {"uv": [8.25, 4.5, 7.5, 4.75], "rotation": 90, "texture": "#1"},
				"down": {"uv": [8.25, 4.5, 7.5, 4.75], "rotation": 270, "texture": "#1"}
			}
		},
		{
			"from": [7.5, 18, -11.5],
			"to": [18.5, 19, -11.5],
			"rotation": {"angle": -22.5, "axis": "y", "origin": [13, 18.5, -5.5]},
			"faces": {
				"north": {"uv": [8.25, 4.5, 7.5, 4.75], "texture": "#1"},
				"east": {"uv": [8.25, 4.5, 7.5, 4.75], "texture": "#1"},
				"south": {"uv": [8.25, 4.5, 7.5, 4.75], "texture": "#1"},
				"west": {"uv": [8.25, 4.5, 7.5, 4.75], "texture": "#1"},
				"up": {"uv": [8.25, 4.5, 7.5, 4.75], "rotation": 270, "texture": "#1"},
				"down": {"uv": [8.25, 4.5, 7.5, 4.75], "rotation": 90, "texture": "#1"}
			}
		},
		{
			"from": [21, 18, -6],
			"to": [21, 19, 5],
			"rotation": {"angle": 22.5, "axis": "y", "origin": [13, 18.5, -5.5]},
			"faces": {
				"north": {"uv": [8.25, 4.5, 7.5, 4.75], "texture": "#1"},
				"east": {"uv": [8.25, 4.5, 7.5, 4.75], "texture": "#1"},
				"south": {"uv": [8.25, 4.5, 7.5, 4.75], "texture": "#1"},
				"west": {"uv": [8.25, 4.5, 7.5, 4.75], "texture": "#1"},
				"up": {"uv": [8.25, 4.5, 7.5, 4.75], "texture": "#1"},
				"down": {"uv": [8.25, 4.5, 7.5, 4.75], "texture": "#1"}
			}
		},
		{
			"from": [26.95198, 11, -1.60988],
			"to": [26.95198, 12, 9.39012],
			"rotation": {"angle": 22.5, "axis": "y", "origin": [25.84764, 11.5, -1.38912]},
			"faces": {
				"north": {"uv": [8.25, 4.5, 7.5, 4.75], "texture": "#1"},
				"east": {"uv": [8.25, 4.5, 7.5, 4.75], "texture": "#1"},
				"south": {"uv": [8.25, 4.5, 7.5, 4.75], "texture": "#1"},
				"west": {"uv": [8.25, 4.5, 7.5, 4.75], "texture": "#1"},
				"up": {"uv": [8.25, 4.5, 7.5, 4.75], "texture": "#1"},
				"down": {"uv": [8.25, 4.5, 7.5, 4.75], "texture": "#1"}
			}
		},
		{
			"from": [26.84764, 11, -12.18912],
			"to": [26.84764, 12, -1.18912],
			"rotation": {"angle": 45, "axis": "y", "origin": [25.84764, 11.5, -1.38912]},
			"faces": {
				"north": {"uv": [8.25, 4.5, 7.5, 4.75], "texture": "#1"},
				"east": {"uv": [8.25, 4.5, 7.5, 4.75], "texture": "#1"},
				"south": {"uv": [8.25, 4.5, 7.5, 4.75], "texture": "#1"},
				"west": {"uv": [8.25, 4.5, 7.5, 4.75], "texture": "#1"},
				"up": {"uv": [8.25, 4.5, 7.5, 4.75], "texture": "#1"},
				"down": {"uv": [8.25, 4.5, 7.5, 4.75], "texture": "#1"}
			}
		},
		{
			"from": [27.3, 5, 8],
			"to": [27.3, 6, 17],
			"rotation": {"angle": 0, "axis": "y", "origin": [26.27614, 5.5, 16.7076]},
			"faces": {
				"north": {"uv": [8.25, 4.5, 7.5, 4.75], "texture": "#1"},
				"east": {"uv": [8.25, 4.5, 7.5, 4.75], "texture": "#1"},
				"south": {"uv": [8.25, 4.5, 7.5, 4.75], "texture": "#1"},
				"west": {"uv": [8.25, 4.5, 7.5, 4.75], "texture": "#1"},
				"up": {"uv": [8.25, 4.5, 7.5, 4.75], "texture": "#1"},
				"down": {"uv": [8.25, 4.5, 7.5, 4.75], "texture": "#1"}
			}
		}
	],
	"display": {
		"thirdperson_righthand": {
			"translation": [-7.75, -2.5, 1.75],
			"scale": [1.1, 1.1, 1.1]
		},
		"thirdperson_lefthand": {
			"rotation": [0, 0, -180],
			"translation": [0.5, -10.5, 7],
			"scale": [1.1, 1.1, 1.1]
		},
		"ground": {
			"translation": [0, 8.5, 0]
		},
		"head": {
			"translation": [0, -29, 0],
			"scale": [1.6, 1.6, 1.6]
		}
	},
	"groups": [
		{
			"name": "steve",
			"origin": [8, 8, 8],
			"color": 0,
			"children": [
				{
					"name": "group",
					"origin": [9.14944, -0.01111, 5.64722],
					"color": 0,
					"children": [0, 1, 2, 3, 4, 5, 6, 7, 8]
				},
				{
					"name": "group",
					"origin": [9.14944, -0.01111, 5.64722],
					"color": 0,
					"children": [9, 10, 11, 12, 13, 14, 15, 16, 17]
				},
				{
					"name": "group",
					"origin": [9.14944, -0.01111, 5.64722],
					"color": 0,
					"children": [18, 19, 20, 21, 22, 23, 24, 25, 26]
				},
				{
					"name": "group",
					"origin": [9.14944, -0.01111, 5.64722],
					"color": 0,
					"children": [27, 28, 29, 30, 31, 32, 33, 34, 35]
				},
				{
					"name": "group",
					"origin": [9.14944, -0.01111, 5.64722],
					"color": 0,
					"children": [36, 37, 38, 39, 40, 41, 42, 43, 44]
				},
				{
					"name": "group",
					"origin": [9.14944, -0.01111, 5.64722],
					"color": 0,
					"children": [45, 46, 47, 48, 49, 50, 51, 52, 53]
				},
				{
					"name": "group",
					"origin": [9.14944, -0.01111, 5.64722],
					"color": 0,
					"children": [54, 55, 56, 57, 58, 59, 60, 61, 62]
				}
			]
		},
		{
			"name": "steve",
			"origin": [8, 8, 8],
			"color": 0,
			"children": [
				{
					"name": "group",
					"origin": [9.14944, -0.01111, 5.64722],
					"color": 0,
					"children": [63, 64, 65, 66, 67, 68, 69, 70, 71]
				},
				{
					"name": "group",
					"origin": [9.14944, -0.01111, 5.64722],
					"color": 0,
					"children": [72, 73, 74, 75, 76, 77, 78, 79, 80]
				},
				{
					"name": "group",
					"origin": [9.14944, -0.01111, 5.64722],
					"color": 0,
					"children": [81, 82, 83, 84, 85, 86, 87, 88, 89, 90, 91]
				},
				{
					"name": "group",
					"origin": [9.14944, -0.01111, 5.64722],
					"color": 0,
					"children": [92, 93, 94, 95, 96, 97, 98, 99, 100]
				},
				{
					"name": "group",
					"origin": [9.14944, -0.01111, 5.64722],
					"color": 0,
					"children": [101, 102, 103, 104, 105, 106, 107, 108, 109]
				},
				{
					"name": "group",
					"origin": [9.14944, -0.01111, 5.64722],
					"color": 0,
					"children": [110, 111, 112, 113, 114, 115, 116, 117, 118]
				}
			]
		},
		119,
		120,
		121,
		122,
		123,
		124,
		125,
		126,
		127,
		128,
		129,
		130,
		131,
		132,
		133,
		134,
		135,
		136,
		137,
		138
	]
}