{
	"credit": "Made with Blockbench",
	"texture_size": [64, 64],
	"textures": {
		"0": "stand/grateful_dead/beach_boi",
		"particle": "stand/grateful_dead/beach_boi"
	},
	"elements": [
		{
			"from": [7.895, -3.93986, 6.74578],
			"to": [8.13, 30.08, 6.98078],
			"rotation": {"angle": 0, "axis": "y", "origin": [8, -2.585, 6.59]},
			"faces": {
				"north": {"uv": [1.5675, 0.0975, 1.6825, 8.47], "texture": "#0"},
				"east": {"uv": [1.5675, 0.0975, 1.6825, 8.47], "texture": "#0"},
				"south": {"uv": [1.5675, 0.0975, 1.6825, 8.47], "texture": "#0"},
				"west": {"uv": [1.5675, 0.0975, 1.6825, 8.47], "texture": "#0"},
				"up": {"uv": [1.5675, 0.0975, 1.62625, 0.15625], "texture": "#0"},
				"down": {"uv": [1.5675, 0.0975, 1.6825, 8.47], "texture": "#0"}
			}
		},
		{
			"from": [7.875, 23.21014, 8.45578],
			"to": [8.11, 30.23, 8.69078],
			"rotation": {"angle": 0, "axis": "y", "origin": [8, 30.205, 8.59]},
			"faces": {
				"north": {"uv": [1.5675, 1.0975, 1.62625, 2.85246], "texture": "#0"},
				"east": {"uv": [1.5675, 0.0975, 1.62625, 1.85246], "texture": "#0"},
				"south": {"uv": [1.6275, 0.0975, 1.62625, 1.85246], "texture": "#0"},
				"west": {"uv": [1.5675, 2.8475, 1.62625, 4.60246], "texture": "#0"},
				"up": {"uv": [1.5675, 3.0975, 1.62625, 3.15625], "texture": "#0"},
				"down": {"uv": [1.5675, 0.0975, 1.62625, 0.15625], "texture": "#0"}
			}
		},
		{
			"from": [7.895, 30.06014, 6.61578],
			"to": [8.09, 30.24, 8.45078],
			"rotation": {"angle": 0, "axis": "y", "origin": [8, -2.585, 6.59]},
			"faces": {
				"north": {"uv": [1.5675, 0.0975, 1.61625, 0.14246], "texture": "#0"},
				"east": {"uv": [1.5675, 8.3475, 1.6825, 8.47], "texture": "#0"},
				"south": {"uv": [1.5675, 7.0975, 1.6825, 7.22], "texture": "#0"},
				"west": {"uv": [1.5675, 7.5975, 1.6825, 7.72], "texture": "#0"},
				"up": {"uv": [1.73125, 0.0975, 1.6825, 0.61375], "texture": "#0"},
				"down": {"uv": [1.7425, 0.0975, 1.6825, 3.345], "texture": "#0"}
			}
		},
		{
			"from": [7.765, 7.52, 7.06],
			"to": [8.235, 7.99, 7.765],
			"rotation": {"angle": 0, "axis": "y", "origin": [0.48, -12.22, 0.48]},
			"faces": {
				"north": {"uv": [7.0375, 5.2775, 7.3825, 5.4775], "texture": "#0"},
				"east": {"uv": [7.0375, 5.2775, 7.3825, 5.4775], "texture": "#0"},
				"south": {"uv": [7.0375, 5.2775, 7.3825, 5.4775], "texture": "#0"},
				"west": {"uv": [7.0375, 5.2775, 7.3825, 5.4775], "texture": "#0"},
				"up": {"uv": [7.0375, 5.2775, 7.3825, 5.4775], "texture": "#0"},
				"down": {"uv": [7.0375, 5.2775, 7.3825, 5.4775], "texture": "#0"}
			}
		},
		{
			"from": [7.53, 7.52, 6.825],
			"to": [8.47, 7.99, 7.06],
			"rotation": {"angle": 0, "axis": "y", "origin": [0.48, -12.22, 0.48]},
			"faces": {
				"north": {"uv": [7.0375, 5.2775, 7.3825, 5.4775], "texture": "#0"},
				"east": {"uv": [7.0375, 5.2775, 7.3825, 5.4775], "texture": "#0"},
				"south": {"uv": [7.0375, 5.2775, 7.3825, 5.4775], "texture": "#0"},
				"west": {"uv": [7.0375, 5.2775, 7.3825, 5.4775], "texture": "#0"},
				"up": {"uv": [7.0375, 5.2775, 7.3825, 5.4775], "texture": "#0"},
				"down": {"uv": [7.0375, 5.2775, 7.3825, 5.4775], "texture": "#0"}
			}
		},
		{
			"from": [8.235, 7.52, 6.355],
			"to": [8.47, 7.99, 6.825],
			"rotation": {"angle": 0, "axis": "y", "origin": [0.48, -12.22, 0.48]},
			"faces": {
				"north": {"uv": [7.0375, 5.2775, 7.3825, 5.4775], "texture": "#0"},
				"east": {"uv": [7.0375, 5.2775, 7.3825, 5.4775], "texture": "#0"},
				"south": {"uv": [7.0375, 5.2775, 7.3825, 5.4775], "texture": "#0"},
				"west": {"uv": [7.0375, 5.2775, 7.3825, 5.4775], "texture": "#0"},
				"up": {"uv": [7.0375, 5.2775, 7.3825, 5.4775], "texture": "#0"},
				"down": {"uv": [7.0375, 5.2775, 7.3825, 5.4775], "texture": "#0"}
			}
		},
		{
			"from": [7.53, 7.52, 6.355],
			"to": [7.765, 7.99, 6.825],
			"rotation": {"angle": 0, "axis": "y", "origin": [0.48, -12.22, 0.48]},
			"faces": {
				"north": {"uv": [7.0375, 5.2775, 7.3825, 5.4775], "texture": "#0"},
				"east": {"uv": [7.0375, 5.2775, 7.3825, 5.4775], "texture": "#0"},
				"south": {"uv": [7.0375, 5.2775, 7.3825, 5.4775], "texture": "#0"},
				"west": {"uv": [7.0375, 5.2775, 7.3825, 5.4775], "texture": "#0"},
				"up": {"uv": [7.0375, 5.2775, 7.3825, 5.4775], "texture": "#0"},
				"down": {"uv": [7.0375, 5.2775, 7.3825, 5.4775], "texture": "#0"}
			}
		},
		{
			"from": [7.53, 7.52, 6.12],
			"to": [8.47, 7.99, 6.355],
			"rotation": {"angle": 0, "axis": "y", "origin": [0.48, -12.22, 0.48]},
			"faces": {
				"north": {"uv": [7.0375, 5.2775, 7.3825, 5.4775], "texture": "#0"},
				"east": {"uv": [7.0375, 5.2775, 7.3825, 5.4775], "texture": "#0"},
				"south": {"uv": [7.0375, 5.2775, 7.3825, 5.4775], "texture": "#0"},
				"west": {"uv": [7.0375, 5.2775, 7.3825, 5.4775], "texture": "#0"},
				"up": {"uv": [7.0375, 5.2775, 7.3825, 5.4775], "texture": "#0"},
				"down": {"uv": [7.0375, 5.2775, 7.3825, 5.4775], "texture": "#0"}
			}
		},
		{
			"from": [7.765, 16.13, 7.06],
			"to": [8.235, 16.6, 7.765],
			"rotation": {"angle": 0, "axis": "y", "origin": [0.48, -12.22, 0.48]},
			"faces": {
				"north": {"uv": [7.0375, 5.2775, 7.3825, 5.4775], "texture": "#0"},
				"east": {"uv": [7.0375, 5.2775, 7.3825, 5.4775], "texture": "#0"},
				"south": {"uv": [7.0375, 5.2775, 7.3825, 5.4775], "texture": "#0"},
				"west": {"uv": [7.0375, 5.2775, 7.3825, 5.4775], "texture": "#0"},
				"up": {"uv": [7.0375, 5.2775, 7.3825, 5.4775], "texture": "#0"},
				"down": {"uv": [7.0375, 5.2775, 7.3825, 5.4775], "texture": "#0"}
			}
		},
		{
			"from": [7.53, 16.13, 6.825],
			"to": [8.47, 16.6, 7.06],
			"rotation": {"angle": 0, "axis": "y", "origin": [0.48, -12.22, 0.48]},
			"faces": {
				"north": {"uv": [7.0375, 5.2775, 7.3825, 5.4775], "texture": "#0"},
				"east": {"uv": [7.0375, 5.2775, 7.3825, 5.4775], "texture": "#0"},
				"south": {"uv": [7.0375, 5.2775, 7.3825, 5.4775], "texture": "#0"},
				"west": {"uv": [7.0375, 5.2775, 7.3825, 5.4775], "texture": "#0"},
				"up": {"uv": [7.0375, 5.2775, 7.3825, 5.4775], "texture": "#0"},
				"down": {"uv": [7.0375, 5.2775, 7.3825, 5.4775], "texture": "#0"}
			}
		},
		{
			"from": [8.235, 16.13, 6.355],
			"to": [8.47, 16.6, 6.825],
			"rotation": {"angle": 0, "axis": "y", "origin": [0.48, -12.22, 0.48]},
			"faces": {
				"north": {"uv": [7.0375, 5.2775, 7.3825, 5.4775], "texture": "#0"},
				"east": {"uv": [7.0375, 5.2775, 7.3825, 5.4775], "texture": "#0"},
				"south": {"uv": [7.0375, 5.2775, 7.3825, 5.4775], "texture": "#0"},
				"west": {"uv": [7.0375, 5.2775, 7.3825, 5.4775], "texture": "#0"},
				"up": {"uv": [7.0375, 5.2775, 7.3825, 5.4775], "texture": "#0"},
				"down": {"uv": [7.0375, 5.2775, 7.3825, 5.4775], "texture": "#0"}
			}
		},
		{
			"from": [7.53, 16.13, 6.355],
			"to": [7.765, 16.6, 6.825],
			"rotation": {"angle": 0, "axis": "y", "origin": [0.48, -12.22, 0.48]},
			"faces": {
				"north": {"uv": [7.0375, 5.2775, 7.3825, 5.4775], "texture": "#0"},
				"east": {"uv": [7.0375, 5.2775, 7.3825, 5.4775], "texture": "#0"},
				"south": {"uv": [7.0375, 5.2775, 7.3825, 5.4775], "texture": "#0"},
				"west": {"uv": [7.0375, 5.2775, 7.3825, 5.4775], "texture": "#0"},
				"up": {"uv": [7.0375, 5.2775, 7.3825, 5.4775], "texture": "#0"},
				"down": {"uv": [7.0375, 5.2775, 7.3825, 5.4775], "texture": "#0"}
			}
		},
		{
			"from": [7.53, 16.13, 6.12],
			"to": [8.47, 16.6, 6.355],
			"rotation": {"angle": 0, "axis": "y", "origin": [0.48, -12.22, 0.48]},
			"faces": {
				"north": {"uv": [7.0375, 5.2775, 7.3825, 5.4775], "texture": "#0"},
				"east": {"uv": [7.0375, 5.2775, 7.3825, 5.4775], "texture": "#0"},
				"south": {"uv": [7.0375, 5.2775, 7.3825, 5.4775], "texture": "#0"},
				"west": {"uv": [7.0375, 5.2775, 7.3825, 5.4775], "texture": "#0"},
				"up": {"uv": [7.0375, 5.2775, 7.3825, 5.4775], "texture": "#0"},
				"down": {"uv": [7.0375, 5.2775, 7.3825, 5.4775], "texture": "#0"}
			}
		},
		{
			"from": [7.765, 19.76, 7.06],
			"to": [8.235, 20.23, 7.765],
			"rotation": {"angle": 0, "axis": "y", "origin": [0.48, -12.22, 0.48]},
			"faces": {
				"north": {"uv": [7.0375, 5.2775, 7.3825, 5.4775], "texture": "#0"},
				"east": {"uv": [7.0375, 5.2775, 7.3825, 5.4775], "texture": "#0"},
				"south": {"uv": [7.0375, 5.2775, 7.3825, 5.4775], "texture": "#0"},
				"west": {"uv": [7.0375, 5.2775, 7.3825, 5.4775], "texture": "#0"},
				"up": {"uv": [7.0375, 5.2775, 7.3825, 5.4775], "texture": "#0"},
				"down": {"uv": [7.0375, 5.2775, 7.3825, 5.4775], "texture": "#0"}
			}
		},
		{
			"from": [7.53, 19.76, 6.825],
			"to": [8.47, 20.23, 7.06],
			"rotation": {"angle": 0, "axis": "y", "origin": [0.48, -12.22, 0.48]},
			"faces": {
				"north": {"uv": [7.0375, 5.2775, 7.3825, 5.4775], "texture": "#0"},
				"east": {"uv": [7.0375, 5.2775, 7.3825, 5.4775], "texture": "#0"},
				"south": {"uv": [7.0375, 5.2775, 7.3825, 5.4775], "texture": "#0"},
				"west": {"uv": [7.0375, 5.2775, 7.3825, 5.4775], "texture": "#0"},
				"up": {"uv": [7.0375, 5.2775, 7.3825, 5.4775], "texture": "#0"},
				"down": {"uv": [7.0375, 5.2775, 7.3825, 5.4775], "texture": "#0"}
			}
		},
		{
			"from": [8.235, 19.76, 6.355],
			"to": [8.47, 20.23, 6.825],
			"rotation": {"angle": 0, "axis": "y", "origin": [0.48, -12.22, 0.48]},
			"faces": {
				"north": {"uv": [7.0375, 5.2775, 7.3825, 5.4775], "texture": "#0"},
				"east": {"uv": [7.0375, 5.2775, 7.3825, 5.4775], "texture": "#0"},
				"south": {"uv": [7.0375, 5.2775, 7.3825, 5.4775], "texture": "#0"},
				"west": {"uv": [7.0375, 5.2775, 7.3825, 5.4775], "texture": "#0"},
				"up": {"uv": [7.0375, 5.2775, 7.3825, 5.4775], "texture": "#0"},
				"down": {"uv": [7.0375, 5.2775, 7.3825, 5.4775], "texture": "#0"}
			}
		},
		{
			"from": [7.53, 19.76, 6.355],
			"to": [7.765, 20.23, 6.825],
			"rotation": {"angle": 0, "axis": "y", "origin": [0.48, -12.22, 0.48]},
			"faces": {
				"north": {"uv": [7.0375, 5.2775, 7.3825, 5.4775], "texture": "#0"},
				"east": {"uv": [7.0375, 5.2775, 7.3825, 5.4775], "texture": "#0"},
				"south": {"uv": [7.0375, 5.2775, 7.3825, 5.4775], "texture": "#0"},
				"west": {"uv": [7.0375, 5.2775, 7.3825, 5.4775], "texture": "#0"},
				"up": {"uv": [7.0375, 5.2775, 7.3825, 5.4775], "texture": "#0"},
				"down": {"uv": [7.0375, 5.2775, 7.3825, 5.4775], "texture": "#0"}
			}
		},
		{
			"from": [7.53, 19.76, 6.12],
			"to": [8.47, 20.23, 6.355],
			"rotation": {"angle": 0, "axis": "y", "origin": [0.48, -12.22, 0.48]},
			"faces": {
				"north": {"uv": [7.0375, 5.2775, 7.3825, 5.4775], "texture": "#0"},
				"east": {"uv": [7.0375, 5.2775, 7.3825, 5.4775], "texture": "#0"},
				"south": {"uv": [7.0375, 5.2775, 7.3825, 5.4775], "texture": "#0"},
				"west": {"uv": [7.0375, 5.2775, 7.3825, 5.4775], "texture": "#0"},
				"up": {"uv": [7.0375, 5.2775, 7.3825, 5.4775], "texture": "#0"},
				"down": {"uv": [7.0375, 5.2775, 7.3825, 5.4775], "texture": "#0"}
			}
		},
		{
			"from": [7.765, 29.64, 7.06],
			"to": [8.235, 30.11, 7.765],
			"rotation": {"angle": 0, "axis": "y", "origin": [0.48, -12.22, 0.48]},
			"faces": {
				"north": {"uv": [7.0375, 5.2775, 7.3825, 5.4775], "texture": "#0"},
				"east": {"uv": [7.0375, 5.2775, 7.3825, 5.4775], "texture": "#0"},
				"south": {"uv": [7.0375, 5.2775, 7.3825, 5.4775], "texture": "#0"},
				"west": {"uv": [7.0375, 5.2775, 7.3825, 5.4775], "texture": "#0"},
				"up": {"uv": [7.0375, 5.2775, 7.3825, 5.4775], "texture": "#0"},
				"down": {"uv": [7.0375, 5.2775, 7.3825, 5.4775], "texture": "#0"}
			}
		},
		{
			"from": [7.53, 29.64, 6.825],
			"to": [8.47, 30.11, 7.06],
			"rotation": {"angle": 0, "axis": "y", "origin": [0.48, -12.22, 0.48]},
			"faces": {
				"north": {"uv": [7.0375, 5.2775, 7.3825, 5.4775], "texture": "#0"},
				"east": {"uv": [7.0375, 5.2775, 7.3825, 5.4775], "texture": "#0"},
				"south": {"uv": [7.0375, 5.2775, 7.3825, 5.4775], "texture": "#0"},
				"west": {"uv": [7.0375, 5.2775, 7.3825, 5.4775], "texture": "#0"},
				"up": {"uv": [7.0375, 5.2775, 7.3825, 5.4775], "texture": "#0"},
				"down": {"uv": [7.0375, 5.2775, 7.3825, 5.4775], "texture": "#0"}
			}
		},
		{
			"from": [8.235, 29.64, 6.355],
			"to": [8.47, 30.11, 6.825],
			"rotation": {"angle": 0, "axis": "y", "origin": [0.48, -12.22, 0.48]},
			"faces": {
				"north": {"uv": [7.0375, 5.2775, 7.3825, 5.4775], "texture": "#0"},
				"east": {"uv": [7.0375, 5.2775, 7.3825, 5.4775], "texture": "#0"},
				"south": {"uv": [7.0375, 5.2775, 7.3825, 5.4775], "texture": "#0"},
				"west": {"uv": [7.0375, 5.2775, 7.3825, 5.4775], "texture": "#0"},
				"up": {"uv": [7.0375, 5.2775, 7.3825, 5.4775], "texture": "#0"},
				"down": {"uv": [7.0375, 5.2775, 7.3825, 5.4775], "texture": "#0"}
			}
		},
		{
			"from": [7.53, 29.64, 6.355],
			"to": [7.765, 30.11, 6.825],
			"rotation": {"angle": 0, "axis": "y", "origin": [0.48, -12.22, 0.48]},
			"faces": {
				"north": {"uv": [7.0375, 5.2775, 7.3825, 5.4775], "texture": "#0"},
				"east": {"uv": [7.0375, 5.2775, 7.3825, 5.4775], "texture": "#0"},
				"south": {"uv": [7.0375, 5.2775, 7.3825, 5.4775], "texture": "#0"},
				"west": {"uv": [7.0375, 5.2775, 7.3825, 5.4775], "texture": "#0"},
				"up": {"uv": [7.0375, 5.2775, 7.3825, 5.4775], "texture": "#0"},
				"down": {"uv": [7.0375, 5.2775, 7.3825, 5.4775], "texture": "#0"}
			}
		},
		{
			"from": [7.53, 29.64, 6.12],
			"to": [8.47, 30.11, 6.355],
			"rotation": {"angle": 0, "axis": "y", "origin": [0.48, -12.22, 0.48]},
			"faces": {
				"north": {"uv": [7.0375, 5.2775, 7.3825, 5.4775], "texture": "#0"},
				"east": {"uv": [7.0375, 5.2775, 7.3825, 5.4775], "texture": "#0"},
				"south": {"uv": [7.0375, 5.2775, 7.3825, 5.4775], "texture": "#0"},
				"west": {"uv": [7.0375, 5.2775, 7.3825, 5.4775], "texture": "#0"},
				"up": {"uv": [7.0375, 5.2775, 7.3825, 5.4775], "texture": "#0"},
				"down": {"uv": [7.0375, 5.2775, 7.3825, 5.4775], "texture": "#0"}
			}
		},
		{
			"from": [7.765, 7.52, 7.765],
			"to": [8.235, 31, 8.235],
			"rotation": {"angle": 0, "axis": "y", "origin": [0.48, -12.22, 0.48]},
			"faces": {
				"north": {"uv": [4.7575, 5.59, 4.9825, 5.9525], "texture": "#0"},
				"east": {"uv": [4.7575, 5.59, 4.9825, 5.9525], "texture": "#0"},
				"south": {"uv": [4.7575, 5.59, 4.9825, 5.9525], "texture": "#0"},
				"west": {"uv": [4.7575, 5.59, 4.9825, 5.9525], "texture": "#0"},
				"up": {"uv": [4.7575, 5.59, 4.9825, 5.9525], "texture": "#0"},
				"down": {"uv": [4.7575, 5.59, 4.9825, 5.9525], "texture": "#0"}
			}
		},
		{
			"from": [7.595, 28.27, 7.715],
			"to": [8.405, 31.15, 8.285],
			"rotation": {"angle": 0, "axis": "y", "origin": [0.48, -12.22, 0.48]},
			"faces": {
				"north": {"uv": [4.7575, 5.09, 4.9825, 5.4525], "texture": "#0"},
				"east": {"uv": [4.7575, 5.09, 4.9825, 5.4525], "texture": "#0"},
				"south": {"uv": [4.7575, 5.09, 4.9825, 5.4525], "texture": "#0"},
				"west": {"uv": [4.7575, 5.09, 4.9825, 5.4525], "texture": "#0"},
				"up": {"uv": [4.7575, 5.09, 4.9825, 5.4525], "texture": "#0"},
				"down": {"uv": [4.7575, 5.09, 4.9825, 5.4525], "texture": "#0"}
			}
		},
		{
			"from": [7.53, 2.48, 7.53],
			"to": [8.47, 7.52, 8.47],
			"rotation": {"angle": 0, "axis": "y", "origin": [0.48, -12.22, 0.48]},
			"faces": {
				"north": {"uv": [4.7575, 5.09, 4.9825, 5.4525], "texture": "#0"},
				"east": {"uv": [4.7575, 5.09, 4.9825, 5.4525], "texture": "#0"},
				"south": {"uv": [4.7575, 5.09, 4.9825, 5.4525], "texture": "#0"},
				"west": {"uv": [4.7575, 5.09, 4.9825, 5.4525], "texture": "#0"},
				"up": {"uv": [4.7575, 5.09, 4.9825, 5.4525], "texture": "#0"},
				"down": {"uv": [4.7575, 5.09, 4.9825, 5.4525], "texture": "#0"}
			}
		},
		{
			"from": [7.53, -7.52, 7.53],
			"to": [8.47, 3.52, 8.47],
			"rotation": {"angle": 0, "axis": "y", "origin": [0.48, -12.22, 0.48]},
			"faces": {
				"north": {"uv": [4.7575, 5.59, 4.9825, 5.9525], "texture": "#0"},
				"east": {"uv": [4.7575, 5.59, 4.9825, 5.9525], "texture": "#0"},
				"south": {"uv": [4.7575, 5.59, 4.9825, 5.9525], "texture": "#0"},
				"west": {"uv": [4.7575, 5.59, 4.9825, 5.9525], "texture": "#0"},
				"up": {"uv": [4.7575, 5.59, 4.9825, 5.9525], "texture": "#0"},
				"down": {"uv": [4.7575, 5.59, 4.9825, 5.9525], "texture": "#0"}
			}
		},
		{
			"from": [7.75, 22.77, 8.36],
			"to": [8.25, 23.27, 8.86],
			"rotation": {"angle": 0, "axis": "y", "origin": [7.5, 7.5, 7.5]},
			"faces": {
				"north": {"uv": [0, 0, 0.2375, 0.23], "texture": "#0"},
				"east": {"uv": [0, 0, 0.2375, 0.23], "texture": "#0"},
				"south": {"uv": [0, 0, 0.2375, 0.23], "texture": "#0"},
				"west": {"uv": [0, 0, 0.2375, 0.23], "texture": "#0"},
				"up": {"uv": [0, 0, 0.2375, 0.23], "texture": "#0"},
				"down": {"uv": [0, 0, 0.2375, 0.23], "texture": "#0"}
			}
		},
		{
			"from": [7.82, 22.81, 8.86],
			"to": [8.18, 23.12, 8.9],
			"rotation": {"angle": 0, "axis": "y", "origin": [7.5, 7.5, 7.5]},
			"faces": {
				"north": {"uv": [0.025, 0.3075, 0.2375, 0.525], "texture": "#0"},
				"east": {"uv": [0.025, 0.3075, 0.2375, 0.525], "texture": "#0"},
				"south": {"uv": [0.025, 0.3075, 0.2375, 0.525], "texture": "#0"},
				"west": {"uv": [0.025, 0.3075, 0.2375, 0.525], "texture": "#0"},
				"up": {"uv": [0.025, 0.3075, 0.2375, 0.525], "texture": "#0"},
				"down": {"uv": [0.025, 0.3075, 0.2375, 0.525], "texture": "#0"}
			}
		},
		{
			"from": [7.94, 22.81, 8.9],
			"to": [8.06, 23.12, 9],
			"rotation": {"angle": 45, "axis": "x", "origin": [8, 22.965, 8.95]},
			"faces": {
				"north": {"uv": [0.025, 0.8075, 0.2375, 1.025], "texture": "#0"},
				"east": {"uv": [0.025, 0.8075, 0.2375, 1.025], "texture": "#0"},
				"south": {"uv": [0.025, 0.8075, 0.2375, 1.025], "texture": "#0"},
				"west": {"uv": [0.025, 0.8075, 0.2375, 1.025], "texture": "#0"},
				"up": {"uv": [0.025, 0.8075, 0.2375, 1.025], "texture": "#0"},
				"down": {"uv": [0.025, 0.8075, 0.2375, 1.025], "texture": "#0"}
			}
		},
		{
			"from": [7.06, 0.94, 7.06],
			"to": [8.94, 3.76, 8.94],
			"rotation": {"angle": 0, "axis": "y", "origin": [0.48, -12.22, 0.48]},
			"faces": {
				"north": {"uv": [4.28, 1.0175, 4.4675, 1.225], "texture": "#0"},
				"east": {"uv": [4.28, 1.0175, 4.4675, 1.225], "texture": "#0"},
				"south": {"uv": [4.28, 1.0175, 4.4675, 1.225], "texture": "#0"},
				"west": {"uv": [4.28, 1.0175, 4.4675, 1.225], "texture": "#0"},
				"up": {"uv": [4.28, 1.0175, 4.4675, 1.225], "texture": "#0"},
				"down": {"uv": [4.28, 1.0175, 4.4675, 1.225], "texture": "#0"}
			}
		},
		{
			"from": [6.825, 3.29, 6.825],
			"to": [9.175, 4.23, 9.175],
			"rotation": {"angle": 0, "axis": "y", "origin": [0.48, -12.22, 0.48]},
			"faces": {
				"north": {"uv": [4.28, 1.2675, 4.4675, 1.475], "texture": "#0"},
				"east": {"uv": [4.28, 1.2675, 4.4675, 1.475], "texture": "#0"},
				"south": {"uv": [4.28, 1.2675, 4.4675, 1.475], "texture": "#0"},
				"west": {"uv": [4.28, 1.2675, 4.4675, 1.475], "texture": "#0"},
				"up": {"uv": [4.28, 1.2675, 4.4675, 1.475], "texture": "#0"},
				"down": {"uv": [4.28, 1.2675, 4.4675, 1.475], "texture": "#0"}
			}
		},
		{
			"from": [7.06, -5.64, 7.06],
			"to": [8.94, -1.88, 8.94],
			"rotation": {"angle": 0, "axis": "y", "origin": [0.48, -12.22, 0.48]},
			"faces": {
				"north": {"uv": [4.28, 1.0175, 4.4875, 1.205], "rotation": 90, "texture": "#0"},
				"east": {"uv": [4.28, 1.0175, 4.4875, 1.205], "rotation": 90, "texture": "#0"},
				"south": {"uv": [4.28, 1.0175, 4.4875, 1.205], "rotation": 90, "texture": "#0"},
				"west": {"uv": [4.28, 1.0175, 4.4875, 1.205], "rotation": 90, "texture": "#0"},
				"up": {"uv": [4.28, 1.0175, 4.4875, 1.205], "rotation": 90, "texture": "#0"},
				"down": {"uv": [4.28, 1.0175, 4.4875, 1.205], "rotation": 90, "texture": "#0"}
			}
		},
		{
			"from": [7.085, -4.23, 5.63],
			"to": [8.915, -2.585, 6.57],
			"rotation": {"angle": -22.5, "axis": "x", "origin": [8, -3.525, 6.59]},
			"faces": {
				"north": {"uv": [5.77, 8.0125, 5.975, 8.485], "texture": "#0"},
				"east": {"uv": [5.77, 8.0125, 5.975, 8.485], "texture": "#0"},
				"south": {"uv": [5.525, 8.0075, 5.73, 8.48], "texture": "#0"},
				"west": {"uv": [5.77, 8.0125, 5.975, 8.485], "texture": "#0"},
				"up": {"uv": [5.77, 8.0125, 5.975, 8.485], "texture": "#0"},
				"down": {"uv": [5.77, 8.0125, 5.975, 8.485], "texture": "#0"}
			}
		},
		{
			"from": [7.085, -3.77, 6.56],
			"to": [8.915, -2.585, 6.71],
			"rotation": {"angle": -22.5, "axis": "x", "origin": [8, -3.525, 6.59]},
			"faces": {
				"north": {"uv": [6.02, 6.0125, 6.225, 8.485], "texture": "#0"},
				"east": {"uv": [6.02, 6.0125, 6.225, 8.485], "texture": "#0"},
				"south": {"uv": [6.02, 3.5125, 6.225, 5.985], "texture": "#0"},
				"west": {"uv": [6.02, 6.0125, 6.225, 8.485], "texture": "#0"},
				"up": {"uv": [6.02, 3.5125, 6.225, 5.985], "texture": "#0"},
				"down": {"uv": [6.02, 6.0125, 6.225, 8.485], "texture": "#0"}
			}
		},
		{
			"from": [7.085, -3.78, 6.68],
			"to": [8.915, -2.595, 6.83],
			"rotation": {"angle": 0, "axis": "x", "origin": [8, -3.525, 6.59]},
			"faces": {
				"north": {"uv": [6.02, 3.5125, 6.225, 5.985], "texture": "#0"},
				"east": {"uv": [6.02, 6.0125, 6.225, 8.485], "texture": "#0"},
				"south": {"uv": [6.02, 3.5125, 6.225, 5.985], "texture": "#0"},
				"west": {"uv": [6.02, 6.0125, 6.225, 8.485], "texture": "#0"},
				"up": {"uv": [6.02, 3.5125, 6.225, 5.985], "texture": "#0"},
				"down": {"uv": [6.02, 6.0125, 6.225, 8.485], "texture": "#0"}
			}
		},
		{
			"from": [7.065, -4.43, 6.05],
			"to": [8.935, -4.05, 6.4],
			"rotation": {"angle": 0, "axis": "y", "origin": [8, -3.525, 6.59]},
			"faces": {
				"north": {"uv": [5.7775, 8.5575, 5.9825, 8.7175], "texture": "#0"},
				"east": {"uv": [5.7775, 8.5575, 5.9825, 8.7175], "texture": "#0"},
				"south": {"uv": [5.7775, 8.5575, 5.9825, 8.7175], "texture": "#0"},
				"west": {"uv": [5.7775, 8.5575, 5.9825, 8.7175], "texture": "#0"},
				"up": {"uv": [5.7775, 8.5575, 5.9825, 8.7175], "texture": "#0"},
				"down": {"uv": [5.7775, 8.5575, 5.9825, 8.7175], "texture": "#0"}
			}
		},
		{
			"from": [7.085, -4.7, 5.65],
			"to": [7.555, -3.76, 7.53],
			"rotation": {"angle": 0, "axis": "y", "origin": [8, -3.525, 6.59]},
			"faces": {
				"north": {"uv": [5.77, 8.0125, 5.975, 8.485], "texture": "#0"},
				"east": {"uv": [5.77, 8.0125, 5.975, 8.485], "texture": "#0"},
				"south": {"uv": [5.77, 8.0125, 5.975, 8.485], "texture": "#0"},
				"west": {"uv": [5.77, 8.0125, 5.975, 8.485], "texture": "#0"},
				"up": {"uv": [5.525, 8.0075, 5.73, 8.48], "texture": "#0"},
				"down": {"uv": [5.77, 8.0125, 5.975, 8.485], "texture": "#0"}
			}
		},
		{
			"from": [8.505, -4.7, 5.65],
			"to": [8.925, -3.76, 7.53],
			"rotation": {"angle": 0, "axis": "y", "origin": [8, -3.525, 6.59]},
			"faces": {
				"north": {"uv": [5.77, 8.0125, 5.975, 8.485], "texture": "#0"},
				"east": {"uv": [5.77, 8.0125, 5.975, 8.485], "texture": "#0"},
				"south": {"uv": [5.77, 8.0125, 5.975, 8.485], "texture": "#0"},
				"west": {"uv": [5.77, 8.0125, 5.975, 8.485], "texture": "#0"},
				"up": {"uv": [5.525, 8.0075, 5.73, 8.48], "texture": "#0"},
				"down": {"uv": [5.77, 8.0125, 5.975, 8.485], "texture": "#0"}
			}
		},
		{
			"from": [7.505, -4.62, 5.78],
			"to": [8.505, -3.76, 7.53],
			"rotation": {"angle": 0, "axis": "y", "origin": [8, -3.525, 6.59]},
			"faces": {
				"north": {"uv": [1.95, 7.0625, 1.8275, 7.225], "texture": "#0"},
				"east": {"uv": [1.95, 7.0625, 1.8275, 7.225], "texture": "#0"},
				"south": {"uv": [1.9075, 7.07, 1.785, 7.2325], "texture": "#0"},
				"west": {"uv": [1.9275, 7.0575, 1.805, 7.22], "texture": "#0"},
				"up": {"uv": [1.9275, 7.0575, 1.805, 7.22], "texture": "#0"},
				"down": {"uv": [1.9325, 7.295, 1.7575, 7.4575], "texture": "#0"}
			}
		},
		{
			"from": [7.085, -4.465, 6.825],
			"to": [8.915, -2.585, 7.53],
			"rotation": {"angle": 0, "axis": "y", "origin": [8, -3.525, 6.59]},
			"faces": {
				"north": {"uv": [5.525, 8.0075, 5.73, 8.48], "texture": "#0"},
				"east": {"uv": [5.77, 8.0125, 5.975, 8.485], "texture": "#0"},
				"south": {"uv": [5.77, 8.0125, 5.975, 8.485], "texture": "#0"},
				"west": {"uv": [5.77, 8.0125, 5.975, 8.485], "texture": "#0"},
				"up": {"uv": [5.77, 8.0125, 5.975, 8.485], "texture": "#0"},
				"down": {"uv": [5.77, 8.0125, 5.975, 8.485], "texture": "#0"}
			}
		},
		{
			"from": [9.28, -4.44, 7.57],
			"to": [9.75, -4.01, 7.96],
			"rotation": {"angle": 0, "axis": "y", "origin": [0.48, -12.22, 0.48]},
			"faces": {
				"north": {"uv": [4.28, 1.2675, 4.4675, 1.475], "texture": "#0"},
				"east": {"uv": [4.28, 1.2675, 4.4675, 1.475], "texture": "#0"},
				"south": {"uv": [4.28, 1.2675, 4.4675, 1.475], "texture": "#0"},
				"west": {"uv": [4.28, 1.2675, 4.4675, 1.475], "texture": "#0"},
				"up": {"uv": [4.28, 1.2675, 4.4675, 1.475], "texture": "#0"},
				"down": {"uv": [4.28, 1.2675, 4.4675, 1.475], "texture": "#0"}
			}
		},
		{
			"from": [8.89, -4.39359, 6.02031],
			"to": [9.37, -4.05641, 6.34969],
			"rotation": {"angle": 0, "axis": "y", "origin": [0.48, -12.22, 0.48]},
			"faces": {
				"north": {"uv": [7.5375, 5.2775, 7.8825, 5.4775], "texture": "#0"},
				"east": {"uv": [7.5375, 5.2775, 7.8825, 5.4775], "texture": "#0"},
				"south": {"uv": [7.5375, 5.2775, 7.8825, 5.4775], "texture": "#0"},
				"west": {"uv": [7.5375, 5.2775, 7.8825, 5.4775], "texture": "#0"},
				"up": {"uv": [7.5375, 5.2775, 7.8825, 5.4775], "texture": "#0"},
				"down": {"uv": [7.5375, 5.2775, 7.8825, 5.4775], "texture": "#0"}
			}
		},
		{
			"from": [9.04, -4.46, 4.24],
			"to": [9.28, -3.99, 8],
			"rotation": {"angle": 0, "axis": "y", "origin": [0.48, -12.22, 0.48]},
			"faces": {
				"north": {"uv": [7.0375, 5.2775, 7.3825, 5.4775], "texture": "#0"},
				"east": {"uv": [7.0375, 5.2775, 7.3825, 5.4775], "texture": "#0"},
				"south": {"uv": [7.0375, 5.2775, 7.3825, 5.4775], "texture": "#0"},
				"west": {"uv": [7.0375, 5.2775, 7.3825, 5.4775], "texture": "#0"},
				"up": {"uv": [7.0375, 5.2775, 7.3825, 5.4775], "texture": "#0"},
				"down": {"uv": [7.0375, 5.2775, 7.3825, 5.4775], "texture": "#0"}
			}
		},
		{
			"from": [9.28, -4.44, 4.26],
			"to": [9.75, -4.01, 4.69],
			"rotation": {"angle": 0, "axis": "y", "origin": [0.48, -12.22, 0.48]},
			"faces": {
				"north": {"uv": [4.28, 1.2675, 4.4675, 1.475], "texture": "#0"},
				"east": {"uv": [4.28, 1.2675, 4.4675, 1.475], "texture": "#0"},
				"south": {"uv": [4.28, 1.2675, 4.4675, 1.475], "texture": "#0"},
				"west": {"uv": [4.28, 1.2675, 4.4675, 1.475], "texture": "#0"},
				"up": {"uv": [4.28, 1.2675, 4.4675, 1.475], "texture": "#0"},
				"down": {"uv": [4.28, 1.2675, 4.4675, 1.475], "texture": "#0"}
			}
		},
		{
			"from": [7.06, -15.04, 7.06],
			"to": [8.94, -7.52, 8.94],
			"rotation": {"angle": 0, "axis": "y", "origin": [0.48, -12.22, 0.48]},
			"faces": {
				"north": {"uv": [4.28, 1.0175, 4.4675, 1.225], "texture": "#0"},
				"east": {"uv": [4.28, 1.0175, 4.4675, 1.225], "texture": "#0"},
				"south": {"uv": [4.28, 1.0175, 4.4675, 1.225], "texture": "#0"},
				"west": {"uv": [4.28, 1.0175, 4.4675, 1.225], "texture": "#0"},
				"up": {"uv": [4.28, 1.0175, 4.4675, 1.225], "texture": "#0"},
				"down": {"uv": [4.28, 1.0175, 4.4675, 1.225], "texture": "#0"}
			}
		},
		{
			"from": [6.825, -9.1, 6.825],
			"to": [9.175, -8.16, 9.175],
			"rotation": {"angle": 0, "axis": "y", "origin": [0.48, -12.22, 0.48]},
			"faces": {
				"north": {"uv": [4.28, 1.2675, 4.4675, 1.475], "texture": "#0"},
				"east": {"uv": [4.28, 1.2675, 4.4675, 1.475], "texture": "#0"},
				"south": {"uv": [4.28, 1.2675, 4.4675, 1.475], "texture": "#0"},
				"west": {"uv": [4.28, 1.2675, 4.4675, 1.475], "texture": "#0"},
				"up": {"uv": [4.28, 1.2675, 4.4675, 1.475], "texture": "#0"},
				"down": {"uv": [4.28, 1.2675, 4.4675, 1.475], "texture": "#0"}
			}
		},
		{
			"from": [6.825, -14.1, 6.825],
			"to": [9.175, -13.16, 9.175],
			"rotation": {"angle": 0, "axis": "y", "origin": [0.48, -12.22, 0.48]},
			"faces": {
				"north": {"uv": [4.28, 1.2675, 4.4675, 1.475], "texture": "#0"},
				"east": {"uv": [4.28, 1.2675, 4.4675, 1.475], "texture": "#0"},
				"south": {"uv": [4.28, 1.2675, 4.4675, 1.475], "texture": "#0"},
				"west": {"uv": [4.28, 1.2675, 4.4675, 1.475], "texture": "#0"},
				"up": {"uv": [4.28, 1.2675, 4.4675, 1.475], "texture": "#0"},
				"down": {"uv": [4.28, 1.2675, 4.4675, 1.475], "texture": "#0"}
			}
		}
	],
	"display": {
		"thirdperson_righthand": {
			"rotation": [-175.2, 0, 179.35],
			"translation": [-1, 17, 1.75]
		},
		"thirdperson_lefthand": {
			"rotation": [-175.2, 0, 179.35],
			"translation": [-1.25, 17, 1.75]
		},
		"firstperson_righthand": {
			"rotation": [-15.75, -180, 0],
			"translation": [0, 0.5, 0]
		},
		"firstperson_lefthand": {
			"rotation": [-15.75, -180, 0],
			"translation": [0, 0.5, 0]
		},
		"ground": {
			"rotation": [90.04, -1.84, -44.54],
			"translation": [0, -2, 0]
		},
		"gui": {
			"rotation": [90, 45, -90],
			"scale": [0.5, 0.5, 0.5]
		},
		"head": {
			"translation": [0, 12.75, 0],
			"scale": [1.5, 1.5, 1.5]
		},
		"fixed": {
			"translation": [0, 0, -1.25]
		}
	},
	"groups": [
		{
			"name": "string",
			"origin": [0, -13, 0],
			"color": 0,
			"nbt": "{}",
			"armAnimationEnabled": false,
			"children": [0, 1, 2]
		},
		{
			"name": "main rod",
			"origin": [0, -13, 0],
			"color": 0,
			"nbt": "{}",
			"armAnimationEnabled": false,
			"children": [
				{
					"name": "rings",
					"origin": [0, -13, 0],
					"color": 0,
					"nbt": "{}",
					"armAnimationEnabled": false,
					"children": [
						{
							"name": "ring 1",
							"origin": [0, -13, 0],
							"color": 0,
							"nbt": "{}",
							"armAnimationEnabled": false,
							"children": [3, 4, 5, 6, 7]
						},
						{
							"name": "ring 1",
							"origin": [0, -13, 0],
							"color": 0,
							"nbt": "{}",
							"armAnimationEnabled": false,
							"children": [8, 9, 10, 11, 12]
						},
						{
							"name": "ring 1",
							"origin": [0, -13, 0],
							"color": 0,
							"nbt": "{}",
							"armAnimationEnabled": false,
							"children": [13, 14, 15, 16, 17]
						},
						{
							"name": "ring 1",
							"origin": [0, -13, 0],
							"color": 0,
							"nbt": "{}",
							"armAnimationEnabled": false,
							"children": [18, 19, 20, 21, 22]
						}
					]
				},
				23,
				24,
				25,
				26,
				27,
				28,
				29
			]
		},
		{
			"name": "grip",
			"origin": [8, 8, 8],
			"color": 0,
			"nbt": "{}",
			"armAnimationEnabled": false,
			"children": [
				{
					"name": "top",
					"origin": [8, 8, 8],
					"color": 0,
					"nbt": "{}",
					"armAnimationEnabled": false,
					"children": [30, 31]
				},
				{
					"name": "mid",
					"origin": [8, 8, 8],
					"color": 0,
					"nbt": "{}",
					"armAnimationEnabled": false,
					"children": [
						32,
						{
							"name": "skull",
							"origin": [8, 8, 8],
							"color": 0,
							"nbt": "{}",
							"armAnimationEnabled": false,
							"children": [33, 34, 35, 36, 37, 38, 39, 40]
						},
						{
							"name": "reel",
							"origin": [8, 8, 8],
							"color": 0,
							"nbt": "{}",
							"armAnimationEnabled": false,
							"children": [41, 42, 43, 44]
						}
					]
				},
				{
					"name": "bot",
					"origin": [8, 8, 8],
					"color": 0,
					"nbt": "{}",
					"armAnimationEnabled": false,
					"children": [45, 46, 47]
				}
			]
		}
	]
}