{
	"credit": "Made with Blockbench",
	"texture_size": [32, 32],
	"textures": {
		"0": "stand/ghost_rider_in_the_sky/item_texture",
		"particle": "stand/ghost_rider_in_the_sky/item_texture"
	},
	"elements": [
		{
			"from": [4, 0, 0],
			"to": [12, 8, 1],
			"faces": {
				"north": {"uv": [0, 8.5, 4, 12.5], "texture": "#0"},
				"east": {"uv": [4, 0, 4.5, 4], "texture": "#0"},
				"south": {"uv": [0, 4, 4, 8], "texture": "#0"},
				"west": {"uv": [4, 4, 4.5, 8], "texture": "#0"},
				"up": {"uv": [8.5, 0.5, 4.5, 0], "texture": "#0"},
				"down": {"uv": [8.5, 0.5, 4.5, 1], "texture": "#0"}
			}
		},
		{
			"from": [4, 0, -0.1],
			"to": [5, 1, 0.9],
			"faces": {
				"north": {"uv": [6.5, 5, 7, 5.5], "texture": "#0"},
				"east": {"uv": [6.5, 5.5, 7, 6], "texture": "#0"},
				"south": {"uv": [6.5, 6, 7, 6.5], "texture": "#0"},
				"west": {"uv": [6.5, 6.5, 7, 7], "texture": "#0"},
				"up": {"uv": [7.5, 5.5, 7, 5], "texture": "#0"},
				"down": {"uv": [7.5, 5.5, 7, 6], "texture": "#0"}
			}
		},
		{
			"from": [11, 0, -0.1],
			"to": [12, 1, 0.9],
			"faces": {
				"north": {"uv": [7, 6, 7.5, 6.5], "texture": "#0"},
				"east": {"uv": [6.5, 7, 7, 7.5], "texture": "#0"},
				"south": {"uv": [7, 6.5, 7.5, 7], "texture": "#0"},
				"west": {"uv": [7, 7, 7.5, 7.5], "texture": "#0"},
				"up": {"uv": [8, 5.5, 7.5, 5], "texture": "#0"},
				"down": {"uv": [8, 5.5, 7.5, 6], "texture": "#0"}
			}
		},
		{
			"from": [11, 7, -0.1],
			"to": [12, 8, 0.9],
			"faces": {
				"north": {"uv": [7.5, 6, 8, 6.5], "texture": "#0"},
				"east": {"uv": [6.5, 7.5, 7, 8], "texture": "#0"},
				"south": {"uv": [7.5, 6.5, 8, 7], "texture": "#0"},
				"west": {"uv": [7, 7.5, 7.5, 8], "texture": "#0"},
				"up": {"uv": [8, 7.5, 7.5, 7], "texture": "#0"},
				"down": {"uv": [8, 7.5, 7.5, 8], "texture": "#0"}
			}
		},
		{
			"from": [4, 7, -0.1],
			"to": [5, 8, 0.9],
			"faces": {
				"north": {"uv": [0, 8, 0.5, 8.5], "texture": "#0"},
				"east": {"uv": [0.5, 8, 1, 8.5], "texture": "#0"},
				"south": {"uv": [1, 8, 1.5, 8.5], "texture": "#0"},
				"west": {"uv": [1.5, 8, 2, 8.5], "texture": "#0"},
				"up": {"uv": [2.5, 8.5, 2, 8], "texture": "#0"},
				"down": {"uv": [3, 8, 2.5, 8.5], "texture": "#0"}
			}
		},
		{
			"from": [3, 0, -0.1],
			"to": [4, 8, 0.9],
			"faces": {
				"north": {"uv": [4.5, 1, 5, 5], "texture": "#0"},
				"east": {"uv": [5, 1, 5.5, 5], "texture": "#0"},
				"south": {"uv": [4.5, 5, 5, 9], "texture": "#0"},
				"west": {"uv": [5, 5, 5.5, 9], "texture": "#0"},
				"up": {"uv": [3.5, 8.5, 3, 8], "texture": "#0"},
				"down": {"uv": [4, 8, 3.5, 8.5], "texture": "#0"}
			}
		},
		{
			"from": [12, 0, -0.1],
			"to": [13, 8, 0.9],
			"faces": {
				"north": {"uv": [5.5, 1, 6, 5], "texture": "#0"},
				"east": {"uv": [5.5, 5, 6, 9], "texture": "#0"},
				"south": {"uv": [6, 1, 6.5, 5], "texture": "#0"},
				"west": {"uv": [6, 5, 6.5, 9], "texture": "#0"},
				"up": {"uv": [4.5, 8.5, 4, 8], "texture": "#0"},
				"down": {"uv": [8.5, 5, 8, 5.5], "texture": "#0"}
			}
		},
		{
			"from": [4, 8, -0.1],
			"to": [12, 9, 0.9],
			"rotation": {"angle": 0, "axis": "y", "origin": [8, 4, 0.4]},
			"faces": {
				"north": {"uv": [6.5, 1, 10.5, 1.5], "texture": "#0"},
				"east": {"uv": [8, 5.5, 8.5, 6], "texture": "#0"},
				"south": {"uv": [6.5, 1.5, 10.5, 2], "texture": "#0"},
				"west": {"uv": [8, 6, 8.5, 6.5], "texture": "#0"},
				"up": {"uv": [10.5, 2.5, 6.5, 2], "texture": "#0"},
				"down": {"uv": [10.5, 2.5, 6.5, 3], "texture": "#0"}
			}
		},
		{
			"from": [4, -1, -0.1],
			"to": [12, 0, 0.9],
			"rotation": {"angle": 0, "axis": "y", "origin": [8, 4, 0.4]},
			"faces": {
				"north": {"uv": [6.5, 3, 10.5, 3.5], "texture": "#0"},
				"east": {"uv": [6.5, 8, 7, 8.5], "texture": "#0"},
				"south": {"uv": [6.5, 3.5, 10.5, 4], "texture": "#0"},
				"west": {"uv": [8, 6.5, 8.5, 7], "texture": "#0"},
				"up": {"uv": [10.5, 4.5, 6.5, 4], "texture": "#0"},
				"down": {"uv": [10.5, 4.5, 6.5, 5], "texture": "#0"}
			}
		}
	],
	"display": {
		"thirdperson_righthand": {
			"scale": [0, 0, 0]
		},
		"thirdperson_lefthand": {
			"scale": [0, 0, 0]
		},
		"firstperson_righthand": {
			"scale": [0, 0, 0]
		},
		"firstperson_lefthand": {
			"scale": [0, 0, 0]
		},
		"ground": {
			"scale": [0, 0, 0]
		},
		"gui": {
			"rotation": [0, -180, 0],
			"translation": [0.25, 6.25, 0],
			"scale": [1.58789, 1.58789, 1]
		},
		"head": {
			"translation": [0, 4, 0]
		},
		"fixed": {
			"scale": [0, 0, 0]
		}
	}
}