{
	"credit": "Made with Blockbench",
	"texture_size": [32, 32],
	"textures": {
		"0": "jojo/items/stand_arrow",
		"particle": "jojo/items/stand_arrow"
	},
	"elements": [
		{
			"from": [7, 9, 8],
			"to": [9, 13, 9.2],
			"faces": {
				"north": {"uv": [5, 6.5, 6, 8], "texture": "#0"},
				"east": {"uv": [5.5, 3, 6, 4.5], "texture": "#0"},
				"south": {"uv": [6.5, 6.5, 7.5, 8], "texture": "#0"},
				"west": {"uv": [9.5, 4.5, 10, 6], "texture": "#0"},
				"up": {"uv": [5.5, 4.5, 4.5, 4], "texture": "#0"},
				"down": {"uv": [7.5, 6, 6.5, 6.5], "texture": "#0"}
			}
		},
		{
			"from": [7.6, -13, 8],
			"to": [8.6, 9, 9],
			"rotation": {"angle": 0, "axis": "y", "origin": [8, 1, 8]},
			"faces": {
				"north": {"uv": [2.5, 2.5, 3, 13.5], "texture": "#0"},
				"east": {"uv": [3, 3, 3.5, 14], "texture": "#0"},
				"south": {"uv": [3.5, 3.5, 4, 14.5], "texture": "#0"},
				"west": {"uv": [4, 4, 4.5, 15], "texture": "#0"},
				"up": {"uv": [5, 14.5, 4.5, 14], "texture": "#0"},
				"down": {"uv": [10.5, 14, 10, 14.5], "texture": "#0"}
			}
		},
		{
			"from": [14.70562, -13.70595, 7.95],
			"to": [15.70562, -8.70595, 9.05],
			"rotation": {"angle": -22.5, "axis": "z", "origin": [8, 8, 8]},
			"faces": {
				"north": {"uv": [10.5, 2.5, 11, 4.5], "texture": "#0"},
				"east": {"uv": [0, 11, 0.5, 13], "texture": "#0"},
				"south": {"uv": [0.5, 11, 1, 13], "texture": "#0"},
				"west": {"uv": [1, 11, 1.5, 13], "texture": "#0"},
				"up": {"uv": [11, 14.5, 10.5, 14], "texture": "#0"},
				"down": {"uv": [12, 14, 11.5, 14.5], "texture": "#0"}
			}
		},
		{
			"from": [13.94025, -11.85819, 7.95],
			"to": [14.94025, -6.85819, 9.05],
			"rotation": {"angle": -22.5, "axis": "z", "origin": [8, 8, 8]},
			"faces": {
				"north": {"uv": [11, 9, 11.5, 11], "texture": "#0"},
				"east": {"uv": [11, 0.5, 11.5, 2.5], "texture": "#0"},
				"south": {"uv": [11, 2.5, 11.5, 4.5], "texture": "#0"},
				"west": {"uv": [11, 7, 11.5, 9], "texture": "#0"},
				"up": {"uv": [14, 14.5, 13.5, 14], "texture": "#0"},
				"down": {"uv": [14.5, 14, 14, 14.5], "texture": "#0"}
			}
		},
		{
			"from": [13.17488, -10.01043, 7.95],
			"to": [14.17488, -6.01043, 9.05],
			"rotation": {"angle": -22.5, "axis": "z", "origin": [8, 8, 8]},
			"faces": {
				"north": {"uv": [11.5, 0, 12, 2], "texture": "#0"},
				"east": {"uv": [11.5, 2, 12, 4], "texture": "#0"},
				"south": {"uv": [11.5, 4, 12, 6], "texture": "#0"},
				"west": {"uv": [11.5, 6, 12, 8], "texture": "#0"},
				"up": {"uv": [14.5, 2.5, 14, 2], "texture": "#0"},
				"down": {"uv": [14.5, 2.5, 14, 3], "texture": "#0"}
			}
		},
		{
			"from": [0.49438, -13.70595, 7.95],
			"to": [1.49438, -8.70595, 9.05],
			"rotation": {"angle": 22.5, "axis": "z", "origin": [8, 8, 8]},
			"faces": {
				"north": {"uv": [0, 11.5, 0.5, 13.5], "texture": "#0"},
				"east": {"uv": [1, 11, 1.5, 13], "texture": "#0"},
				"south": {"uv": [5, 11, 5.5, 13], "texture": "#0"},
				"west": {"uv": [5.5, 11, 6, 13], "texture": "#0"},
				"up": {"uv": [12.5, 14.5, 12, 14], "texture": "#0"},
				"down": {"uv": [13, 14, 12.5, 14.5], "texture": "#0"}
			}
		},
		{
			"from": [1.25975, -11.85819, 7.95],
			"to": [2.25975, -6.85819, 9.05],
			"rotation": {"angle": 22.5, "axis": "z", "origin": [8, 8, 8]},
			"faces": {
				"north": {"uv": [11, 9, 11.5, 11], "texture": "#0"},
				"east": {"uv": [7, 11.5, 7.5, 13.5], "texture": "#0"},
				"south": {"uv": [7.5, 11.5, 8, 13.5], "texture": "#0"},
				"west": {"uv": [8, 11.5, 8.5, 13.5], "texture": "#0"},
				"up": {"uv": [14.5, 0.5, 14, 0], "texture": "#0"},
				"down": {"uv": [14.5, 0.5, 14, 1], "texture": "#0"}
			}
		},
		{
			"from": [2.02512, -10.01043, 7.95],
			"to": [3.02512, -6.01043, 9.05],
			"rotation": {"angle": 22.5, "axis": "z", "origin": [8, 8, 8]},
			"faces": {
				"north": {"uv": [8.5, 11.5, 9, 13.5], "texture": "#0"},
				"east": {"uv": [9, 11.5, 9.5, 13.5], "texture": "#0"},
				"south": {"uv": [9.5, 11.5, 10, 13.5], "texture": "#0"},
				"west": {"uv": [11.5, 11.5, 12, 13.5], "texture": "#0"},
				"up": {"uv": [14.5, 1.5, 14, 1], "texture": "#0"},
				"down": {"uv": [14.5, 1.5, 14, 2], "texture": "#0"}
			}
		},
		{
			"from": [7.5, 12, 8],
			"to": [8.5, 18, 9.2],
			"faces": {
				"north": {"uv": [5.5, 0, 6, 3], "texture": "#0"},
				"east": {"uv": [5, 8, 5.5, 11], "texture": "#0"},
				"south": {"uv": [5.5, 8, 6, 11], "texture": "#0"},
				"west": {"uv": [2.5, 6.5, 3.5, 7.5], "texture": "#0"},
				"up": {"uv": [14, 13.5, 13.5, 13], "texture": "#0"},
				"down": {"uv": [3.5, 14, 3, 14.5], "texture": "#0"}
			}
		},
		{
			"from": [7.5, 9, 7.75],
			"to": [8.5, 18, 8],
			"faces": {
				"north": {"uv": [0, 5, 0.5, 11], "texture": "#0"},
				"east": {"uv": [0.5, 5, 1, 11], "texture": "#0"},
				"south": {"uv": [1, 5, 1.5, 11], "texture": "#0"},
				"west": {"uv": [1.5, 5, 2, 11], "texture": "#0"},
				"up": {"uv": [14, 3, 13.5, 2.5], "texture": "#0"},
				"down": {"uv": [14, 3, 13.5, 3.5], "texture": "#0"}
			}
		},
		{
			"from": [7.5, 9, 9.25],
			"to": [8.5, 18, 9.5],
			"faces": {
				"north": {"uv": [2, 5, 2.5, 11], "texture": "#0"},
				"east": {"uv": [6, 6, 6.5, 12], "texture": "#0"},
				"south": {"uv": [6, 0, 6.5, 6], "texture": "#0"},
				"west": {"uv": [4.5, 6.5, 5, 12.5], "texture": "#0"},
				"up": {"uv": [14, 8, 13.5, 7.5], "texture": "#0"},
				"down": {"uv": [14, 8, 13.5, 8.5], "texture": "#0"}
			}
		},
		{
			"from": [15.98528, 13.17157, 7.75],
			"to": [16.98528, 16.17157, 8],
			"rotation": {"angle": 45, "axis": "z", "origin": [8, 8, 8]},
			"faces": {
				"north": {"uv": [12, 10, 12.5, 11.5], "texture": "#0"},
				"east": {"uv": [4.5, 12.5, 5, 14], "texture": "#0"},
				"south": {"uv": [10.5, 12.5, 11, 14], "texture": "#0"},
				"west": {"uv": [12.5, 12.5, 13, 14], "texture": "#0"},
				"up": {"uv": [14, 5, 13.5, 4.5], "texture": "#0"},
				"down": {"uv": [14, 5, 13.5, 5.5], "texture": "#0"}
			}
		},
		{
			"from": [15.98528, 13.17157, 9.25],
			"to": [16.98528, 16.17157, 9.5],
			"rotation": {"angle": 45, "axis": "z", "origin": [8, 8, 8]},
			"faces": {
				"north": {"uv": [2, 13, 2.5, 14.5], "texture": "#0"},
				"east": {"uv": [5, 13, 5.5, 14.5], "texture": "#0"},
				"south": {"uv": [5.5, 13, 6, 14.5], "texture": "#0"},
				"west": {"uv": [11, 13, 11.5, 14.5], "texture": "#0"},
				"up": {"uv": [14, 9, 13.5, 8.5], "texture": "#0"},
				"down": {"uv": [14, 9, 13.5, 9.5], "texture": "#0"}
			}
		},
		{
			"from": [13.38103, 13.49747, 7.75],
			"to": [14.38103, 16.49747, 8],
			"rotation": {"angle": 22.5, "axis": "z", "origin": [8, 8, 8]},
			"faces": {
				"north": {"uv": [12.5, 0, 13, 1.5], "texture": "#0"},
				"east": {"uv": [12.5, 1.5, 13, 3], "texture": "#0"},
				"south": {"uv": [12.5, 3, 13, 4.5], "texture": "#0"},
				"west": {"uv": [12.5, 4.5, 13, 6], "texture": "#0"},
				"up": {"uv": [14, 6, 13.5, 5.5], "texture": "#0"},
				"down": {"uv": [14, 6, 13.5, 6.5], "texture": "#0"}
			}
		},
		{
			"from": [13.38103, 13.49747, 9.25],
			"to": [14.38103, 16.49747, 9.5],
			"rotation": {"angle": 22.5, "axis": "z", "origin": [8, 8, 8]},
			"faces": {
				"north": {"uv": [0.5, 13.5, 1, 15], "texture": "#0"},
				"east": {"uv": [1, 13.5, 1.5, 15], "texture": "#0"},
				"south": {"uv": [1.5, 13.5, 2, 15], "texture": "#0"},
				"west": {"uv": [2.5, 13.5, 3, 15], "texture": "#0"},
				"up": {"uv": [14, 12, 13.5, 11.5], "texture": "#0"},
				"down": {"uv": [14, 12.5, 13.5, 13], "texture": "#0"}
			}
		},
		{
			"from": [-0.98528, 13.17157, 7.75],
			"to": [0.01472, 16.17157, 8],
			"rotation": {"angle": -45, "axis": "z", "origin": [8, 8, 8]},
			"faces": {
				"north": {"uv": [12, 3, 12.5, 4.5], "texture": "#0"},
				"east": {"uv": [12, 4.5, 12.5, 6], "texture": "#0"},
				"south": {"uv": [12, 6, 12.5, 7.5], "texture": "#0"},
				"west": {"uv": [12, 8.5, 12.5, 10], "texture": "#0"},
				"up": {"uv": [14, 4, 13.5, 3.5], "texture": "#0"},
				"down": {"uv": [14, 4, 13.5, 4.5], "texture": "#0"}
			}
		},
		{
			"from": [-0.98528, 13.17157, 9.25],
			"to": [0.01472, 16.17157, 9.5],
			"rotation": {"angle": -45, "axis": "z", "origin": [8, 8, 8]},
			"faces": {
				"north": {"uv": [13, 13, 13.5, 14.5], "texture": "#0"},
				"east": {"uv": [13, 0, 13.5, 1.5], "texture": "#0"},
				"south": {"uv": [13, 1.5, 13.5, 3], "texture": "#0"},
				"west": {"uv": [13, 3, 13.5, 4.5], "texture": "#0"},
				"up": {"uv": [14, 10, 13.5, 9.5], "texture": "#0"},
				"down": {"uv": [14, 10, 13.5, 10.5], "texture": "#0"}
			}
		},
		{
			"from": [1.61897, 13.49747, 7.75],
			"to": [2.61897, 16.49747, 8],
			"rotation": {"angle": -22.5, "axis": "z", "origin": [8, 8, 8]},
			"faces": {
				"north": {"uv": [12.5, 6, 13, 7.5], "texture": "#0"},
				"east": {"uv": [12.5, 8.5, 13, 10], "texture": "#0"},
				"south": {"uv": [12.5, 10, 13, 11.5], "texture": "#0"},
				"west": {"uv": [0, 13, 0.5, 14.5], "texture": "#0"},
				"up": {"uv": [14, 7, 13.5, 6.5], "texture": "#0"},
				"down": {"uv": [14, 7, 13.5, 7.5], "texture": "#0"}
			}
		},
		{
			"from": [1.61897, 13.49747, 9.25],
			"to": [2.61897, 16.49747, 9.5],
			"rotation": {"angle": -22.5, "axis": "z", "origin": [8, 8, 8]},
			"faces": {
				"north": {"uv": [13, 4.5, 13.5, 6], "texture": "#0"},
				"east": {"uv": [13, 6, 13.5, 7.5], "texture": "#0"},
				"south": {"uv": [13, 8, 13.5, 9.5], "texture": "#0"},
				"west": {"uv": [13, 9.5, 13.5, 11], "texture": "#0"},
				"up": {"uv": [14, 11, 13.5, 10.5], "texture": "#0"},
				"down": {"uv": [14, 11, 13.5, 11.5], "texture": "#0"}
			}
		},
		{
			"from": [12.95461, 13.16478, 8.05],
			"to": [15.95461, 17.41478, 9.25],
			"rotation": {"angle": 22.5, "axis": "z", "origin": [8, 8, 8]},
			"faces": {
				"north": {"uv": [2.5, 0, 4, 2], "texture": "#0"},
				"east": {"uv": [7, 9.5, 7.5, 11.5], "texture": "#0"},
				"south": {"uv": [4, 0, 5.5, 2], "texture": "#0"},
				"west": {"uv": [7.5, 9.5, 8, 11.5], "texture": "#0"},
				"up": {"uv": [11.5, 5, 10, 4.5], "texture": "#0"},
				"down": {"uv": [11.5, 5, 10, 5.5], "texture": "#0"}
			}
		},
		{
			"from": [12.3, 11.8, 8],
			"to": [13.3, 16.05, 9.2],
			"faces": {
				"north": {"uv": [9.5, 0.5, 10, 2.5], "texture": "#0"},
				"east": {"uv": [9.5, 0.5, 10, 2.5], "texture": "#0"},
				"south": {"uv": [9.5, 0.5, 10, 2.5], "texture": "#0"},
				"west": {"uv": [9.5, 0.5, 10, 2.5], "texture": "#0"},
				"up": {"uv": [9.5, 0.5, 10, 2.5], "texture": "#0"},
				"down": {"uv": [9.5, 0.5, 10, 2.5], "texture": "#0"}
			}
		},
		{
			"from": [15.02843, 9, 8.045],
			"to": [16.52843, 11, 9.145],
			"rotation": {"angle": 45, "axis": "z", "origin": [8, 8, 8]},
			"faces": {
				"north": {"uv": [0.5, 3.5, 2, 4.5], "texture": "#0"},
				"east": {"uv": [2, 0, 3, 1], "texture": "#0"},
				"south": {"uv": [0.5, 3.5, 2, 4.5], "texture": "#0"},
				"west": {"uv": [0.5, 3.5, 2, 4.5], "texture": "#0"},
				"up": {"uv": [0.5, 3.5, 2, 4.5], "texture": "#0"},
				"down": {"uv": [0.5, 3.5, 2, 4.5], "texture": "#0"}
			}
		},
		{
			"from": [11, 10.82843, 8],
			"to": [15, 11.82843, 9.2],
			"rotation": {"angle": 45, "axis": "z", "origin": [8, 8, 8]},
			"faces": {
				"north": {"uv": [3, 5, 3.5, 8], "texture": "#0"},
				"east": {"uv": [3, 5, 3.5, 8], "texture": "#0"},
				"south": {"uv": [3, 5, 3.5, 8], "texture": "#0"},
				"west": {"uv": [3, 5, 3.5, 8], "texture": "#0"},
				"up": {"uv": [3, 5, 3.5, 8], "texture": "#0"},
				"down": {"uv": [3, 5, 3.5, 8], "texture": "#0"}
			}
		},
		{
			"from": [14.57843, 8.32843, 8.05],
			"to": [15.17843, 11.02843, 9.15],
			"rotation": {"angle": 45, "axis": "z", "origin": [8, 8, 8]},
			"faces": {
				"north": {"uv": [8, 14.5, 9.5, 15], "texture": "#0"},
				"east": {"uv": [10, 11.5, 11.5, 12], "texture": "#0"},
				"south": {"uv": [1.5, 3.5, 2.5, 4.5], "texture": "#0"},
				"west": {"uv": [12, 6.5, 13.5, 7], "texture": "#0"},
				"up": {"uv": [14, 12, 13.5, 11.5], "texture": "#0"},
				"down": {"uv": [14, 12, 13.5, 12.5], "texture": "#0"}
			}
		},
		{
			"from": [1, 10.92843, 8],
			"to": [4, 11.92843, 9.2],
			"rotation": {"angle": -45, "axis": "z", "origin": [8, 8, 8]},
			"faces": {
				"north": {"uv": [3, 6, 4, 7], "texture": "#0"},
				"east": {"uv": [3, 6, 4, 7], "texture": "#0"},
				"south": {"uv": [3, 6, 4, 7], "texture": "#0"},
				"west": {"uv": [3, 6, 4, 7], "texture": "#0"},
				"up": {"uv": [3, 6, 4, 7], "texture": "#0"},
				"down": {"uv": [3, 6, 4, 7], "texture": "#0"}
			}
		},
		{
			"from": [0.9, 8, 8.05],
			"to": [1.5, 11.7, 9.15],
			"rotation": {"angle": -45, "axis": "z", "origin": [8, 8, 8]},
			"faces": {
				"north": {"uv": [12, 10, 13.5, 10.5], "texture": "#0"},
				"east": {"uv": [12, 12, 13.5, 12.5], "texture": "#0"},
				"south": {"uv": [5.5, 14, 7, 14.5], "texture": "#0"},
				"west": {"uv": [1.5, 12, 3, 12.5], "texture": "#0"},
				"up": {"uv": [1, 14, 0.5, 13.5], "texture": "#0"},
				"down": {"uv": [1.5, 13.5, 1, 14], "texture": "#0"}
			}
		},
		{
			"from": [-0.23553, 9, 8.05],
			"to": [0.96447, 11, 9.15],
			"rotation": {"angle": -45, "axis": "z", "origin": [8, 8, 8]},
			"faces": {
				"north": {"uv": [13.5, 6, 14.5, 6.5], "texture": "#0"},
				"east": {"uv": [13.5, 6.5, 14.5, 7], "texture": "#0"},
				"south": {"uv": [13.5, 7, 14.5, 7.5], "texture": "#0"},
				"west": {"uv": [13.5, 7.5, 14.5, 8], "texture": "#0"},
				"up": {"uv": [2, 14, 1.5, 13.5], "texture": "#0"},
				"down": {"uv": [2.5, 13.5, 2, 14], "texture": "#0"}
			}
		},
		{
			"from": [0.04539, 13.16478, 8.05],
			"to": [3.04539, 17.41478, 9.15],
			"rotation": {"angle": -22.5, "axis": "z", "origin": [8, 8, 8]},
			"faces": {
				"north": {"uv": [4, 2, 5.5, 4], "texture": "#0"},
				"east": {"uv": [8.5, 9.5, 9, 11.5], "texture": "#0"},
				"south": {"uv": [4.5, 4.5, 6, 6.5], "texture": "#0"},
				"west": {"uv": [9, 9.5, 9.5, 11.5], "texture": "#0"},
				"up": {"uv": [11.5, 6, 10, 5.5], "texture": "#0"},
				"down": {"uv": [13, 8, 11.5, 8.5], "texture": "#0"}
			}
		},
		{
			"from": [2.7, 11.8, 8],
			"to": [3.7, 16.05, 9.2],
			"faces": {
				"north": {"uv": [10, 0.5, 10.5, 2.5], "texture": "#0"},
				"east": {"uv": [10, 2.5, 10.5, 4.5], "texture": "#0"},
				"south": {"uv": [10.5, 10.5, 11, 12.5], "texture": "#0"},
				"west": {"uv": [10.5, 0.5, 11, 2.5], "texture": "#0"},
				"up": {"uv": [11, 10.5, 10.5, 10], "texture": "#0"},
				"down": {"uv": [13.5, 11, 13, 11.5], "texture": "#0"}
			}
		},
		{
			"from": [-2.92849, 13.68038, 8],
			"to": [2.47151, 18.88038, 9.2],
			"rotation": {"angle": -45, "axis": "z", "origin": [8, 8, 8]},
			"faces": {
				"north": {"uv": [0, 0, 2.5, 2.5], "texture": "#0"},
				"east": {"uv": [9, 0.5, 9.5, 3], "texture": "#0"},
				"south": {"uv": [0, 2.5, 2.5, 5], "texture": "#0"},
				"west": {"uv": [6.5, 9.5, 7, 12], "texture": "#0"},
				"up": {"uv": [11.5, 6.5, 9, 6], "texture": "#0"},
				"down": {"uv": [11.5, 6.5, 9, 7], "texture": "#0"}
			}
		}
	],
	"display": {
		"thirdperson_righthand": {
			"translation": [0, 0.75, -0.25],
			"scale": [0.25, 0.3, 0.5]
		},
		"thirdperson_lefthand": {
			"translation": [0, 0.75, -0.25],
			"scale": [0.25, 0.3, 0.5]
		},
		"firstperson_righthand": {
			"rotation": [-18, -31, 18],
			"translation": [0, 0.75, 2.75],
			"scale": [0.5, 0.5, 0.5]
		},
		"firstperson_lefthand": {
			"rotation": [-26, -168, -2],
			"translation": [0, 3, 3.5],
			"scale": [0.5, 0.5, 0.5]
		},
		"ground": {
			"translation": [0, 7.75, 0],
			"scale": [0.5, 0.5, 0.5]
		},
		"gui": {
			"rotation": [0, 0, -43],
			"translation": [1.25, 1.75, -1],
			"scale": [0.5, 0.5, 0.5]
		},
		"head": {
			"rotation": [-12, 0, 0],
			"translation": [0, 0.5, -6.25],
			"scale": [0.35, 0.3, 0.5]
		},
		"fixed": {
			"translation": [0, 1.5, -1],
			"scale": [0.5, 0.5, 0.5]
		}
	},
	"groups": [
		{
			"name": "arrow head",
			"origin": [8, 8, 8],
			"children": [0, 1, 2, 3, 4, 5, 6, 7, 8, 9, 10, 11, 12, 13, 14, 15, 16, 17, 18, 19, 20, 21, 22, 23, 24, 25, 26, 27, 28, 29]
		}
	]
}