{
	"__credit": "Generated using Animated Java (https://animated-java.dev/)",
	"textures": {
		"0": "minecraft:stand/soft_and_wet/texture"
	},
	"elements": [
		{
			"faces": {
				"north": {"uv": [5.275, 5.075, 6.75, 7.975], "texture": "#0"},
				"east": {"uv": [5.275, 7.8, 6.75, 7.975], "texture": "#0"},
				"south": {"uv": [4.35, 5.07188, 4.71875, 6.49688], "texture": "#0"},
				"west": {"uv": [5.275, 7.8, 6.75, 7.975], "texture": "#0"},
				"up": {"uv": [5.275, 7.8, 6.75, 7.975], "texture": "#0"},
				"down": {"uv": [5.275, 7.8, 6.75, 7.975], "texture": "#0"}
			},
			"to": [8.99589, 8.02623, 9.55359],
			"from": [6.99589, 3.53623, 6.73359],
			"rotation": {"angle": 0, "axis": "y", "origin": [8.00051, 4.69172, 8.14268]}
		},
		{
			"faces": {
				"north": {"uv": [4.4, 6.27188, 4.64375, 7.62188], "texture": "#0"},
				"east": {"uv": [14, 5, 15.75, 6.25], "texture": "#0"},
				"south": {"uv": [4.4, 6.27188, 4.64375, 7.62188], "texture": "#0"},
				"west": {"uv": [4.4, 6.27188, 4.64375, 7.62188], "texture": "#0"},
				"up": {"uv": [4.125, 0, 5.05, 0.75], "texture": "#0"},
				"down": {"uv": [5.275, 7.8, 6.75, 7.975], "texture": "#0"}
			},
			"to": [6.8354, 8.10164, 9.54355],
			"from": [6.4304, 4.16664, 6.74355],
			"rotation": {"angle": 22.5, "axis": "z", "origin": [8.00051, 4.69172, 8.13768]}
		},
		{
			"faces": {
				"north": {"uv": [4.4, 6.27188, 4.64375, 7.62188], "texture": "#0"},
				"east": {"uv": [4.4, 6.27188, 4.64375, 7.62188], "texture": "#0"},
				"south": {"uv": [4.4, 6.27188, 4.64375, 7.62188], "texture": "#0"},
				"west": {"uv": [7, 0, 0, 11], "texture": "#0"},
				"up": {"uv": [4.125, 0, 5.05, 0.75], "texture": "#0"},
				"down": {"uv": [5.275, 7.8, 6.75, 7.975], "texture": "#0"}
			},
			"to": [9.56209, 8.09811, 9.54355],
			"from": [9.15709, 4.16311, 6.74355],
			"rotation": {"angle": -22.5, "axis": "z", "origin": [8.00051, 4.69172, 8.13768]}
		},
		{
			"faces": {
				"north": {"uv": [6.475, 5.07188, 6.89375, 7.39688], "texture": "#0"},
				"east": {"uv": [14, 5, 15.75, 6.25], "texture": "#0"},
				"south": {"uv": [4.35, 5.07188, 4.71875, 6.42188], "texture": "#0"},
				"west": {"uv": [0, 0, 7, 11], "texture": "#0"},
				"up": {"uv": [4.125, 0, 5.05, 0.75], "texture": "#0"},
				"down": {"uv": [0, 0, 3.8, 7], "texture": "#0"}
			},
			"to": [8.3504, 8.10164, 9.54855],
			"from": [6.8304, 4.16664, 6.74855],
			"rotation": {"angle": 22.5, "axis": "z", "origin": [8.00051, 4.69172, 8.14268]}
		},
		{
			"faces": {
				"north": {"uv": [5.1, 5.07188, 5.51875, 7.39688], "texture": "#0"},
				"east": {"uv": [14.25, 2, 15.25, 3.25], "texture": "#0"},
				"south": {"uv": [4.35, 5.07188, 4.71875, 6.42188], "texture": "#0"},
				"west": {"uv": [14, 5, 15.75, 6.25], "texture": "#0"},
				"up": {"uv": [4.125, 0, 5.05, 0.75], "texture": "#0"},
				"down": {"uv": [10.5, 2, 11.05, 3.25], "texture": "#0"}
			},
			"to": [9.20209, 8.09811, 9.54851],
			"from": [7.68209, 4.16311, 6.74851],
			"rotation": {"angle": -22.5, "axis": "z", "origin": [8.00051, 4.69172, 8.14268]}
		},
		{
			"faces": {
				"north": {"uv": [8.8125, 7.5625, 9.2125, 7.75], "texture": "#0"},
				"east": {"uv": [8.8125, 7.5625, 9.2125, 7.75], "texture": "#0"},
				"south": {"uv": [8.8125, 7.5625, 9.2125, 7.75], "texture": "#0"},
				"west": {"uv": [8.8125, 7.5625, 9.2125, 7.75], "texture": "#0"},
				"up": {"uv": [8.8125, 7.5625, 9.2125, 7.75], "texture": "#0"},
				"down": {"uv": [8.8125, 7.5625, 9.2125, 7.75], "texture": "#0"}
			},
			"to": [8.19589, 7.86623, 7.06855],
			"from": [7.79589, 7.06623, 6.66855],
			"rotation": {"angle": 0, "axis": "y", "origin": [7.99429, 9.25407, 7.15215]}
		},
		{
			"faces": {
				"north": {"uv": [6.25, 2.275, 7.75, 3.75], "texture": "#0"},
				"east": {"uv": [6.25, 2.275, 7.75, 3.75], "texture": "#0"},
				"south": {"uv": [6.25, 2.275, 7.75, 3.75], "texture": "#0"},
				"west": {"uv": [6.25, 2.275, 7.75, 3.75], "texture": "#0"},
				"up": {"uv": [6.25, 2.275, 7.75, 3.75], "texture": "#0"},
				"down": {"uv": [6.25, 2.275, 7.75, 3.75], "texture": "#0"}
			},
			"to": [8.51589, 3.23036, 8.97457],
			"from": [7.47589, 2.15036, 7.35457],
			"rotation": {"angle": 0, "axis": "y", "origin": [8.00051, 4.69172, 8.14268]}
		},
		{
			"faces": {
				"north": {"uv": [6.54375, 6.76562, 6.72187, 7.48125], "texture": "#0"},
				"east": {"uv": [6.54375, 6.76562, 6.72187, 7.48125], "texture": "#0"},
				"south": {"uv": [6.54375, 6.76562, 6.72187, 7.48125], "texture": "#0"},
				"west": {"uv": [6.54375, 6.76562, 6.72187, 7.48125], "texture": "#0"},
				"up": {"uv": [6.54375, 6.76562, 6.72187, 7.48125], "texture": "#0"},
				"down": {"uv": [6.54375, 6.76562, 6.72187, 7.48125], "texture": "#0"}
			},
			"to": [7.43589, 3.59036, 8.62957],
			"from": [7.23589, 2.75036, 7.60957],
			"rotation": {"angle": 0, "axis": "y", "origin": [8.00051, 4.69172, 8.14268]}
		},
		{
			"faces": {
				"north": {"uv": [6.54375, 6.76562, 6.72187, 7.48125], "texture": "#0"},
				"east": {"uv": [6.54375, 6.76562, 6.72187, 7.48125], "texture": "#0"},
				"south": {"uv": [6.54375, 6.76562, 6.72187, 7.48125], "texture": "#0"},
				"west": {"uv": [6.54375, 6.76562, 6.72187, 7.48125], "texture": "#0"},
				"up": {"uv": [6.54375, 6.76562, 6.72187, 7.48125], "texture": "#0"},
				"down": {"uv": [6.54375, 6.76562, 6.72187, 7.48125], "texture": "#0"}
			},
			"to": [8.75589, 3.59036, 8.62957],
			"from": [8.55589, 2.75036, 7.60957],
			"rotation": {"angle": 0, "axis": "y", "origin": [8.00051, 4.69172, 8.14268]}
		}
	],
	"display": {
		"head": {
			"translation": [0, 5.6, 0],
			"scale": [4, 4, 4],
			"rotation": [0, 0, 0]
		}
	}
}