{
	"__credit": "Generated using Animated Java (https://animated-java.dev/)",
	"textures": {
		"0": "minecraft:stand/soft_and_wet/texture"
	},
	"elements": [
		{
			"faces": {
				"north": {"uv": [6.25, 2.325, 7.75, 3.75], "texture": "#0"},
				"east": {"uv": [6.25, 2.325, 7.75, 3.75], "texture": "#0"},
				"south": {"uv": [6.25, 2.325, 7.75, 3.75], "texture": "#0"},
				"west": {"uv": [6.25, 2.325, 7.75, 3.75], "texture": "#0"},
				"up": {"uv": [6.25, 2.325, 7.75, 3.75], "texture": "#0"},
				"down": {"uv": [6.25, 2.325, 7.75, 3.75], "texture": "#0"}
			},
			"to": [8.64125, 4.71, 8.6],
			"from": [7.44125, 2.31, 7.4],
			"rotation": {"angle": 0, "axis": "y", "origin": [8.04125, 4.71, 8]}
		},
		{
			"faces": {
				"north": {"uv": [10.7625, 0.775, 11.225, 1.225], "texture": "#0"},
				"east": {"uv": [10.7625, 0.775, 11.225, 1.225], "texture": "#0"},
				"south": {"uv": [10.7625, 0.775, 11.225, 1.225], "texture": "#0"},
				"west": {"uv": [10.7625, 0.775, 11.225, 1.225], "texture": "#0"},
				"up": {"uv": [11.225, 1.225, 10.7625, 0.775], "texture": "#0"},
				"down": {"uv": [11.225, 1.225, 10.7625, 0.775], "texture": "#0"}
			},
			"to": [8.39625, 5.13, 8.55],
			"from": [7.52125, 4.65, 7.45],
			"rotation": {"angle": 0, "axis": "y", "origin": [4.23875, -0.57, 8]}
		}
	],
	"display": {
		"head": {
			"translation": [0, 5.6, 0],
			"scale": [4, 4, 4],
			"rotation": [0, 0, 0]
		}
	}
}