{
	"__credit": "Generated using Animated Java (https://animated-java.dev/)",
	"textures": {
		"0": "minecraft:stand/soft_and_wet/texture"
	},
	"elements": [
		{
			"faces": {
				"north": {"uv": [10.7625, 0.775, 11.225, 1.225], "texture": "#0"},
				"east": {"uv": [10.7625, 0.775, 11.225, 1.225], "texture": "#0"},
				"south": {"uv": [10.7625, 0.775, 11.225, 1.225], "texture": "#0"},
				"west": {"uv": [10.7625, 0.775, 11.225, 1.225], "texture": "#0"},
				"up": {"uv": [11.225, 1.225, 10.7625, 0.775], "texture": "#0"},
				"down": {"uv": [11.225, 1.225, 10.7625, 0.775], "texture": "#0"}
			},
			"to": [8.4375, 5.3, 8.55],
			"from": [7.5625, 5.14, 7.45],
			"rotation": {"angle": 0, "axis": "y", "origin": [8, 5, 8]}
		},
		{
			"faces": {
				"north": {"uv": [7, 13.775, 6, 16], "texture": "#0"},
				"east": {"uv": [7, 13.775, 6, 16], "texture": "#0"},
				"south": {"uv": [7, 13.775, 6, 16], "texture": "#0"},
				"west": {"uv": [7, 13.775, 6, 16], "texture": "#0"},
				"up": {"uv": [6, 15.775, 5.25, 16], "texture": "#0"},
				"down": {"uv": [6.5, 15.525, 5.75, 16], "texture": "#0"}
			},
			"to": [8.6425, 5.14, 8.64],
			"from": [7.3225, 2.5, 7.32],
			"rotation": {"angle": 0, "axis": "y", "origin": [8, 5.8, 8]}
		}
	],
	"display": {
		"head": {
			"translation": [0, 5.6, 0],
			"scale": [4, 4, 4],
			"rotation": [0, 0, 0]
		}
	}
}