{
	"credit": "Made with Blockbench",
	"textures": {
		"1": "stand/the_world/skin"
	},
	"elements": [
		{
			"name": "right_arm_2nd_layer",
			"from": [19.45056, 11.61111, 1.95278],
			"to": [23.94056, 16.41111, 14.85278],
			"rotation": {"angle": 22.5, "axis": "y", "origin": [7.5, 1, 5]},
			"faces": {
				"north": {"uv": [13, 8, 12, 9], "rotation": 180, "texture": "#1"},
				"east": {"uv": [10, 9, 11, 12], "rotation": 270, "texture": "#1"},
				"south": {"uv": [12, 9, 11, 8], "texture": "#1"},
				"west": {"uv": [12, 9, 13, 12], "rotation": 90, "texture": "#1"},
				"up": {"uv": [11, 9, 12, 12], "rotation": 180, "texture": "#1"},
				"down": {"uv": [13, 9, 14, 12], "texture": "#1"}
			}
		},
		{
			"from": [18.85056, 11.41111, 1.75278],
			"to": [24.35056, 16.81111, 3.75278],
			"rotation": {"angle": 22.5, "axis": "y", "origin": [7.5, 1, 5]},
			"faces": {
				"north": {"uv": [6, 15.75, 6.5, 16], "rotation": 180, "texture": "#1"},
				"east": {"uv": [6, 15.75, 6.5, 16], "rotation": 180, "texture": "#1"},
				"south": {"uv": [6, 15.75, 6.5, 16], "rotation": 180, "texture": "#1"},
				"west": {"uv": [6, 15.75, 6.5, 16], "rotation": 180, "texture": "#1"},
				"up": {"uv": [6, 15.75, 6.5, 16], "rotation": 180, "texture": "#1"},
				"down": {"uv": [6, 15.75, 6.5, 16], "rotation": 180, "texture": "#1"}
			}
		},
		{
			"from": [19.65056, 12.01111, 1.60278],
			"to": [23.65056, 16.01111, 1.85278],
			"rotation": {"angle": 22.5, "axis": "y", "origin": [7.5, 1, 5]},
			"faces": {
				"north": {"uv": [4.5, 1, 5.5, 2], "rotation": 180, "texture": "#1"},
				"east": {"uv": [4.5, 1, 5.5, 2], "rotation": 180, "texture": "#1"},
				"south": {"uv": [4.5, 1, 5.5, 2], "rotation": 180, "texture": "#1"},
				"west": {"uv": [4.5, 1, 5.5, 2], "rotation": 180, "texture": "#1"},
				"up": {"uv": [4.5, 1, 5.5, 2], "rotation": 180, "texture": "#1"},
				"down": {"uv": [4.5, 1, 5.5, 2], "rotation": 180, "texture": "#1"}
			}
		},
		{
			"from": [22.15056, 11.71111, 3.85278],
			"to": [23.85056, 16.31111, 5.85278],
			"rotation": {"angle": 22.5, "axis": "y", "origin": [7.5, 1, 5]},
			"faces": {
				"north": {"uv": [0, 0, 1.7, 4.6], "rotation": 180, "texture": "#1"},
				"east": {"uv": [9.75, 15.75, 11.25, 16], "rotation": 270, "texture": "#1"},
				"south": {"uv": [5.75, 15, 6.75, 16], "rotation": 180, "texture": "#1"},
				"west": {"uv": [5.75, 15, 6.75, 16], "rotation": 180, "texture": "#1"},
				"up": {"uv": [5.75, 15, 6.75, 16], "rotation": 180, "texture": "#1"},
				"down": {"uv": [5.75, 15, 6.75, 16], "rotation": 180, "texture": "#1"}
			}
		},
		{
			"name": "right_arm",
			"from": [19.65056, 12.11111, 1.85278],
			"to": [23.65056, 16.11111, 13.85278],
			"rotation": {"angle": 22.5, "axis": "y", "origin": [7.5, 1, 5]},
			"faces": {
				"north": {"uv": [13, 4, 12, 5], "rotation": 180, "texture": "#1"},
				"east": {"uv": [10, 5, 11, 8], "rotation": 270, "texture": "#1"},
				"south": {"uv": [12, 5, 11, 4], "texture": "#1"},
				"west": {"uv": [8.5, 5, 9.5, 8], "rotation": 90, "texture": "#1"},
				"up": {"uv": [11, 5, 12, 8], "rotation": 180, "texture": "#1"},
				"down": {"uv": [13, 5, 14, 8], "texture": "#1"}
			}
		},
		{
			"name": "right_arm_2nd_layer",
			"from": [19.35056, -1.38889, -5.94722],
			"to": [23.84056, 3.41111, 6.95278],
			"rotation": {"angle": 22.5, "axis": "y", "origin": [7.5, 1, 5]},
			"faces": {
				"north": {"uv": [13, 8, 12, 9], "rotation": 180, "texture": "#1"},
				"east": {"uv": [10, 9, 11, 12], "rotation": 270, "texture": "#1"},
				"south": {"uv": [12, 9, 11, 8], "texture": "#1"},
				"west": {"uv": [12, 9, 13, 12], "rotation": 90, "texture": "#1"},
				"up": {"uv": [11, 9, 12, 12], "rotation": 180, "texture": "#1"},
				"down": {"uv": [13, 9, 14, 12], "texture": "#1"}
			}
		},
		{
			"from": [18.75056, -1.58889, -6.14722],
			"to": [24.25056, 3.81111, -4.14722],
			"rotation": {"angle": 22.5, "axis": "y", "origin": [7.5, 1, 5]},
			"faces": {
				"north": {"uv": [6, 15.75, 6.5, 16], "rotation": 180, "texture": "#1"},
				"east": {"uv": [6, 15.75, 6.5, 16], "rotation": 180, "texture": "#1"},
				"south": {"uv": [6, 15.75, 6.5, 16], "rotation": 180, "texture": "#1"},
				"west": {"uv": [6, 15.75, 6.5, 16], "rotation": 180, "texture": "#1"},
				"up": {"uv": [6, 15.75, 6.5, 16], "rotation": 180, "texture": "#1"},
				"down": {"uv": [6, 15.75, 6.5, 16], "rotation": 180, "texture": "#1"}
			}
		},
		{
			"from": [19.55056, -0.98889, -6.29722],
			"to": [23.55056, 3.01111, -6.04722],
			"rotation": {"angle": 22.5, "axis": "y", "origin": [7.5, 1, 5]},
			"faces": {
				"north": {"uv": [4.5, 1, 5.5, 2], "rotation": 180, "texture": "#1"},
				"east": {"uv": [4.5, 1, 5.5, 2], "rotation": 180, "texture": "#1"},
				"south": {"uv": [4.5, 1, 5.5, 2], "rotation": 180, "texture": "#1"},
				"west": {"uv": [4.5, 1, 5.5, 2], "rotation": 180, "texture": "#1"},
				"up": {"uv": [4.5, 1, 5.5, 2], "rotation": 180, "texture": "#1"},
				"down": {"uv": [4.5, 1, 5.5, 2], "rotation": 180, "texture": "#1"}
			}
		},
		{
			"from": [22.05056, -1.28889, -4.04722],
			"to": [23.75056, 3.31111, -2.04722],
			"rotation": {"angle": 22.5, "axis": "y", "origin": [7.5, 1, 5]},
			"faces": {
				"north": {"uv": [0, 0, 1.7, 4.6], "rotation": 180, "texture": "#1"},
				"east": {"uv": [9.75, 15.75, 11.25, 16], "rotation": 270, "texture": "#1"},
				"south": {"uv": [5.75, 15, 6.75, 16], "rotation": 180, "texture": "#1"},
				"west": {"uv": [5.75, 15, 6.75, 16], "rotation": 180, "texture": "#1"},
				"up": {"uv": [5.75, 15, 6.75, 16], "rotation": 180, "texture": "#1"},
				"down": {"uv": [5.75, 15, 6.75, 16], "rotation": 180, "texture": "#1"}
			}
		},
		{
			"name": "right_arm",
			"from": [19.55056, -0.88889, -6.04722],
			"to": [23.55056, 3.11111, 5.95278],
			"rotation": {"angle": 22.5, "axis": "y", "origin": [7.5, 1, 5]},
			"faces": {
				"north": {"uv": [13, 4, 12, 5], "rotation": 180, "texture": "#1"},
				"east": {"uv": [10, 5, 11, 8], "rotation": 270, "texture": "#1"},
				"south": {"uv": [12, 5, 11, 4], "texture": "#1"},
				"west": {"uv": [8.5, 5, 9.5, 8], "rotation": 90, "texture": "#1"},
				"up": {"uv": [11, 5, 12, 8], "rotation": 180, "texture": "#1"},
				"down": {"uv": [13, 5, 14, 8], "texture": "#1"}
			}
		},
		{
			"name": "right_arm_2nd_layer",
			"from": [13.15056, 5.61111, 7.95278],
			"to": [17.64056, 10.41111, 20.85278],
			"rotation": {"angle": 22.5, "axis": "y", "origin": [7.5, 1, 5]},
			"faces": {
				"north": {"uv": [13, 8, 12, 9], "rotation": 180, "texture": "#1"},
				"east": {"uv": [10, 9, 11, 12], "rotation": 270, "texture": "#1"},
				"south": {"uv": [12, 9, 11, 8], "texture": "#1"},
				"west": {"uv": [12, 9, 13, 12], "rotation": 90, "texture": "#1"},
				"up": {"uv": [11, 9, 12, 12], "rotation": 180, "texture": "#1"},
				"down": {"uv": [13, 9, 14, 12], "texture": "#1"}
			}
		},
		{
			"from": [12.55056, 5.41111, 7.75278],
			"to": [18.05056, 10.81111, 9.75278],
			"rotation": {"angle": 22.5, "axis": "y", "origin": [7.5, 1, 5]},
			"faces": {
				"north": {"uv": [6, 15.75, 6.5, 16], "rotation": 180, "texture": "#1"},
				"east": {"uv": [6, 15.75, 6.5, 16], "rotation": 180, "texture": "#1"},
				"south": {"uv": [6, 15.75, 6.5, 16], "rotation": 180, "texture": "#1"},
				"west": {"uv": [6, 15.75, 6.5, 16], "rotation": 180, "texture": "#1"},
				"up": {"uv": [6, 15.75, 6.5, 16], "rotation": 180, "texture": "#1"},
				"down": {"uv": [6, 15.75, 6.5, 16], "rotation": 180, "texture": "#1"}
			}
		},
		{
			"from": [13.35056, 6.01111, 7.60278],
			"to": [17.35056, 10.01111, 7.85278],
			"rotation": {"angle": 22.5, "axis": "y", "origin": [7.5, 1, 5]},
			"faces": {
				"north": {"uv": [4.5, 1, 5.5, 2], "rotation": 180, "texture": "#1"},
				"east": {"uv": [4.5, 1, 5.5, 2], "rotation": 180, "texture": "#1"},
				"south": {"uv": [4.5, 1, 5.5, 2], "rotation": 180, "texture": "#1"},
				"west": {"uv": [4.5, 1, 5.5, 2], "rotation": 180, "texture": "#1"},
				"up": {"uv": [4.5, 1, 5.5, 2], "rotation": 180, "texture": "#1"},
				"down": {"uv": [4.5, 1, 5.5, 2], "rotation": 180, "texture": "#1"}
			}
		},
		{
			"from": [15.85056, 5.71111, 9.85278],
			"to": [17.55056, 10.31111, 11.85278],
			"rotation": {"angle": 22.5, "axis": "y", "origin": [7.5, 1, 5]},
			"faces": {
				"north": {"uv": [0, 0, 1.7, 4.6], "rotation": 180, "texture": "#1"},
				"east": {"uv": [9.75, 15.75, 11.25, 16], "rotation": 270, "texture": "#1"},
				"south": {"uv": [5.75, 15, 6.75, 16], "rotation": 180, "texture": "#1"},
				"west": {"uv": [5.75, 15, 6.75, 16], "rotation": 180, "texture": "#1"},
				"up": {"uv": [5.75, 15, 6.75, 16], "rotation": 180, "texture": "#1"},
				"down": {"uv": [5.75, 15, 6.75, 16], "rotation": 180, "texture": "#1"}
			}
		},
		{
			"name": "right_arm",
			"from": [13.35056, 6.11111, 7.85278],
			"to": [17.35056, 10.11111, 19.85278],
			"rotation": {"angle": 22.5, "axis": "y", "origin": [7.5, 1, 5]},
			"faces": {
				"north": {"uv": [13, 4, 12, 5], "rotation": 180, "texture": "#1"},
				"east": {"uv": [10, 5, 11, 8], "rotation": 270, "texture": "#1"},
				"south": {"uv": [12, 5, 11, 4], "texture": "#1"},
				"west": {"uv": [8.5, 5, 9.5, 8], "rotation": 90, "texture": "#1"},
				"up": {"uv": [11, 5, 12, 8], "rotation": 180, "texture": "#1"},
				"down": {"uv": [13, 5, 14, 8], "texture": "#1"}
			}
		},
		{
			"name": "right_arm_2nd_layer",
			"from": [19.87367, -2.38889, 12.37987],
			"to": [24.36367, 2.41111, 25.27987],
			"rotation": {"angle": 0, "axis": "y", "origin": [17.34267, 8.05111, 7.54487]},
			"faces": {
				"north": {"uv": [13, 8, 12, 9], "rotation": 180, "texture": "#1"},
				"east": {"uv": [10, 9, 11, 12], "rotation": 270, "texture": "#1"},
				"south": {"uv": [12, 9, 11, 8], "texture": "#1"},
				"west": {"uv": [12, 9, 13, 12], "rotation": 90, "texture": "#1"},
				"up": {"uv": [11, 9, 12, 12], "rotation": 180, "texture": "#1"},
				"down": {"uv": [13, 9, 14, 12], "texture": "#1"}
			}
		},
		{
			"from": [19.27367, -2.58889, 12.17987],
			"to": [24.77367, 2.81111, 14.17987],
			"rotation": {"angle": 0, "axis": "y", "origin": [17.34267, 8.05111, 7.54487]},
			"faces": {
				"north": {"uv": [6, 15.75, 6.5, 16], "rotation": 180, "texture": "#1"},
				"east": {"uv": [6, 15.75, 6.5, 16], "rotation": 180, "texture": "#1"},
				"south": {"uv": [6, 15.75, 6.5, 16], "rotation": 180, "texture": "#1"},
				"west": {"uv": [6, 15.75, 6.5, 16], "rotation": 180, "texture": "#1"},
				"up": {"uv": [6, 15.75, 6.5, 16], "rotation": 180, "texture": "#1"},
				"down": {"uv": [6, 15.75, 6.5, 16], "rotation": 180, "texture": "#1"}
			}
		},
		{
			"from": [20.07367, -1.98889, 12.02987],
			"to": [24.07367, 2.01111, 12.27987],
			"rotation": {"angle": 0, "axis": "y", "origin": [17.34267, 8.05111, 7.54487]},
			"faces": {
				"north": {"uv": [4.5, 1, 5.5, 2], "rotation": 180, "texture": "#1"},
				"east": {"uv": [4.5, 1, 5.5, 2], "rotation": 180, "texture": "#1"},
				"south": {"uv": [4.5, 1, 5.5, 2], "rotation": 180, "texture": "#1"},
				"west": {"uv": [4.5, 1, 5.5, 2], "rotation": 180, "texture": "#1"},
				"up": {"uv": [4.5, 1, 5.5, 2], "rotation": 180, "texture": "#1"},
				"down": {"uv": [4.5, 1, 5.5, 2], "rotation": 180, "texture": "#1"}
			}
		},
		{
			"from": [22.57367, -2.28889, 14.27987],
			"to": [24.27367, 2.31111, 16.27987],
			"rotation": {"angle": 0, "axis": "y", "origin": [17.34267, 8.05111, 7.54487]},
			"faces": {
				"north": {"uv": [0, 0, 1.7, 4.6], "rotation": 180, "texture": "#1"},
				"east": {"uv": [9.75, 15.75, 11.25, 16], "rotation": 270, "texture": "#1"},
				"south": {"uv": [5.75, 15, 6.75, 16], "rotation": 180, "texture": "#1"},
				"west": {"uv": [5.75, 15, 6.75, 16], "rotation": 180, "texture": "#1"},
				"up": {"uv": [5.75, 15, 6.75, 16], "rotation": 180, "texture": "#1"},
				"down": {"uv": [5.75, 15, 6.75, 16], "rotation": 180, "texture": "#1"}
			}
		},
		{
			"name": "right_arm",
			"from": [20.07367, -1.88889, 12.27987],
			"to": [24.07367, 2.11111, 24.27987],
			"rotation": {"angle": 0, "axis": "y", "origin": [17.34267, 8.05111, 7.54487]},
			"faces": {
				"north": {"uv": [13, 4, 12, 5], "rotation": 180, "texture": "#1"},
				"east": {"uv": [10, 5, 11, 8], "rotation": 270, "texture": "#1"},
				"south": {"uv": [12, 5, 11, 4], "texture": "#1"},
				"west": {"uv": [8.5, 5, 9.5, 8], "rotation": 90, "texture": "#1"},
				"up": {"uv": [11, 5, 12, 8], "rotation": 180, "texture": "#1"},
				"down": {"uv": [13, 5, 14, 8], "texture": "#1"}
			}
		},
		{
			"name": "right_arm_2nd_layer",
			"from": [-9.56367, -3.88889, 4.37987],
			"to": [-5.07367, 0.91111, 17.27987],
			"rotation": {"angle": -22.5, "axis": "y", "origin": [-4.34267, -2.94889, 7.54487]},
			"faces": {
				"north": {"uv": [12, 8, 13, 9], "rotation": 180, "texture": "#1"},
				"east": {"uv": [12, 12, 13, 9], "rotation": 90, "texture": "#1"},
				"south": {"uv": [11, 9, 12, 8], "texture": "#1"},
				"west": {"uv": [10, 12, 11, 9], "rotation": 270, "texture": "#1"},
				"up": {"uv": [12, 9, 11, 12], "rotation": 180, "texture": "#1"},
				"down": {"uv": [14, 9, 13, 12], "texture": "#1"}
			}
		},
		{
			"from": [-9.97367, -4.08889, 4.17987],
			"to": [-4.47367, 1.31111, 6.17987],
			"rotation": {"angle": -22.5, "axis": "y", "origin": [-4.34267, -2.94889, 7.54487]},
			"faces": {
				"north": {"uv": [6.5, 15.75, 6, 16], "rotation": 180, "texture": "#1"},
				"east": {"uv": [6.5, 15.75, 6, 16], "rotation": 180, "texture": "#1"},
				"south": {"uv": [6.5, 15.75, 6, 16], "rotation": 180, "texture": "#1"},
				"west": {"uv": [6.5, 15.75, 6, 16], "rotation": 180, "texture": "#1"},
				"up": {"uv": [6.5, 15.75, 6, 16], "rotation": 180, "texture": "#1"},
				"down": {"uv": [6.5, 15.75, 6, 16], "rotation": 180, "texture": "#1"}
			}
		},
		{
			"from": [-9.27367, -3.48889, 4.02987],
			"to": [-5.27367, 0.51111, 4.27987],
			"rotation": {"angle": -22.5, "axis": "y", "origin": [-4.34267, -2.94889, 7.54487]},
			"faces": {
				"north": {"uv": [5.5, 1, 4.5, 2], "rotation": 180, "texture": "#1"},
				"east": {"uv": [5.5, 1, 4.5, 2], "rotation": 180, "texture": "#1"},
				"south": {"uv": [5.5, 1, 4.5, 2], "rotation": 180, "texture": "#1"},
				"west": {"uv": [5.5, 1, 4.5, 2], "rotation": 180, "texture": "#1"},
				"up": {"uv": [5.5, 1, 4.5, 2], "rotation": 180, "texture": "#1"},
				"down": {"uv": [5.5, 1, 4.5, 2], "rotation": 180, "texture": "#1"}
			}
		},
		{
			"from": [-9.47367, -3.78889, 6.27987],
			"to": [-7.77367, 0.81111, 8.27987],
			"rotation": {"angle": -22.5, "axis": "y", "origin": [-4.34267, -2.94889, 7.54487]},
			"faces": {
				"north": {"uv": [1.7, 0, 0, 4.6], "rotation": 180, "texture": "#1"},
				"east": {"uv": [6.75, 15, 5.75, 16], "rotation": 180, "texture": "#1"},
				"south": {"uv": [6.75, 15, 5.75, 16], "rotation": 180, "texture": "#1"},
				"west": {"uv": [9.75, 16, 11.25, 15.75], "rotation": 270, "texture": "#1"},
				"up": {"uv": [6.75, 15, 5.75, 16], "rotation": 180, "texture": "#1"},
				"down": {"uv": [6.75, 15, 5.75, 16], "rotation": 180, "texture": "#1"}
			}
		},
		{
			"name": "right_arm",
			"from": [-9.27367, -3.38889, 4.27987],
			"to": [-5.27367, 0.61111, 16.27987],
			"rotation": {"angle": -22.5, "axis": "y", "origin": [-4.34267, -2.94889, 7.54487]},
			"faces": {
				"north": {"uv": [12, 4, 13, 5], "rotation": 180, "texture": "#1"},
				"east": {"uv": [8.5, 8, 9.5, 5], "rotation": 90, "texture": "#1"},
				"south": {"uv": [11, 5, 12, 4], "texture": "#1"},
				"west": {"uv": [10, 8, 11, 5], "rotation": 270, "texture": "#1"},
				"up": {"uv": [12, 5, 11, 8], "rotation": 180, "texture": "#1"},
				"down": {"uv": [14, 5, 13, 8], "texture": "#1"}
			}
		},
		{
			"name": "right_arm_2nd_layer",
			"from": [-9.51591, 9.61111, 8.14524],
			"to": [-5.02591, 14.41111, 21.04524],
			"rotation": {"angle": 0, "axis": "y", "origin": [-2.49491, -2.94889, 8.31024]},
			"faces": {
				"north": {"uv": [12, 8, 13, 9], "rotation": 180, "texture": "#1"},
				"east": {"uv": [12, 12, 13, 9], "rotation": 90, "texture": "#1"},
				"south": {"uv": [11, 9, 12, 8], "texture": "#1"},
				"west": {"uv": [10, 12, 11, 9], "rotation": 270, "texture": "#1"},
				"up": {"uv": [12, 9, 11, 12], "rotation": 180, "texture": "#1"},
				"down": {"uv": [14, 9, 13, 12], "texture": "#1"}
			}
		},
		{
			"from": [-9.92591, 9.41111, 7.94524],
			"to": [-4.42591, 14.81111, 9.94524],
			"rotation": {"angle": 0, "axis": "y", "origin": [-2.49491, -2.94889, 8.31024]},
			"faces": {
				"north": {"uv": [6.5, 15.75, 6, 16], "rotation": 180, "texture": "#1"},
				"east": {"uv": [6.5, 15.75, 6, 16], "rotation": 180, "texture": "#1"},
				"south": {"uv": [6.5, 15.75, 6, 16], "rotation": 180, "texture": "#1"},
				"west": {"uv": [6.5, 15.75, 6, 16], "rotation": 180, "texture": "#1"},
				"up": {"uv": [6.5, 15.75, 6, 16], "rotation": 180, "texture": "#1"},
				"down": {"uv": [6.5, 15.75, 6, 16], "rotation": 180, "texture": "#1"}
			}
		},
		{
			"from": [-9.22591, 10.01111, 7.79524],
			"to": [-5.22591, 14.01111, 8.04524],
			"rotation": {"angle": 0, "axis": "y", "origin": [-2.49491, -2.94889, 8.31024]},
			"faces": {
				"north": {"uv": [5.5, 1, 4.5, 2], "rotation": 180, "texture": "#1"},
				"east": {"uv": [5.5, 1, 4.5, 2], "rotation": 180, "texture": "#1"},
				"south": {"uv": [5.5, 1, 4.5, 2], "rotation": 180, "texture": "#1"},
				"west": {"uv": [5.5, 1, 4.5, 2], "rotation": 180, "texture": "#1"},
				"up": {"uv": [5.5, 1, 4.5, 2], "rotation": 180, "texture": "#1"},
				"down": {"uv": [5.5, 1, 4.5, 2], "rotation": 180, "texture": "#1"}
			}
		},
		{
			"from": [-9.42591, 9.71111, 10.04524],
			"to": [-7.72591, 14.31111, 12.04524],
			"rotation": {"angle": 0, "axis": "y", "origin": [-2.49491, -2.94889, 8.31024]},
			"faces": {
				"north": {"uv": [1.7, 0, 0, 4.6], "rotation": 180, "texture": "#1"},
				"east": {"uv": [6.75, 15, 5.75, 16], "rotation": 180, "texture": "#1"},
				"south": {"uv": [6.75, 15, 5.75, 16], "rotation": 180, "texture": "#1"},
				"west": {"uv": [9.75, 16, 11.25, 15.75], "rotation": 270, "texture": "#1"},
				"up": {"uv": [6.75, 15, 5.75, 16], "rotation": 180, "texture": "#1"},
				"down": {"uv": [6.75, 15, 5.75, 16], "rotation": 180, "texture": "#1"}
			}
		},
		{
			"name": "right_arm",
			"from": [-9.22591, 10.11111, 8.04524],
			"to": [-5.22591, 14.11111, 20.04524],
			"rotation": {"angle": 0, "axis": "y", "origin": [-2.49491, -2.94889, 8.31024]},
			"faces": {
				"north": {"uv": [12, 4, 13, 5], "rotation": 180, "texture": "#1"},
				"east": {"uv": [8.5, 8, 9.5, 5], "rotation": 90, "texture": "#1"},
				"south": {"uv": [11, 5, 12, 4], "texture": "#1"},
				"west": {"uv": [10, 8, 11, 5], "rotation": 270, "texture": "#1"},
				"up": {"uv": [12, 5, 11, 8], "rotation": 180, "texture": "#1"},
				"down": {"uv": [14, 5, 13, 8], "texture": "#1"}
			}
		},
		{
			"name": "right_arm_2nd_layer",
			"from": [-7.51591, -4.38889, -9.85476],
			"to": [-3.02591, 0.41111, 3.04524],
			"rotation": {"angle": 22.5, "axis": "z", "origin": [-7.49491, 12.05111, 11.31024]},
			"faces": {
				"north": {"uv": [12, 8, 13, 9], "rotation": 180, "texture": "#1"},
				"east": {"uv": [12, 12, 13, 9], "rotation": 90, "texture": "#1"},
				"south": {"uv": [11, 9, 12, 8], "texture": "#1"},
				"west": {"uv": [10, 12, 11, 9], "rotation": 270, "texture": "#1"},
				"up": {"uv": [12, 9, 11, 12], "rotation": 180, "texture": "#1"},
				"down": {"uv": [14, 9, 13, 12], "texture": "#1"}
			}
		},
		{
			"from": [-7.92591, -4.58889, -10.05476],
			"to": [-2.42591, 0.81111, -8.05476],
			"rotation": {"angle": 22.5, "axis": "z", "origin": [-7.49491, 12.05111, 11.31024]},
			"faces": {
				"north": {"uv": [6.5, 15.75, 6, 16], "rotation": 180, "texture": "#1"},
				"east": {"uv": [6.5, 15.75, 6, 16], "rotation": 180, "texture": "#1"},
				"south": {"uv": [6.5, 15.75, 6, 16], "rotation": 180, "texture": "#1"},
				"west": {"uv": [6.5, 15.75, 6, 16], "rotation": 180, "texture": "#1"},
				"up": {"uv": [6.5, 15.75, 6, 16], "rotation": 180, "texture": "#1"},
				"down": {"uv": [6.5, 15.75, 6, 16], "rotation": 180, "texture": "#1"}
			}
		},
		{
			"from": [-7.22591, -3.98889, -10.20476],
			"to": [-3.22591, 0.01111, -9.95476],
			"rotation": {"angle": 22.5, "axis": "z", "origin": [-7.49491, 12.05111, 11.31024]},
			"faces": {
				"north": {"uv": [5.5, 1, 4.5, 2], "rotation": 180, "texture": "#1"},
				"east": {"uv": [5.5, 1, 4.5, 2], "rotation": 180, "texture": "#1"},
				"south": {"uv": [5.5, 1, 4.5, 2], "rotation": 180, "texture": "#1"},
				"west": {"uv": [5.5, 1, 4.5, 2], "rotation": 180, "texture": "#1"},
				"up": {"uv": [5.5, 1, 4.5, 2], "rotation": 180, "texture": "#1"},
				"down": {"uv": [5.5, 1, 4.5, 2], "rotation": 180, "texture": "#1"}
			}
		},
		{
			"from": [-7.42591, -4.28889, -7.95476],
			"to": [-5.72591, 0.31111, -5.95476],
			"rotation": {"angle": 22.5, "axis": "z", "origin": [-7.49491, 12.05111, 11.31024]},
			"faces": {
				"north": {"uv": [1.7, 0, 0, 4.6], "rotation": 180, "texture": "#1"},
				"east": {"uv": [6.75, 15, 5.75, 16], "rotation": 180, "texture": "#1"},
				"south": {"uv": [6.75, 15, 5.75, 16], "rotation": 180, "texture": "#1"},
				"west": {"uv": [9.75, 16, 11.25, 15.75], "rotation": 270, "texture": "#1"},
				"up": {"uv": [6.75, 15, 5.75, 16], "rotation": 180, "texture": "#1"},
				"down": {"uv": [6.75, 15, 5.75, 16], "rotation": 180, "texture": "#1"}
			}
		},
		{
			"name": "right_arm",
			"from": [-7.22591, -3.88889, -9.95476],
			"to": [-3.22591, 0.11111, 2.04524],
			"rotation": {"angle": 22.5, "axis": "z", "origin": [-7.49491, 12.05111, 11.31024]},
			"faces": {
				"north": {"uv": [12, 4, 13, 5], "rotation": 180, "texture": "#1"},
				"east": {"uv": [8.5, 8, 9.5, 5], "rotation": 90, "texture": "#1"},
				"south": {"uv": [11, 5, 12, 4], "texture": "#1"},
				"west": {"uv": [10, 8, 11, 5], "rotation": 270, "texture": "#1"},
				"up": {"uv": [12, 5, 11, 8], "rotation": 180, "texture": "#1"},
				"down": {"uv": [14, 5, 13, 8], "texture": "#1"}
			}
		},
		{
			"name": "right_arm_2nd_layer",
			"from": [-8.51591, 15.61111, 2.14524],
			"to": [-4.02591, 20.41111, 15.04524],
			"rotation": {"angle": -45, "axis": "z", "origin": [-7.49491, 12.05111, 11.31024]},
			"faces": {
				"north": {"uv": [12, 8, 13, 9], "rotation": 180, "texture": "#1"},
				"east": {"uv": [12, 12, 13, 9], "rotation": 90, "texture": "#1"},
				"south": {"uv": [11, 9, 12, 8], "texture": "#1"},
				"west": {"uv": [10, 12, 11, 9], "rotation": 270, "texture": "#1"},
				"up": {"uv": [12, 9, 11, 12], "rotation": 180, "texture": "#1"},
				"down": {"uv": [14, 9, 13, 12], "texture": "#1"}
			}
		},
		{
			"from": [-8.92591, 15.41111, 1.94524],
			"to": [-3.42591, 20.81111, 3.94524],
			"rotation": {"angle": -45, "axis": "z", "origin": [-7.49491, 12.05111, 11.31024]},
			"faces": {
				"north": {"uv": [6.5, 15.75, 6, 16], "rotation": 180, "texture": "#1"},
				"east": {"uv": [6.5, 15.75, 6, 16], "rotation": 180, "texture": "#1"},
				"south": {"uv": [6.5, 15.75, 6, 16], "rotation": 180, "texture": "#1"},
				"west": {"uv": [6.5, 15.75, 6, 16], "rotation": 180, "texture": "#1"},
				"up": {"uv": [6.5, 15.75, 6, 16], "rotation": 180, "texture": "#1"},
				"down": {"uv": [6.5, 15.75, 6, 16], "rotation": 180, "texture": "#1"}
			}
		},
		{
			"from": [-8.22591, 16.01111, 1.79524],
			"to": [-4.22591, 20.01111, 2.04524],
			"rotation": {"angle": -45, "axis": "z", "origin": [-7.49491, 12.05111, 11.31024]},
			"faces": {
				"north": {"uv": [5.5, 1, 4.5, 2], "rotation": 180, "texture": "#1"},
				"east": {"uv": [5.5, 1, 4.5, 2], "rotation": 180, "texture": "#1"},
				"south": {"uv": [5.5, 1, 4.5, 2], "rotation": 180, "texture": "#1"},
				"west": {"uv": [5.5, 1, 4.5, 2], "rotation": 180, "texture": "#1"},
				"up": {"uv": [5.5, 1, 4.5, 2], "rotation": 180, "texture": "#1"},
				"down": {"uv": [5.5, 1, 4.5, 2], "rotation": 180, "texture": "#1"}
			}
		},
		{
			"from": [-8.42591, 15.71111, 4.04524],
			"to": [-6.72591, 20.31111, 6.04524],
			"rotation": {"angle": -45, "axis": "z", "origin": [-7.49491, 12.05111, 11.31024]},
			"faces": {
				"north": {"uv": [1.7, 0, 0, 4.6], "rotation": 180, "texture": "#1"},
				"east": {"uv": [6.75, 15, 5.75, 16], "rotation": 180, "texture": "#1"},
				"south": {"uv": [6.75, 15, 5.75, 16], "rotation": 180, "texture": "#1"},
				"west": {"uv": [9.75, 16, 11.25, 15.75], "rotation": 270, "texture": "#1"},
				"up": {"uv": [6.75, 15, 5.75, 16], "rotation": 180, "texture": "#1"},
				"down": {"uv": [6.75, 15, 5.75, 16], "rotation": 180, "texture": "#1"}
			}
		},
		{
			"name": "right_arm",
			"from": [-8.22591, 16.11111, 2.04524],
			"to": [-4.22591, 20.11111, 14.04524],
			"rotation": {"angle": -45, "axis": "z", "origin": [-7.49491, 12.05111, 11.31024]},
			"faces": {
				"north": {"uv": [12, 4, 13, 5], "rotation": 180, "texture": "#1"},
				"east": {"uv": [8.5, 8, 9.5, 5], "rotation": 90, "texture": "#1"},
				"south": {"uv": [11, 5, 12, 4], "texture": "#1"},
				"west": {"uv": [10, 8, 11, 5], "rotation": 270, "texture": "#1"},
				"up": {"uv": [12, 5, 11, 8], "rotation": 180, "texture": "#1"},
				"down": {"uv": [14, 5, 13, 8], "texture": "#1"}
			}
		},
		{
			"name": "right_arm_2nd_layer",
			"from": [-3.66367, 5.61111, -3.62013],
			"to": [0.82633, 10.41111, 9.27987],
			"rotation": {"angle": -22.5, "axis": "y", "origin": [-4.34267, -2.94889, 7.54487]},
			"faces": {
				"north": {"uv": [12, 8, 13, 9], "rotation": 180, "texture": "#1"},
				"east": {"uv": [12, 12, 13, 9], "rotation": 90, "texture": "#1"},
				"south": {"uv": [11, 9, 12, 8], "texture": "#1"},
				"west": {"uv": [10, 12, 11, 9], "rotation": 270, "texture": "#1"},
				"up": {"uv": [12, 9, 11, 12], "rotation": 180, "texture": "#1"},
				"down": {"uv": [14, 9, 13, 12], "texture": "#1"}
			}
		},
		{
			"from": [-4.07367, 5.41111, -3.82013],
			"to": [1.42633, 10.81111, -1.82013],
			"rotation": {"angle": -22.5, "axis": "y", "origin": [-4.34267, -2.94889, 7.54487]},
			"faces": {
				"north": {"uv": [6.5, 15.75, 6, 16], "rotation": 180, "texture": "#1"},
				"east": {"uv": [6.5, 15.75, 6, 16], "rotation": 180, "texture": "#1"},
				"south": {"uv": [6.5, 15.75, 6, 16], "rotation": 180, "texture": "#1"},
				"west": {"uv": [6.5, 15.75, 6, 16], "rotation": 180, "texture": "#1"},
				"up": {"uv": [6.5, 15.75, 6, 16], "rotation": 180, "texture": "#1"},
				"down": {"uv": [6.5, 15.75, 6, 16], "rotation": 180, "texture": "#1"}
			}
		},
		{
			"from": [-3.37367, 6.01111, -3.97013],
			"to": [0.62633, 10.01111, -3.72013],
			"rotation": {"angle": -22.5, "axis": "y", "origin": [-4.34267, -2.94889, 7.54487]},
			"faces": {
				"north": {"uv": [5.5, 1, 4.5, 2], "rotation": 180, "texture": "#1"},
				"east": {"uv": [5.5, 1, 4.5, 2], "rotation": 180, "texture": "#1"},
				"south": {"uv": [5.5, 1, 4.5, 2], "rotation": 180, "texture": "#1"},
				"west": {"uv": [5.5, 1, 4.5, 2], "rotation": 180, "texture": "#1"},
				"up": {"uv": [5.5, 1, 4.5, 2], "rotation": 180, "texture": "#1"},
				"down": {"uv": [5.5, 1, 4.5, 2], "rotation": 180, "texture": "#1"}
			}
		},
		{
			"from": [-3.57367, 5.71111, -1.72013],
			"to": [-1.87367, 10.31111, 0.27987],
			"rotation": {"angle": -22.5, "axis": "y", "origin": [-4.34267, -2.94889, 7.54487]},
			"faces": {
				"north": {"uv": [1.7, 0, 0, 4.6], "rotation": 180, "texture": "#1"},
				"east": {"uv": [6.75, 15, 5.75, 16], "rotation": 180, "texture": "#1"},
				"south": {"uv": [6.75, 15, 5.75, 16], "rotation": 180, "texture": "#1"},
				"west": {"uv": [9.75, 16, 11.25, 15.75], "rotation": 270, "texture": "#1"},
				"up": {"uv": [6.75, 15, 5.75, 16], "rotation": 180, "texture": "#1"},
				"down": {"uv": [6.75, 15, 5.75, 16], "rotation": 180, "texture": "#1"}
			}
		},
		{
			"name": "right_arm",
			"from": [-3.37367, 6.11111, -3.72013],
			"to": [0.62633, 10.11111, 8.27987],
			"rotation": {"angle": -22.5, "axis": "y", "origin": [-4.34267, -2.94889, 7.54487]},
			"faces": {
				"north": {"uv": [12, 4, 13, 5], "rotation": 180, "texture": "#1"},
				"east": {"uv": [8.5, 8, 9.5, 5], "rotation": 90, "texture": "#1"},
				"south": {"uv": [11, 5, 12, 4], "texture": "#1"},
				"west": {"uv": [10, 8, 11, 5], "rotation": 270, "texture": "#1"},
				"up": {"uv": [12, 5, 11, 8], "rotation": 180, "texture": "#1"},
				"down": {"uv": [14, 5, 13, 8], "texture": "#1"}
			}
		},
		{
			"name": "right_arm_2nd_layer",
			"from": [-7.80773, 8.61111, -6.97792],
			"to": [-3.31773, 13.41111, 5.92208],
			"rotation": {"angle": -45, "axis": "y", "origin": [1.21327, 8.05111, 1.18708]},
			"faces": {
				"north": {"uv": [12, 8, 13, 9], "rotation": 180, "texture": "#1"},
				"east": {"uv": [12, 12, 13, 9], "rotation": 90, "texture": "#1"},
				"south": {"uv": [11, 9, 12, 8], "texture": "#1"},
				"west": {"uv": [10, 12, 11, 9], "rotation": 270, "texture": "#1"},
				"up": {"uv": [12, 9, 11, 12], "rotation": 180, "texture": "#1"},
				"down": {"uv": [14, 9, 13, 12], "texture": "#1"}
			}
		},
		{
			"from": [-8.21773, 8.41111, -7.17792],
			"to": [-2.71773, 13.81111, -5.17792],
			"rotation": {"angle": -45, "axis": "y", "origin": [1.21327, 8.05111, 1.18708]},
			"faces": {
				"north": {"uv": [6.5, 15.75, 6, 16], "rotation": 180, "texture": "#1"},
				"east": {"uv": [6.5, 15.75, 6, 16], "rotation": 180, "texture": "#1"},
				"south": {"uv": [6.5, 15.75, 6, 16], "rotation": 180, "texture": "#1"},
				"west": {"uv": [6.5, 15.75, 6, 16], "rotation": 180, "texture": "#1"},
				"up": {"uv": [6.5, 15.75, 6, 16], "rotation": 180, "texture": "#1"},
				"down": {"uv": [6.5, 15.75, 6, 16], "rotation": 180, "texture": "#1"}
			}
		},
		{
			"from": [-7.51773, 9.01111, -7.32792],
			"to": [-3.51773, 13.01111, -7.07792],
			"rotation": {"angle": -45, "axis": "y", "origin": [1.21327, 8.05111, 1.18708]},
			"faces": {
				"north": {"uv": [5.5, 1, 4.5, 2], "rotation": 180, "texture": "#1"},
				"east": {"uv": [5.5, 1, 4.5, 2], "rotation": 180, "texture": "#1"},
				"south": {"uv": [5.5, 1, 4.5, 2], "rotation": 180, "texture": "#1"},
				"west": {"uv": [5.5, 1, 4.5, 2], "rotation": 180, "texture": "#1"},
				"up": {"uv": [5.5, 1, 4.5, 2], "rotation": 180, "texture": "#1"},
				"down": {"uv": [5.5, 1, 4.5, 2], "rotation": 180, "texture": "#1"}
			}
		},
		{
			"from": [-7.71773, 8.71111, -5.07792],
			"to": [-6.01773, 13.31111, -3.07792],
			"rotation": {"angle": -45, "axis": "y", "origin": [1.21327, 8.05111, 1.18708]},
			"faces": {
				"north": {"uv": [1.7, 0, 0, 4.6], "rotation": 180, "texture": "#1"},
				"east": {"uv": [6.75, 15, 5.75, 16], "rotation": 180, "texture": "#1"},
				"south": {"uv": [6.75, 15, 5.75, 16], "rotation": 180, "texture": "#1"},
				"west": {"uv": [9.75, 16, 11.25, 15.75], "rotation": 270, "texture": "#1"},
				"up": {"uv": [6.75, 15, 5.75, 16], "rotation": 180, "texture": "#1"},
				"down": {"uv": [6.75, 15, 5.75, 16], "rotation": 180, "texture": "#1"}
			}
		},
		{
			"name": "right_arm",
			"from": [-7.51773, 9.11111, -7.07792],
			"to": [-3.51773, 13.11111, 4.92208],
			"rotation": {"angle": -45, "axis": "y", "origin": [1.21327, 8.05111, 1.18708]},
			"faces": {
				"north": {"uv": [12, 4, 13, 5], "rotation": 180, "texture": "#1"},
				"east": {"uv": [8.5, 8, 9.5, 5], "rotation": 90, "texture": "#1"},
				"south": {"uv": [11, 5, 12, 4], "texture": "#1"},
				"west": {"uv": [10, 8, 11, 5], "rotation": 270, "texture": "#1"},
				"up": {"uv": [12, 5, 11, 8], "rotation": 180, "texture": "#1"},
				"down": {"uv": [14, 5, 13, 8], "texture": "#1"}
			}
		},
		{
			"name": "right_arm_2nd_layer",
			"from": [14.87367, -9.38889, 1.37987],
			"to": [19.36367, -4.58889, 14.27987],
			"rotation": {"angle": -22.5, "axis": "z", "origin": [22.34267, 0.05111, 4.54487]},
			"faces": {
				"north": {"uv": [13, 8, 12, 9], "rotation": 180, "texture": "#1"},
				"east": {"uv": [10, 9, 11, 12], "rotation": 270, "texture": "#1"},
				"south": {"uv": [12, 9, 11, 8], "texture": "#1"},
				"west": {"uv": [12, 9, 13, 12], "rotation": 90, "texture": "#1"},
				"up": {"uv": [11, 9, 12, 12], "rotation": 180, "texture": "#1"},
				"down": {"uv": [13, 9, 14, 12], "texture": "#1"}
			}
		},
		{
			"from": [14.27367, -9.58889, 1.17987],
			"to": [19.77367, -4.18889, 3.17987],
			"rotation": {"angle": -22.5, "axis": "z", "origin": [22.34267, 0.05111, 4.54487]},
			"faces": {
				"north": {"uv": [6, 15.75, 6.5, 16], "rotation": 180, "texture": "#1"},
				"east": {"uv": [6, 15.75, 6.5, 16], "rotation": 180, "texture": "#1"},
				"south": {"uv": [6, 15.75, 6.5, 16], "rotation": 180, "texture": "#1"},
				"west": {"uv": [6, 15.75, 6.5, 16], "rotation": 180, "texture": "#1"},
				"up": {"uv": [6, 15.75, 6.5, 16], "rotation": 180, "texture": "#1"},
				"down": {"uv": [6, 15.75, 6.5, 16], "rotation": 180, "texture": "#1"}
			}
		},
		{
			"from": [15.07367, -8.98889, 1.02987],
			"to": [19.07367, -4.98889, 1.27987],
			"rotation": {"angle": -22.5, "axis": "z", "origin": [22.34267, 0.05111, 4.54487]},
			"faces": {
				"north": {"uv": [4.5, 1, 5.5, 2], "rotation": 180, "texture": "#1"},
				"east": {"uv": [4.5, 1, 5.5, 2], "rotation": 180, "texture": "#1"},
				"south": {"uv": [4.5, 1, 5.5, 2], "rotation": 180, "texture": "#1"},
				"west": {"uv": [4.5, 1, 5.5, 2], "rotation": 180, "texture": "#1"},
				"up": {"uv": [4.5, 1, 5.5, 2], "rotation": 180, "texture": "#1"},
				"down": {"uv": [4.5, 1, 5.5, 2], "rotation": 180, "texture": "#1"}
			}
		},
		{
			"from": [17.57367, -9.28889, 3.27987],
			"to": [19.27367, -4.68889, 5.27987],
			"rotation": {"angle": -22.5, "axis": "z", "origin": [22.34267, 0.05111, 4.54487]},
			"faces": {
				"north": {"uv": [0, 0, 1.7, 4.6], "rotation": 180, "texture": "#1"},
				"east": {"uv": [9.75, 15.75, 11.25, 16], "rotation": 270, "texture": "#1"},
				"south": {"uv": [5.75, 15, 6.75, 16], "rotation": 180, "texture": "#1"},
				"west": {"uv": [5.75, 15, 6.75, 16], "rotation": 180, "texture": "#1"},
				"up": {"uv": [5.75, 15, 6.75, 16], "rotation": 180, "texture": "#1"},
				"down": {"uv": [5.75, 15, 6.75, 16], "rotation": 180, "texture": "#1"}
			}
		},
		{
			"name": "right_arm",
			"from": [15.07367, -8.88889, 1.27987],
			"to": [19.07367, -4.88889, 13.27987],
			"rotation": {"angle": -22.5, "axis": "z", "origin": [22.34267, 0.05111, 4.54487]},
			"faces": {
				"north": {"uv": [13, 4, 12, 5], "rotation": 180, "texture": "#1"},
				"east": {"uv": [10, 5, 11, 8], "rotation": 270, "texture": "#1"},
				"south": {"uv": [12, 5, 11, 4], "texture": "#1"},
				"west": {"uv": [8.5, 5, 9.5, 8], "rotation": 90, "texture": "#1"},
				"up": {"uv": [11, 5, 12, 8], "rotation": 180, "texture": "#1"},
				"down": {"uv": [13, 5, 14, 8], "texture": "#1"}
			}
		},
		{
			"name": "right_arm_2nd_layer",
			"from": [11.27309, 6.61111, -7.69414],
			"to": [15.76309, 11.41111, 5.20586],
			"rotation": {"angle": -45, "axis": "z", "origin": [18.74209, 14.05111, 0.47086]},
			"faces": {
				"north": {"uv": [13, 8, 12, 9], "rotation": 180, "texture": "#1"},
				"east": {"uv": [10, 9, 11, 12], "rotation": 270, "texture": "#1"},
				"south": {"uv": [12, 9, 11, 8], "texture": "#1"},
				"west": {"uv": [12, 9, 13, 12], "rotation": 90, "texture": "#1"},
				"up": {"uv": [11, 9, 12, 12], "rotation": 180, "texture": "#1"},
				"down": {"uv": [13, 9, 14, 12], "texture": "#1"}
			}
		},
		{
			"from": [10.67309, 6.41111, -7.89414],
			"to": [16.17309, 11.81111, -5.89414],
			"rotation": {"angle": -45, "axis": "z", "origin": [18.74209, 14.05111, 0.47086]},
			"faces": {
				"north": {"uv": [6, 15.75, 6.5, 16], "rotation": 180, "texture": "#1"},
				"east": {"uv": [6, 15.75, 6.5, 16], "rotation": 180, "texture": "#1"},
				"south": {"uv": [6, 15.75, 6.5, 16], "rotation": 180, "texture": "#1"},
				"west": {"uv": [6, 15.75, 6.5, 16], "rotation": 180, "texture": "#1"},
				"up": {"uv": [6, 15.75, 6.5, 16], "rotation": 180, "texture": "#1"},
				"down": {"uv": [6, 15.75, 6.5, 16], "rotation": 180, "texture": "#1"}
			}
		},
		{
			"from": [11.47309, 7.01111, -8.04414],
			"to": [15.47309, 11.01111, -7.79414],
			"rotation": {"angle": -45, "axis": "z", "origin": [18.74209, 14.05111, 0.47086]},
			"faces": {
				"north": {"uv": [4.5, 1, 5.5, 2], "rotation": 180, "texture": "#1"},
				"east": {"uv": [4.5, 1, 5.5, 2], "rotation": 180, "texture": "#1"},
				"south": {"uv": [4.5, 1, 5.5, 2], "rotation": 180, "texture": "#1"},
				"west": {"uv": [4.5, 1, 5.5, 2], "rotation": 180, "texture": "#1"},
				"up": {"uv": [4.5, 1, 5.5, 2], "rotation": 180, "texture": "#1"},
				"down": {"uv": [4.5, 1, 5.5, 2], "rotation": 180, "texture": "#1"}
			}
		},
		{
			"from": [13.97309, 6.71111, -5.79414],
			"to": [15.67309, 11.31111, -3.79414],
			"rotation": {"angle": -45, "axis": "z", "origin": [18.74209, 14.05111, 0.47086]},
			"faces": {
				"north": {"uv": [0, 0, 1.7, 4.6], "rotation": 180, "texture": "#1"},
				"east": {"uv": [9.75, 15.75, 11.25, 16], "rotation": 270, "texture": "#1"},
				"south": {"uv": [5.75, 15, 6.75, 16], "rotation": 180, "texture": "#1"},
				"west": {"uv": [5.75, 15, 6.75, 16], "rotation": 180, "texture": "#1"},
				"up": {"uv": [5.75, 15, 6.75, 16], "rotation": 180, "texture": "#1"},
				"down": {"uv": [5.75, 15, 6.75, 16], "rotation": 180, "texture": "#1"}
			}
		},
		{
			"name": "right_arm",
			"from": [11.47309, 7.11111, -7.79414],
			"to": [15.47309, 11.11111, 4.20586],
			"rotation": {"angle": -45, "axis": "z", "origin": [18.74209, 14.05111, 0.47086]},
			"faces": {
				"north": {"uv": [13, 4, 12, 5], "rotation": 180, "texture": "#1"},
				"east": {"uv": [10, 5, 11, 8], "rotation": 270, "texture": "#1"},
				"south": {"uv": [12, 5, 11, 4], "texture": "#1"},
				"west": {"uv": [8.5, 5, 9.5, 8], "rotation": 90, "texture": "#1"},
				"up": {"uv": [11, 5, 12, 8], "rotation": 180, "texture": "#1"},
				"down": {"uv": [13, 5, 14, 8], "texture": "#1"}
			}
		},
		{
			"from": [-7.2, 16, -2],
			"to": [-7.2, 17, 9],
			"rotation": {"angle": -45, "axis": "y", "origin": [-1.2, 16.5, 3.5]},
			"faces": {
				"north": {"uv": [7.5, 4.5, 8.25, 4.75], "texture": "#1"},
				"east": {"uv": [7.5, 4.5, 8.25, 4.75], "texture": "#1"},
				"south": {"uv": [7.5, 4.5, 8.25, 4.75], "texture": "#1"},
				"west": {"uv": [7.5, 4.5, 8.25, 4.75], "texture": "#1"},
				"up": {"uv": [7.5, 4.5, 8.25, 4.75], "texture": "#1"},
				"down": {"uv": [7.5, 4.5, 8.25, 4.75], "texture": "#1"}
			}
		},
		{
			"from": [-9.2, 16, 3],
			"to": [-9.2, 17, 14],
			"rotation": {"angle": 0, "axis": "y", "origin": [-1.2, 16.5, 3.5]},
			"faces": {
				"north": {"uv": [7.5, 4.5, 8.25, 4.75], "texture": "#1"},
				"east": {"uv": [7.5, 4.5, 8.25, 4.75], "texture": "#1"},
				"south": {"uv": [7.5, 4.5, 8.25, 4.75], "texture": "#1"},
				"west": {"uv": [7.5, 4.5, 8.25, 4.75], "texture": "#1"},
				"up": {"uv": [7.5, 4.5, 8.25, 4.75], "texture": "#1"},
				"down": {"uv": [7.5, 4.5, 8.25, 4.75], "texture": "#1"}
			}
		},
		{
			"from": [-12.5, 16, 10],
			"to": [-12.5, 17, 21],
			"rotation": {"angle": 22.5, "axis": "y", "origin": [-1.2, 16.5, 3.5]},
			"faces": {
				"north": {"uv": [7.5, 4.5, 8.25, 4.75], "texture": "#1"},
				"east": {"uv": [7.5, 4.5, 8.25, 4.75], "texture": "#1"},
				"south": {"uv": [7.5, 4.5, 8.25, 4.75], "texture": "#1"},
				"west": {"uv": [7.5, 4.5, 8.25, 4.75], "texture": "#1"},
				"up": {"uv": [7.5, 4.5, 8.25, 4.75], "texture": "#1"},
				"down": {"uv": [7.5, 4.5, 8.25, 4.75], "texture": "#1"}
			}
		},
		{
			"from": [0.5, 3, -10.5],
			"to": [11.5, 4, -10.5],
			"rotation": {"angle": 22.5, "axis": "y", "origin": [6, 3.5, -4.5]},
			"faces": {
				"north": {"uv": [7.5, 4.5, 8.25, 4.75], "texture": "#1"},
				"east": {"uv": [7.5, 4.5, 8.25, 4.75], "texture": "#1"},
				"south": {"uv": [7.5, 4.5, 8.25, 4.75], "texture": "#1"},
				"west": {"uv": [7.5, 4.5, 8.25, 4.75], "texture": "#1"},
				"up": {"uv": [7.5, 4.5, 8.25, 4.75], "texture": "#1"},
				"down": {"uv": [7.5, 4.5, 8.25, 4.75], "texture": "#1"}
			}
		},
		{
			"from": [-6.1, 6, 2],
			"to": [-6.1, 7, 13],
			"rotation": {"angle": 0, "axis": "y", "origin": [2.2, 3.5, -4.5]},
			"faces": {
				"north": {"uv": [7.5, 4.5, 8.25, 4.75], "texture": "#1"},
				"east": {"uv": [7.5, 4.5, 8.25, 4.75], "texture": "#1"},
				"south": {"uv": [7.5, 4.5, 8.25, 4.75], "texture": "#1"},
				"west": {"uv": [7.5, 4.5, 8.25, 4.75], "texture": "#1"},
				"up": {"uv": [7.5, 4.5, 8.25, 4.75], "texture": "#1"},
				"down": {"uv": [7.5, 4.5, 8.25, 4.75], "texture": "#1"}
			}
		},
		{
			"from": [-10.0604, 6, 13.61028],
			"to": [-10.0604, 7, 24.61028],
			"rotation": {"angle": 22.5, "axis": "y", "origin": [-10.0604, 6.5, 3.41028]},
			"faces": {
				"north": {"uv": [7.5, 4.5, 8.25, 4.75], "texture": "#1"},
				"east": {"uv": [7.5, 4.5, 8.25, 4.75], "texture": "#1"},
				"south": {"uv": [7.5, 4.5, 8.25, 4.75], "texture": "#1"},
				"west": {"uv": [7.5, 4.5, 8.25, 4.75], "texture": "#1"},
				"up": {"uv": [7.5, 4.5, 8.25, 4.75], "texture": "#1"},
				"down": {"uv": [7.5, 4.5, 8.25, 4.75], "texture": "#1"}
			}
		},
		{
			"from": [-2, 3, -5],
			"to": [-2, 4, 6],
			"rotation": {"angle": -22.5, "axis": "y", "origin": [6, 3.5, -4.5]},
			"faces": {
				"north": {"uv": [7.5, 4.5, 8.25, 4.75], "texture": "#1"},
				"east": {"uv": [7.5, 4.5, 8.25, 4.75], "texture": "#1"},
				"south": {"uv": [7.5, 4.5, 8.25, 4.75], "texture": "#1"},
				"west": {"uv": [7.5, 4.5, 8.25, 4.75], "texture": "#1"},
				"up": {"uv": [7.5, 4.5, 8.25, 4.75], "texture": "#1"},
				"down": {"uv": [7.5, 4.5, 8.25, 4.75], "texture": "#1"}
			}
		},
		{
			"from": [-12, -2, 6],
			"to": [-12, -1, 17],
			"rotation": {"angle": 22.5, "axis": "y", "origin": [-6, -1.5, 11.5]},
			"faces": {
				"north": {"uv": [7.5, 4.5, 8.25, 4.75], "texture": "#1"},
				"east": {"uv": [7.5, 4.5, 8.25, 4.75], "texture": "#1"},
				"south": {"uv": [7.5, 4.5, 8.25, 4.75], "texture": "#1"},
				"west": {"uv": [7.5, 4.5, 8.25, 4.75], "texture": "#1"},
				"up": {"uv": [7.5, 4.5, 8.25, 4.75], "rotation": 270, "texture": "#1"},
				"down": {"uv": [7.5, 4.5, 8.25, 4.75], "rotation": 90, "texture": "#1"}
			}
		},
		{
			"from": [-6.5, -2, 19.5],
			"to": [4.5, -1, 19.5],
			"rotation": {"angle": -22.5, "axis": "y", "origin": [-6, -1.5, 11.5]},
			"faces": {
				"north": {"uv": [7.5, 4.5, 8.25, 4.75], "texture": "#1"},
				"east": {"uv": [7.5, 4.5, 8.25, 4.75], "texture": "#1"},
				"south": {"uv": [7.5, 4.5, 8.25, 4.75], "texture": "#1"},
				"west": {"uv": [7.5, 4.5, 8.25, 4.75], "texture": "#1"},
				"up": {"uv": [7.5, 4.5, 8.25, 4.75], "rotation": 270, "texture": "#1"},
				"down": {"uv": [7.5, 4.5, 8.25, 4.75], "rotation": 90, "texture": "#1"}
			}
		},
		{
			"from": [-3, 16, 11],
			"to": [-3, 17, 22],
			"rotation": {"angle": 22.5, "axis": "y", "origin": [6, 14.5, 11.5]},
			"faces": {
				"north": {"uv": [7.5, 4.5, 8.25, 4.75], "texture": "#1"},
				"east": {"uv": [7.5, 4.5, 8.25, 4.75], "texture": "#1"},
				"south": {"uv": [7.5, 4.5, 8.25, 4.75], "texture": "#1"},
				"west": {"uv": [7.5, 4.5, 8.25, 4.75], "texture": "#1"},
				"up": {"uv": [7.5, 4.5, 8.25, 4.75], "rotation": 270, "texture": "#1"},
				"down": {"uv": [7.5, 4.5, 8.25, 4.75], "rotation": 90, "texture": "#1"}
			}
		},
		{
			"from": [31.87135, -2, 11.4216],
			"to": [31.87135, -1, 22.4216],
			"rotation": {"angle": -22.5, "axis": "y", "origin": [29.99267, -1.5, 12.30028]},
			"faces": {
				"north": {"uv": [8.25, 4.5, 7.5, 4.75], "texture": "#1"},
				"east": {"uv": [8.25, 4.5, 7.5, 4.75], "texture": "#1"},
				"south": {"uv": [8.25, 4.5, 7.5, 4.75], "texture": "#1"},
				"west": {"uv": [8.25, 4.5, 7.5, 4.75], "texture": "#1"},
				"up": {"uv": [7.5, 4.75, 8.25, 4.5], "rotation": 180, "texture": "#1"},
				"down": {"uv": [7.5, 4.75, 8.25, 4.5], "rotation": 180, "texture": "#1"}
			}
		},
		{
			"from": [31.93201, -2, 2.20408],
			"to": [31.93201, -1, 13.20408],
			"rotation": {"angle": 22.5, "axis": "y", "origin": [29.99267, -1.5, 12.30028]},
			"faces": {
				"north": {"uv": [8.25, 4.5, 7.5, 4.75], "texture": "#1"},
				"east": {"uv": [8.25, 4.5, 7.5, 4.75], "texture": "#1"},
				"south": {"uv": [8.25, 4.5, 7.5, 4.75], "texture": "#1"},
				"west": {"uv": [8.25, 4.5, 7.5, 4.75], "texture": "#1"},
				"up": {"uv": [7.5, 4.75, 8.25, 4.5], "rotation": 270, "texture": "#1"},
				"down": {"uv": [7.5, 4.75, 8.25, 4.5], "rotation": 90, "texture": "#1"}
			}
		},
		{
			"from": [20.32307, 6, -1.5894],
			"to": [20.32307, 7, 9.4106],
			"rotation": {"angle": 22.5, "axis": "y", "origin": [19.27614, 6.5, -1.2924]},
			"faces": {
				"north": {"uv": [8.25, 4.5, 7.5, 4.75], "texture": "#1"},
				"east": {"uv": [8.25, 4.5, 7.5, 4.75], "texture": "#1"},
				"south": {"uv": [8.25, 4.5, 7.5, 4.75], "texture": "#1"},
				"west": {"uv": [8.25, 4.5, 7.5, 4.75], "texture": "#1"},
				"up": {"uv": [8.25, 4.5, 7.5, 4.75], "texture": "#1"},
				"down": {"uv": [8.25, 4.5, 7.5, 4.75], "texture": "#1"}
			}
		},
		{
			"from": [18, 11, 7],
			"to": [18, 12, 18],
			"rotation": {"angle": -22.5, "axis": "y", "origin": [10, 11.5, 7.5]},
			"faces": {
				"north": {"uv": [8.25, 4.5, 7.5, 4.75], "texture": "#1"},
				"east": {"uv": [8.25, 4.5, 7.5, 4.75], "texture": "#1"},
				"south": {"uv": [8.25, 4.5, 7.5, 4.75], "texture": "#1"},
				"west": {"uv": [8.25, 4.5, 7.5, 4.75], "texture": "#1"},
				"up": {"uv": [8.25, 4.5, 7.5, 4.75], "texture": "#1"},
				"down": {"uv": [8.25, 4.5, 7.5, 4.75], "texture": "#1"}
			}
		},
		{
			"from": [16, 11, 2],
			"to": [16, 12, 13],
			"rotation": {"angle": 22.5, "axis": "y", "origin": [10, 11.5, 7.5]},
			"faces": {
				"north": {"uv": [8.25, 4.5, 7.5, 4.75], "texture": "#1"},
				"east": {"uv": [8.25, 4.5, 7.5, 4.75], "texture": "#1"},
				"south": {"uv": [8.25, 4.5, 7.5, 4.75], "texture": "#1"},
				"west": {"uv": [8.25, 4.5, 7.5, 4.75], "texture": "#1"},
				"up": {"uv": [8.25, 4.5, 7.5, 4.75], "rotation": 90, "texture": "#1"},
				"down": {"uv": [8.25, 4.5, 7.5, 4.75], "rotation": 270, "texture": "#1"}
			}
		},
		{
			"from": [25, 16, -2],
			"to": [25, 17, 9],
			"rotation": {"angle": 45, "axis": "y", "origin": [19, 16.5, 3.5]},
			"faces": {
				"north": {"uv": [8.25, 4.5, 7.5, 4.75], "texture": "#1"},
				"east": {"uv": [8.25, 4.5, 7.5, 4.75], "texture": "#1"},
				"south": {"uv": [8.25, 4.5, 7.5, 4.75], "texture": "#1"},
				"west": {"uv": [8.25, 4.5, 7.5, 4.75], "texture": "#1"},
				"up": {"uv": [8.25, 4.5, 7.5, 4.75], "texture": "#1"},
				"down": {"uv": [8.25, 4.5, 7.5, 4.75], "texture": "#1"}
			}
		},
		{
			"from": [27, 16, 3],
			"to": [27, 17, 14],
			"rotation": {"angle": 0, "axis": "y", "origin": [19, 16.5, 3.5]},
			"faces": {
				"north": {"uv": [8.25, 4.5, 7.5, 4.75], "texture": "#1"},
				"east": {"uv": [8.25, 4.5, 7.5, 4.75], "texture": "#1"},
				"south": {"uv": [8.25, 4.5, 7.5, 4.75], "texture": "#1"},
				"west": {"uv": [8.25, 4.5, 7.5, 4.75], "texture": "#1"},
				"up": {"uv": [8.25, 4.5, 7.5, 4.75], "texture": "#1"},
				"down": {"uv": [8.25, 4.5, 7.5, 4.75], "texture": "#1"}
			}
		},
		{
			"from": [30.3, 11, 10],
			"to": [30.3, 12, 21],
			"rotation": {"angle": -22.5, "axis": "y", "origin": [19, 16.5, 3.5]},
			"faces": {
				"north": {"uv": [8.25, 4.5, 7.5, 4.75], "texture": "#1"},
				"east": {"uv": [8.25, 4.5, 7.5, 4.75], "texture": "#1"},
				"south": {"uv": [8.25, 4.5, 7.5, 4.75], "texture": "#1"},
				"west": {"uv": [8.25, 4.5, 7.5, 4.75], "texture": "#1"},
				"up": {"uv": [8.25, 4.5, 7.5, 4.75], "texture": "#1"},
				"down": {"uv": [8.25, 4.5, 7.5, 4.75], "texture": "#1"}
			}
		},
		{
			"from": [26.84764, 11, 2.81088],
			"to": [26.84764, 12, 13.81088],
			"rotation": {"angle": 0, "axis": "y", "origin": [24.84764, 11.5, 18.91088]},
			"faces": {
				"north": {"uv": [8.25, 4.5, 7.5, 4.75], "texture": "#1"},
				"east": {"uv": [8.25, 4.5, 7.5, 4.75], "texture": "#1"},
				"south": {"uv": [8.25, 4.5, 7.5, 4.75], "texture": "#1"},
				"west": {"uv": [8.25, 4.5, 7.5, 4.75], "texture": "#1"},
				"up": {"uv": [8.25, 4.5, 7.5, 4.75], "texture": "#1"},
				"down": {"uv": [8.25, 4.5, 7.5, 4.75], "texture": "#1"}
			}
		},
		{
			"from": [20.3, 6, -12],
			"to": [20.3, 7, -1],
			"rotation": {"angle": 45, "axis": "y", "origin": [19.27614, 6.5, -1.2924]},
			"faces": {
				"north": {"uv": [8.25, 4.5, 7.5, 4.75], "texture": "#1"},
				"east": {"uv": [8.25, 4.5, 7.5, 4.75], "texture": "#1"},
				"south": {"uv": [8.25, 4.5, 7.5, 4.75], "texture": "#1"},
				"west": {"uv": [8.25, 4.5, 7.5, 4.75], "texture": "#1"},
				"up": {"uv": [8.25, 4.5, 7.5, 4.75], "texture": "#1"},
				"down": {"uv": [8.25, 4.5, 7.5, 4.75], "texture": "#1"}
			}
		}
	],
	"display": {
		"thirdperson_righthand": {
			"translation": [-7, 7.5, 7],
			"scale": [1.1, 1.1, 1.1]
		},
		"thirdperson_lefthand": {
			"rotation": [0, 0, -180],
			"translation": [0.5, -10.5, 7],
			"scale": [1.1, 1.1, 1.1]
		},
		"ground": {
			"translation": [0, 8.5, 0]
		},
		"head": {
			"translation": [0, -29, 0],
			"scale": [1.6, 1.6, 1.6]
		}
	},
	"groups": [
		{
			"name": "steve",
			"origin": [8, 8, 8],
			"color": 0,
			"children": [
				{
					"name": "group",
					"origin": [9.14944, -0.01111, 5.64722],
					"color": 0,
					"children": [
						{
							"name": "group",
							"origin": [7.5, 1, 5],
							"color": 0,
							"children": [0]
						},
						1,
						2,
						3,
						4
					]
				},
				{
					"name": "group",
					"origin": [9.14944, -0.01111, 5.64722],
					"color": 0,
					"children": [
						{
							"name": "group",
							"origin": [7.5, 1, 5],
							"color": 0,
							"children": [5]
						},
						6,
						7,
						8,
						9
					]
				},
				{
					"name": "group",
					"origin": [9.14944, -0.01111, 5.64722],
					"color": 0,
					"children": [
						{
							"name": "group",
							"origin": [7.5, 1, 5],
							"color": 0,
							"children": [10]
						},
						11,
						12,
						13,
						14
					]
				},
				{
					"name": "group",
					"origin": [9.14944, -0.01111, 5.64722],
					"color": 0,
					"children": [
						{
							"name": "group",
							"origin": [7.5, 1, 5],
							"color": 0,
							"children": [15]
						},
						16,
						17,
						18,
						19
					]
				},
				{
					"name": "group",
					"origin": [9.14944, -0.01111, 5.64722],
					"color": 0,
					"children": [
						{
							"name": "group",
							"origin": [7.5, 1, 5],
							"color": 0,
							"children": [20]
						},
						21,
						22,
						23,
						24
					]
				},
				{
					"name": "group",
					"origin": [9.14944, -0.01111, 5.64722],
					"color": 0,
					"children": [
						{
							"name": "group",
							"origin": [7.5, 1, 5],
							"color": 0,
							"children": [25]
						},
						26,
						27,
						28,
						29
					]
				},
				{
					"name": "group",
					"origin": [9.14944, -0.01111, 5.64722],
					"color": 0,
					"children": [
						{
							"name": "group",
							"origin": [7.5, 1, 5],
							"color": 0,
							"children": [30]
						},
						31,
						32,
						33,
						34
					]
				},
				{
					"name": "group",
					"origin": [9.14944, -0.01111, 5.64722],
					"color": 0,
					"children": [
						{
							"name": "group",
							"origin": [7.5, 1, 5],
							"color": 0,
							"children": [35]
						},
						36,
						37,
						38,
						39
					]
				},
				{
					"name": "group",
					"origin": [9.14944, -0.01111, 5.64722],
					"color": 0,
					"children": [
						{
							"name": "group",
							"origin": [7.5, 1, 5],
							"color": 0,
							"children": [40]
						},
						41,
						42,
						43,
						44
					]
				},
				{
					"name": "group",
					"origin": [9.14944, -0.01111, 5.64722],
					"color": 0,
					"children": [
						{
							"name": "group",
							"origin": [7.5, 1, 5],
							"color": 0,
							"children": [45]
						},
						46,
						47,
						48,
						49
					]
				},
				{
					"name": "group",
					"origin": [9.14944, -0.01111, 5.64722],
					"color": 0,
					"children": [
						{
							"name": "group",
							"origin": [7.5, 1, 5],
							"color": 0,
							"children": [50]
						},
						51,
						52,
						53,
						54
					]
				},
				{
					"name": "group",
					"origin": [9.14944, -0.01111, 5.64722],
					"color": 0,
					"children": [
						{
							"name": "group",
							"origin": [7.5, 1, 5],
							"color": 0,
							"children": [55]
						},
						56,
						57,
						58,
						59
					]
				}
			]
		},
		{
			"name": "steve",
			"origin": [8, 8, 8],
			"color": 0,
			"children": []
		},
		60,
		61,
		62,
		63,
		64,
		65,
		66,
		67,
		68,
		69,
		70,
		71,
		72,
		73,
		74,
		75,
		76,
		77,
		78,
		79
	]
}