{
	"__credit": "Generated using Animated Java (https://animated-java.dev/)",
	"textures": {
		"0": "minecraft:stand/soft_and_wet/texture"
	},
	"elements": [
		{
			"faces": {
				"north": {"uv": [11.225, 0.775, 10.7625, 1.225], "texture": "#0"},
				"east": {"uv": [11.225, 0.775, 10.7625, 1.225], "texture": "#0"},
				"south": {"uv": [11.225, 0.775, 10.7625, 1.225], "texture": "#0"},
				"west": {"uv": [11.225, 0.775, 10.7625, 1.225], "texture": "#0"},
				"up": {"uv": [11.225, 0.775, 10.7625, 1.225], "texture": "#0"},
				"down": {"uv": [11.225, 0.775, 10.7625, 1.225], "texture": "#0"}
			},
			"to": [3.63538, -4.54585, 9.681],
			"from": [1.96038, -4.62585, 7.781],
			"rotation": {"angle": 0, "axis": "y", "origin": [2.79788, -4.60585, 8.731]}
		},
		{
			"faces": {
				"north": {"uv": [5.5, 14.025, 6.5, 15.5], "texture": "#0"},
				"east": {"uv": [5.5, 14.025, 6.5, 15.5], "texture": "#0"},
				"south": {"uv": [5.5, 14.025, 6.5, 15.5], "texture": "#0"},
				"west": {"uv": [5.5, 14.025, 6.5, 15.5], "texture": "#0"},
				"up": {"uv": [5.5, 14.025, 6.5, 15.5], "texture": "#0"},
				"down": {"uv": [5.5, 14.025, 6.5, 15.5], "texture": "#0"}
			},
			"to": [3.67538, -4.62585, 9.731],
			"from": [1.92038, -6.86585, 7.731],
			"rotation": {"angle": 0, "axis": "y", "origin": [2.79788, -4.60585, 8.731]}
		}
	],
	"display": {
		"head": {
			"translation": [0, 5.6, 0],
			"scale": [4, 4, 4],
			"rotation": [0, 0, 0]
		}
	}
}