{
	"__credit": "Generated using Animated Java (https://animated-java.dev/)",
	"textures": {
		"0": "minecraft:stand/soft_and_wet/texture"
	},
	"elements": [
		{
			"faces": {
				"north": {"uv": [2, 1.5, 4, 3.7], "texture": "#0"},
				"east": {"uv": [0, 2, 2, 4], "texture": "#0"},
				"south": {"uv": [6, 2, 8, 3.6], "texture": "#0"},
				"west": {"uv": [4, 2, 6, 4], "texture": "#0"},
				"up": {"uv": [4, 2, 2, 0], "texture": "#0"},
				"down": {"uv": [6, 0, 4, 2], "texture": "#0"}
			},
			"to": [9.4, 6.80612, 9.859],
			"from": [6.6, 4.12612, 6.659],
			"rotation": {"angle": 0, "axis": "y", "origin": [7.9984, 5.03396, 7.2626]}
		},
		{
			"faces": {
				"north": {"uv": [2.525, 1.875, 3.4875, 1.675], "texture": "#0"},
				"east": {"uv": [2, 3, 3.8, 3], "texture": "#0"},
				"south": {"uv": [2.525, 1.8375, 3.4875, 1.675], "texture": "#0"},
				"west": {"uv": [2, 3, 3.8, 3], "texture": "#0"},
				"up": {"uv": [2, 3, 3.8, 3], "texture": "#0"},
				"down": {"uv": [2, 3, 3.8, 3], "texture": "#0"}
			},
			"to": [8.96, 4.14612, 9.84956],
			"from": [7.04, 3.73112, 6.65956],
			"rotation": {"angle": 0, "axis": "y", "origin": [7.9984, 5.03396, 7.2626]}
		},
		{
			"faces": {
				"north": {"uv": [2.1875, 2.975, 3.8125, 2.925], "texture": "#0"},
				"east": {"uv": [2, 3, 3.8, 3], "texture": "#0"},
				"south": {"uv": [2, 3, 3.1, 3], "texture": "#0"},
				"west": {"uv": [2, 3, 3.8, 3], "texture": "#0"},
				"up": {"uv": [2, 3, 3.8, 3], "texture": "#0"},
				"down": {"uv": [2, 3, 3.8, 3], "texture": "#0"}
			},
			"to": [7.62563, 5.37574, 9.8494],
			"from": [6.38563, 4.77574, 6.6594],
			"rotation": {"angle": 45, "axis": "z", "origin": [7.9984, 5.03396, 7.2626]}
		},
		{
			"faces": {
				"north": {"uv": [2, 3, 3.2375, 3], "texture": "#0"},
				"east": {"uv": [2, 3, 3.8, 3], "texture": "#0"},
				"south": {"uv": [2.7, 3, 3.8, 3], "texture": "#0"},
				"west": {"uv": [2, 3, 3.8, 3], "texture": "#0"},
				"up": {"uv": [2, 3, 3.8, 3], "texture": "#0"},
				"down": {"uv": [2, 3, 3.8, 3], "texture": "#0"}
			},
			"to": [9.61343, 5.378, 9.84904],
			"from": [8.37343, 4.778, 6.65904],
			"rotation": {"angle": -45, "axis": "z", "origin": [7.9984, 5.03396, 7.2626]}
		},
		{
			"faces": {
				"north": {"uv": [2, 2, 3.8, 2.4], "texture": "#0"},
				"east": {"uv": [2, 2, 3.8, 2.4], "texture": "#0"},
				"south": {"uv": [2, 2, 3.8, 2.4], "texture": "#0"},
				"west": {"uv": [2, 2, 3.8, 2.4], "texture": "#0"},
				"up": {"uv": [2.3, 0.1, 3.7, 1.9], "texture": "#0"},
				"down": {"uv": [2, 2, 3.8, 2.4], "texture": "#0"}
			},
			"to": [9.2, 6.92612, 9.579],
			"from": [6.8, 6.32612, 6.819],
			"rotation": {"angle": 0, "axis": "y", "origin": [7.9984, 5.03396, 7.2626]}
		},
		{
			"faces": {
				"north": {"uv": [8.8125, 5.2625, 9.2125, 7.75], "texture": "#0"},
				"east": {"uv": [9.05, 5.2625, 9.2125, 7.75], "texture": "#0"},
				"south": {"uv": [0, 0, 1, 8], "texture": "#0"},
				"west": {"uv": [9.05, 5.2625, 9.2125, 7.75], "texture": "#0"},
				"up": {"uv": [9.05, 5.2625, 9.2125, 5.4625], "texture": "#0"},
				"down": {"uv": [9.0625, 5.2625, 9.2125, 5.45], "texture": "#0"}
			},
			"to": [8.2, 6.84612, 6.979],
			"from": [7.8, 3.64612, 6.579],
			"rotation": {"angle": 0, "axis": "y", "origin": [7.9984, 5.03396, 7.2626]}
		}
	],
	"display": {
		"head": {
			"translation": [0, 5.6, 0],
			"scale": [4, 4, 4],
			"rotation": [0, 0, 0]
		}
	}
}