{
	"__credit": "Generated using Animated Java (https://animated-java.dev/)",
	"textures": {
		"0": "minecraft:stand/soft_and_wet/texture"
	},
	"elements": [
		{
			"faces": {
				"north": {"uv": [6.25, 13.025, 5.25, 14], "texture": "#0"},
				"east": {"uv": [6.25, 13.025, 5.25, 14], "texture": "#0"},
				"south": {"uv": [6.25, 13.025, 5.25, 14], "texture": "#0"},
				"west": {"uv": [6.25, 13.025, 5.25, 14], "texture": "#0"},
				"up": {"uv": [7.25, 15.525, 6.25, 16], "texture": "#0"},
				"down": {"uv": [5.25, 14.5, 6.25, 13.025], "texture": "#0"}
			},
			"to": [8.88333, 7.01333, 9.00667],
			"from": [7.12833, 5.09333, 7.00667],
			"rotation": {"angle": 0, "axis": "y", "origin": [8.80583, 6.85333, 8.00667]}
		},
		{
			"faces": {
				"north": {"uv": [10.7625, 0.775, 11.225, 1.225], "texture": "#0"},
				"east": {"uv": [10.7625, 0.775, 11.225, 1.225], "texture": "#0"},
				"south": {"uv": [10.7625, 0.775, 11.225, 1.225], "texture": "#0"},
				"west": {"uv": [10.7625, 0.775, 11.225, 1.225], "texture": "#0"},
				"up": {"uv": [11.225, 1.225, 10.7625, 0.775], "texture": "#0"},
				"down": {"uv": [11.225, 1.225, 10.7625, 0.775], "texture": "#0"}
			},
			"to": [8.84333, 5.09333, 8.95667],
			"from": [7.16833, 5.01333, 7.05667],
			"rotation": {"angle": 0, "axis": "y", "origin": [8.00583, 4.87333, 8.00667]}
		},
		{
			"faces": {
				"north": {"uv": [6, 14.025, 5, 15.25], "texture": "#0"},
				"east": {"uv": [8, 14.025, 7, 15.25], "texture": "#0"},
				"south": {"uv": [6, 14.025, 5, 15.25], "texture": "#0"},
				"west": {"uv": [8, 14.025, 7, 15.25], "texture": "#0"},
				"up": {"uv": [6, 14.025, 5, 16], "texture": "#0"},
				"down": {"uv": [7.25, 15.525, 6.25, 16], "texture": "#0"}
			},
			"to": [8.68833, 5.01333, 8.68667],
			"from": [7.28833, 2.77333, 7.28667],
			"rotation": {"angle": 0, "axis": "y", "origin": [8.00583, 3.27333, 8.00667]}
		}
	],
	"display": {
		"head": {
			"translation": [0, 5.6, 0],
			"scale": [4, 4, 4],
			"rotation": [0, 0, 0]
		}
	}
}