{
	"__credit": "Generated using Animated Java (https://animated-java.dev/)",
	"textures": {
		"0": "minecraft:stand/soft_and_wet/texture"
	},
	"elements": [
		{
			"faces": {
				"north": {"uv": [6.25, 2.275, 7.75, 3.75], "texture": "#0"},
				"east": {"uv": [6.25, 2.275, 7.75, 3.75], "texture": "#0"},
				"south": {"uv": [6.25, 2.275, 7.75, 3.75], "texture": "#0"},
				"west": {"uv": [6.25, 2.275, 7.75, 3.75], "texture": "#0"},
				"up": {"uv": [6.25, 2.275, 7.75, 3.75], "texture": "#0"},
				"down": {"uv": [6.25, 2.275, 7.75, 3.75], "texture": "#0"}
			},
			"to": [5.32038, -1.54172, 6.15701],
			"from": [4.28038, -2.62172, 4.53701],
			"rotation": {"angle": 0, "axis": "y", "origin": [4.805, -0.08036, 5.32513]}
		},
		{
			"faces": {
				"north": {"uv": [6.54375, 6.76562, 6.72187, 7.48125], "texture": "#0"},
				"east": {"uv": [6.54375, 6.76562, 6.72187, 7.48125], "texture": "#0"},
				"south": {"uv": [6.54375, 6.76562, 6.72187, 7.48125], "texture": "#0"},
				"west": {"uv": [6.54375, 6.76562, 6.72187, 7.48125], "texture": "#0"},
				"up": {"uv": [6.54375, 6.76562, 6.72187, 7.48125], "texture": "#0"},
				"down": {"uv": [6.54375, 6.76562, 6.72187, 7.48125], "texture": "#0"}
			},
			"to": [4.24038, -1.18172, 5.81201],
			"from": [4.04038, -2.02172, 4.79201],
			"rotation": {"angle": 0, "axis": "y", "origin": [4.805, -0.08036, 5.32513]}
		},
		{
			"faces": {
				"north": {"uv": [6.54375, 6.76562, 6.72187, 7.48125], "texture": "#0"},
				"east": {"uv": [6.54375, 6.76562, 6.72187, 7.48125], "texture": "#0"},
				"south": {"uv": [6.54375, 6.76562, 6.72187, 7.48125], "texture": "#0"},
				"west": {"uv": [6.54375, 6.76562, 6.72187, 7.48125], "texture": "#0"},
				"up": {"uv": [6.54375, 6.76562, 6.72187, 7.48125], "texture": "#0"},
				"down": {"uv": [6.54375, 6.76562, 6.72187, 7.48125], "texture": "#0"}
			},
			"to": [5.56038, -1.18172, 5.81201],
			"from": [5.36038, -2.02172, 4.79201],
			"rotation": {"angle": 0, "axis": "y", "origin": [4.805, -0.08036, 5.32513]}
		}
	],
	"display": {
		"head": {
			"translation": [0, 5.6, 0],
			"scale": [4, 4, 4],
			"rotation": [0, 0, 0]
		}
	}
}