{
	"__credit": "Generated using Animated Java (https://animated-java.dev/)",
	"textures": {
		"1": "minecraft:stand/paisley_park/texture"
	},
	"elements": [
		{
			"faces": {
				"north": {"uv": [5, 14.25, 6, 16], "texture": "#1"},
				"east": {"uv": [4, 14.25, 5, 16], "texture": "#1"},
				"south": {"uv": [7, 14.25, 8, 16], "texture": "#1"},
				"west": {"uv": [6, 14.25, 7, 16], "texture": "#1"},
				"up": {"uv": [6, 13, 5, 12], "texture": "#1"},
				"down": {"uv": [7, 12, 6, 13], "texture": "#1"}
			},
			"to": [8.72, 5, 8.74],
			"from": [7.28, 2.6, 7.26],
			"rotation": {"angle": 0, "axis": "y", "origin": [8, 5, 8]}
		}
	],
	"display": {
		"head": {
			"translation": [0, 5.6, 0],
			"scale": [4, 4, 4],
			"rotation": [0, 0, 0]
		}
	}
}