{
	"credit": "Made with Blockbench",
	"texture_size": [32, 32],
	"textures": {
		"0": "stand/white_snake/disc",
		"particle": "stand/white_snake/disc"
	},
	"elements": [
		{
			"from": [6, 0.29297, 10],
			"to": [10, 0.70703, 11],
			"faces": {
				"north": {"uv": [2, 5, 1.5, 4.5], "texture": "#0"},
				"east": {"uv": [2, 5, 1.5, 4.5], "texture": "#0"},
				"south": {"uv": [2, 5, 1.5, 4.5], "texture": "#0"},
				"west": {"uv": [2, 5, 1.5, 4.5], "texture": "#0"},
				"up": {"uv": [2, 5, 1.5, 4.5], "texture": "#0"},
				"down": {"uv": [2, 5, 1.5, 4.5], "texture": "#0"}
			}
		},
		{
			"from": [6, 0.29297, 5],
			"to": [10, 0.70703, 6],
			"faces": {
				"north": {"uv": [2, 5, 1.5, 4.5], "texture": "#0"},
				"east": {"uv": [2, 5, 1.5, 4.5], "texture": "#0"},
				"south": {"uv": [2, 5, 1.5, 4.5], "texture": "#0"},
				"west": {"uv": [2, 5, 1.5, 4.5], "texture": "#0"},
				"up": {"uv": [2, 5, 1.5, 4.5], "texture": "#0"},
				"down": {"uv": [2, 5, 1.5, 4.5], "texture": "#0"}
			}
		},
		{
			"from": [10, 0.23438, 10],
			"to": [11, 0.76563, 11],
			"rotation": {"angle": 0, "axis": "y", "origin": [8, 0.5, 4.5]},
			"faces": {
				"north": {"uv": [2.5, 11.5, 2, 11], "texture": "#0"},
				"east": {"uv": [2.5, 11.5, 2, 11], "texture": "#0"},
				"south": {"uv": [2.5, 11.5, 2, 11], "texture": "#0"},
				"west": {"uv": [2.5, 11.5, 2, 11], "texture": "#0"},
				"up": {"uv": [2.5, 11.5, 2, 11], "texture": "#0"},
				"down": {"uv": [2.5, 11.5, 2, 11], "texture": "#0"}
			}
		},
		{
			"from": [10, 0.23438, 5],
			"to": [11, 0.76563, 6],
			"rotation": {"angle": 0, "axis": "y", "origin": [8, 0.5, 4.5]},
			"faces": {
				"north": {"uv": [4, 11.5, 3.5, 11], "texture": "#0"},
				"east": {"uv": [4, 11.5, 3.5, 11], "texture": "#0"},
				"south": {"uv": [4, 11.5, 3.5, 11], "texture": "#0"},
				"west": {"uv": [4, 11.5, 3.5, 11], "texture": "#0"},
				"up": {"uv": [4, 11.5, 3.5, 11], "texture": "#0"},
				"down": {"uv": [4, 11.5, 3.5, 11], "texture": "#0"}
			}
		},
		{
			"from": [5, 0.23438, 5],
			"to": [6, 0.76563, 6],
			"rotation": {"angle": 0, "axis": "y", "origin": [8, 0.5, 4.5]},
			"faces": {
				"north": {"uv": [7, 11.5, 6.5, 11], "texture": "#0"},
				"east": {"uv": [7, 11.5, 6.5, 11], "texture": "#0"},
				"south": {"uv": [7, 11.5, 6.5, 11], "texture": "#0"},
				"west": {"uv": [7, 11.5, 6.5, 11], "texture": "#0"},
				"up": {"uv": [7, 11.5, 6.5, 11], "texture": "#0"},
				"down": {"uv": [7, 11.5, 6.5, 11], "texture": "#0"}
			}
		},
		{
			"from": [5, 0.23438, 10],
			"to": [6, 0.76563, 11],
			"rotation": {"angle": 0, "axis": "y", "origin": [8, 0.5, 4.5]},
			"faces": {
				"north": {"uv": [5.5, 11.5, 5, 11], "texture": "#0"},
				"east": {"uv": [5.5, 11.5, 5, 11], "texture": "#0"},
				"south": {"uv": [5.5, 11.5, 5, 11], "texture": "#0"},
				"west": {"uv": [5.5, 11.5, 5, 11], "texture": "#0"},
				"up": {"uv": [5.5, 11.5, 5, 11], "texture": "#0"},
				"down": {"uv": [5.5, 11.5, 5, 11], "texture": "#0"}
			}
		},
		{
			"from": [5, 0.23438, 10.625],
			"to": [11, 0.76563, 15],
			"faces": {
				"north": {"uv": [2, 5, 1.5, 4.5], "texture": "#0"},
				"east": {"uv": [0, 0, 1, 0.5], "texture": "#0"},
				"south": {"uv": [0, 0, 1, 0.5], "texture": "#0"},
				"west": {"uv": [0, 0, 1, 0.5], "texture": "#0"},
				"up": {"uv": [2.875, 1.5, 0.5, 0], "texture": "#0"},
				"down": {"uv": [2.875, 2, 0.5, 0.5], "texture": "#0"}
			}
		},
		{
			"from": [5, 0.23438, 1],
			"to": [11, 0.76563, 5.5],
			"faces": {
				"north": {"uv": [0, 0, 1, 0.5], "texture": "#0"},
				"east": {"uv": [0, 0, 1, 0.5], "texture": "#0"},
				"south": {"uv": [2, 5, 1.5, 4.5], "texture": "#0"},
				"west": {"uv": [0, 0, 1, 0.5], "texture": "#0"},
				"up": {"uv": [3, 2, 0.5, 0.5], "texture": "#0"},
				"down": {"uv": [2.875, 1.5, 0.5, 0], "texture": "#0"}
			}
		},
		{
			"from": [11, 0.23438, 11],
			"to": [13, 0.76563, 14],
			"faces": {
				"north": {"uv": [4, 8, 5, 8.5], "texture": "#0"},
				"east": {"uv": [0, 0, 1, 0.5], "texture": "#0"},
				"south": {"uv": [0, 0, 1, 0.5], "texture": "#0"},
				"west": {"uv": [9, 6, 10.5, 6.5], "texture": "#0"},
				"up": {"uv": [2.875, 1.5, 0.5, 0], "texture": "#0"},
				"down": {"uv": [2.875, 2, 0.5, 0.5], "texture": "#0"}
			}
		},
		{
			"from": [13, 0.23438, 11],
			"to": [14, 0.76563, 13],
			"faces": {
				"north": {"uv": [0.375, 1.5, 0, 0.5], "texture": "#0"},
				"east": {"uv": [0.375, 1.5, 0, 0.5], "texture": "#0"},
				"south": {"uv": [0.375, 1.5, 0, 0.5], "texture": "#0"},
				"west": {"uv": [0.375, 1.5, 0, 0.5], "texture": "#0"},
				"up": {"uv": [0.375, 1.5, 0, 0.5], "texture": "#0"},
				"down": {"uv": [0.375, 1.5, 0, 0.5], "texture": "#0"}
			}
		},
		{
			"from": [11, 0.23438, 3],
			"to": [14, 0.76563, 5],
			"rotation": {"angle": 0, "axis": "y", "origin": [12.75, 0.5, 12.25]},
			"faces": {
				"north": {"uv": [0, 0, 1, 0.5], "texture": "#0"},
				"east": {"uv": [0, 0, 1, 0.5], "texture": "#0"},
				"south": {"uv": [9, 8, 10.5, 8.5], "texture": "#0"},
				"west": {"uv": [1, 10, 2, 10.5], "texture": "#0"},
				"up": {"uv": [1.5, 1.5, 0, 0.5], "texture": "#0"},
				"down": {"uv": [1.5, 1.5, 0, 0.5], "texture": "#0"}
			}
		},
		{
			"from": [11, 0.23438, 2],
			"to": [13, 0.76563, 3],
			"rotation": {"angle": 0, "axis": "y", "origin": [12.75, 0.5, 12.25]},
			"faces": {
				"north": {"uv": [0, 0, 1, 0.5], "texture": "#0"},
				"east": {"uv": [0, 0, 1, 0.5], "texture": "#0"},
				"south": {"uv": [0, 0, 1, 0.5], "texture": "#0"},
				"west": {"uv": [0, 0, 1, 0.5], "texture": "#0"},
				"up": {"uv": [0, 0, 1, 0.5], "texture": "#0"},
				"down": {"uv": [0, 0, 1, 0.5], "texture": "#0"}
			}
		},
		{
			"from": [2, 0.23438, 11],
			"to": [5, 0.76563, 13],
			"rotation": {"angle": 0, "axis": "y", "origin": [12.75, 0.5, 7.5]},
			"faces": {
				"north": {"uv": [9.5, 0, 11, 0.5], "texture": "#0"},
				"east": {"uv": [10, 10, 11, 10.5], "texture": "#0"},
				"south": {"uv": [0, 0, 1, 0.5], "texture": "#0"},
				"west": {"uv": [0, 0, 1, 0.5], "texture": "#0"},
				"up": {"uv": [3.5, 1.5, 2, 0.5], "texture": "#0"},
				"down": {"uv": [3.5, 1.5, 2, 0.5], "texture": "#0"}
			}
		},
		{
			"from": [3, 0.23438, 13],
			"to": [5, 0.76563, 14],
			"rotation": {"angle": 0, "axis": "y", "origin": [12.75, 0.5, 7.5]},
			"faces": {
				"north": {"uv": [0.375, 1.5, 0, 0.5], "texture": "#0"},
				"east": {"uv": [0.375, 1.5, 0, 0.5], "texture": "#0"},
				"south": {"uv": [0.375, 1.5, 0, 0.5], "texture": "#0"},
				"west": {"uv": [0.375, 1.5, 0, 0.5], "texture": "#0"},
				"up": {"uv": [0.375, 1.5, 0, 0.5], "texture": "#0"},
				"down": {"uv": [0.375, 1.5, 0, 0.5], "texture": "#0"}
			}
		},
		{
			"from": [3, 0.23438, 2],
			"to": [5, 0.76563, 5],
			"rotation": {"angle": 0, "axis": "y", "origin": [12.75, 0.5, 7.5]},
			"faces": {
				"north": {"uv": [0, 0, 1, 0.5], "texture": "#0"},
				"east": {"uv": [9, 8.5, 10.5, 9], "texture": "#0"},
				"south": {"uv": [5, 10, 6, 10.5], "texture": "#0"},
				"west": {"uv": [0, 0, 1, 0.5], "texture": "#0"},
				"up": {"uv": [2.875, 2, 0.5, 0.5], "texture": "#0"},
				"down": {"uv": [2.875, 1.5, 0.5, 0], "texture": "#0"}
			}
		},
		{
			"from": [2, 0.23438, 3],
			"to": [3, 0.76563, 5],
			"rotation": {"angle": 0, "axis": "y", "origin": [12.75, 0.5, 7.5]},
			"faces": {
				"north": {"uv": [0, 0, 1, 0.5], "texture": "#0"},
				"east": {"uv": [0, 0, 1, 0.5], "texture": "#0"},
				"south": {"uv": [0, 0, 1, 0.5], "texture": "#0"},
				"west": {"uv": [0, 0, 1, 0.5], "texture": "#0"},
				"up": {"uv": [0, 0, 1, 0.5], "texture": "#0"},
				"down": {"uv": [0, 0, 1, 0.5], "texture": "#0"}
			}
		},
		{
			"from": [10.625, 0.23438, 5],
			"to": [15, 0.76563, 11],
			"rotation": {"angle": 0, "axis": "y", "origin": [8, 0.5, 8]},
			"faces": {
				"north": {"uv": [0, 0, 1, 0.5], "texture": "#0"},
				"east": {"uv": [0, 0, 1, 0.5], "texture": "#0"},
				"south": {"uv": [0, 0, 1, 0.5], "texture": "#0"},
				"west": {"uv": [2, 5, 1.5, 4.5], "texture": "#0"},
				"up": {"uv": [1.375, 1.5, 0, 0.5], "texture": "#0"},
				"down": {"uv": [1.375, 1.5, 0, 0.5], "texture": "#0"}
			}
		},
		{
			"from": [1, 0.23438, 5],
			"to": [5.375, 0.76563, 11],
			"rotation": {"angle": 0, "axis": "y", "origin": [8, 0.5, 8]},
			"faces": {
				"north": {"uv": [0, 0, 1, 0.5], "texture": "#0"},
				"east": {"uv": [2, 5, 1.5, 4.5], "texture": "#0"},
				"south": {"uv": [0, 0, 1, 0.5], "texture": "#0"},
				"west": {"uv": [0, 0, 1, 0.5], "texture": "#0"},
				"up": {"uv": [3.375, 1.5, 2, 0.5], "texture": "#0"},
				"down": {"uv": [3.375, 1.5, 2, 0.5], "texture": "#0"}
			}
		},
		{
			"from": [5, 0.29297, 6],
			"to": [6, 0.70703, 10],
			"rotation": {"angle": 0, "axis": "y", "origin": [8, 0.5, 8]},
			"faces": {
				"north": {"uv": [2, 5, 1.5, 4.5], "texture": "#0"},
				"east": {"uv": [2, 5, 1.5, 4.5], "texture": "#0"},
				"south": {"uv": [2, 5, 1.5, 4.5], "texture": "#0"},
				"west": {"uv": [2, 5, 1.5, 4.5], "texture": "#0"},
				"up": {"uv": [2, 5, 1.5, 4.5], "texture": "#0"},
				"down": {"uv": [2, 5, 1.5, 4.5], "texture": "#0"}
			}
		},
		{
			"from": [6, 0.29297, 6],
			"to": [7, 0.70703, 7],
			"rotation": {"angle": 0, "axis": "y", "origin": [8, 0.5, 8]},
			"faces": {
				"north": {"uv": [2, 5, 1.5, 4.5], "texture": "#0"},
				"east": {"uv": [2, 5, 1.5, 4.5], "texture": "#0"},
				"south": {"uv": [2, 5, 1.5, 4.5], "texture": "#0"},
				"west": {"uv": [2, 5, 1.5, 4.5], "texture": "#0"},
				"up": {"uv": [2, 5, 1.5, 4.5], "texture": "#0"},
				"down": {"uv": [2, 5, 1.5, 4.5], "texture": "#0"}
			}
		},
		{
			"from": [6, 0.29297, 9],
			"to": [7, 0.70703, 10],
			"rotation": {"angle": 0, "axis": "y", "origin": [8, 0.5, 8]},
			"faces": {
				"north": {"uv": [2, 5, 1.5, 4], "texture": "#0"},
				"east": {"uv": [2, 5, 1.5, 4], "texture": "#0"},
				"south": {"uv": [2, 5, 1.5, 4], "texture": "#0"},
				"west": {"uv": [2, 5, 1.5, 4], "texture": "#0"},
				"up": {"uv": [2, 5, 1.5, 4], "texture": "#0"},
				"down": {"uv": [2, 5, 1.5, 4], "texture": "#0"}
			}
		},
		{
			"from": [9, 0.29297, 9],
			"to": [10, 0.70703, 10],
			"rotation": {"angle": 0, "axis": "y", "origin": [8, 0.5, 8]},
			"faces": {
				"north": {"uv": [2, 5, 1.5, 4.5], "texture": "#0"},
				"east": {"uv": [2, 5, 1.5, 4.5], "texture": "#0"},
				"south": {"uv": [2, 5, 1.5, 4.5], "texture": "#0"},
				"west": {"uv": [2, 5, 1.5, 4.5], "texture": "#0"},
				"up": {"uv": [2, 5, 1.5, 4.5], "texture": "#0"},
				"down": {"uv": [2, 5, 1.5, 4.5], "texture": "#0"}
			}
		},
		{
			"from": [9, 0.29297, 6],
			"to": [10, 0.70703, 7],
			"rotation": {"angle": 0, "axis": "y", "origin": [8, 0.5, 8]},
			"faces": {
				"north": {"uv": [2, 5, 1.5, 4.5], "texture": "#0"},
				"east": {"uv": [2, 5, 1.5, 4.5], "texture": "#0"},
				"south": {"uv": [2, 5, 1.5, 4.5], "texture": "#0"},
				"west": {"uv": [2, 5, 1.5, 4.5], "texture": "#0"},
				"up": {"uv": [2, 5, 1.5, 4.5], "texture": "#0"},
				"down": {"uv": [2, 5, 1.5, 4.5], "texture": "#0"}
			}
		},
		{
			"from": [10, 0.29297, 6],
			"to": [11, 0.70703, 10],
			"rotation": {"angle": 0, "axis": "y", "origin": [8, 0.5, 8]},
			"faces": {
				"north": {"uv": [2, 5, 1.5, 4.5], "texture": "#0"},
				"east": {"uv": [2, 5, 1.5, 4.5], "texture": "#0"},
				"south": {"uv": [2, 5, 1.5, 4.5], "texture": "#0"},
				"west": {"uv": [2, 5, 1.5, 4.5], "texture": "#0"},
				"up": {"uv": [2, 5, 1.5, 4.5], "texture": "#0"},
				"down": {"uv": [2, 5, 1.5, 4.5], "texture": "#0"}
			}
		},
		{
			"from": [2.02734, -0.23047, 7.49609],
			"to": [5.02734, 0.76953, 8.88672],
			"faces": {
				"north": {"uv": [0, 11.5625, 5.5, 14.5], "texture": "#0"},
				"east": {"uv": [0, 11.5625, 5.5, 14.5], "texture": "#0"},
				"south": {"uv": [0, 11.5625, 5.5, 14.5], "texture": "#0"},
				"west": {"uv": [0, 11.5625, 5.5, 14.5], "texture": "#0"},
				"up": {"uv": [6.5, 11.5625, 14.625, 14.5], "texture": "#0"},
				"down": {"uv": [0, 11.5625, 5.5, 14.5], "texture": "#0"}
			}
		}
	],
	"display": {
		"thirdperson_righthand": {
			"rotation": [175, 0, -82],
			"translation": [3.5, -2.25, -0.75],
			"scale": [0.5, 0.5, 0.5]
		},
		"thirdperson_lefthand": {
			"rotation": [175, 0, -82],
			"translation": [3.5, -2.25, -0.75],
			"scale": [0.5, 0.5, 0.5]
		},
		"firstperson_righthand": {
			"rotation": [175, 0, -82],
			"translation": [4.75, -1.5, -0.75],
			"scale": [0.5, 0.5, 0.5]
		},
		"firstperson_lefthand": {
			"rotation": [175, 0, -82],
			"translation": [4.75, -0.25, -0.75],
			"scale": [0.5, 0.5, 0.5]
		},
		"ground": {
			"translation": [0, 4.5, 0]
		},
		"gui": {
			"rotation": [90, 8, 0],
			"translation": [0, 0, 80]
		},
		"head": {
			"translation": [-2.5, 11.75, 0],
			"scale": [1.25, 1.25, 1.25]
		},
		"fixed": {
			"rotation": [-90, -180, 0],
			"translation": [0, 0, -8.25]
		}
	}
}