{
	"credit": "Made with Blockbench",
	"textures": {
		"0": "Untitled",
		"particle": "Untitled"
	},
	"elements": [
		{
			"name": "Untitled_57",
			"from": [7.75, 0, 8.75],
			"to": [8.25, 0.25, 14],
			"faces": {
				"north": {"uv": [8.25, 8.75, 7.75, 9], "texture": "#0"},
				"east": {"uv": [8, 8.75, 8.25, 14], "rotation": 90, "texture": "#0"},
				"south": {"uv": [7.75, 13.75, 8.25, 14], "texture": "#0"},
				"west": {"uv": [7.75, 8.75, 8, 14], "rotation": 270, "texture": "#0"},
				"up": {"uv": [7.75, 8.75, 8.25, 14], "texture": "#0"},
				"down": {"uv": [7.75, 14, 8.25, 8.75], "texture": "#0"}
			}
		},
		{
			"name": "Untitled_3",
			"from": [14, 0, 2.75],
			"to": [15.25, 0.25, 5.75],
			"rotation": {"angle": -22.5, "axis": "z", "origin": [8.25, 0.125, 10.4375]},
			"faces": {
				"north": {"uv": [15.25, 2.75, 14, 3], "texture": "#0"},
				"east": {"uv": [15, 2.75, 15.25, 5.75], "rotation": 90, "texture": "#0"},
				"south": {"uv": [14, 5.5, 15.25, 5.75], "texture": "#0"},
				"west": {"uv": [14, 2.75, 14.25, 5.75], "rotation": 270, "texture": "#0"},
				"up": {"uv": [14, 2.75, 15.25, 5.75], "texture": "#0"},
				"down": {"uv": [14, 5.75, 15.25, 2.75], "texture": "#0"}
			}
		},
		{
			"name": "Untitled_5",
			"from": [13.5, 0, 3],
			"to": [14, 0.25, 9.5],
			"rotation": {"angle": -22.5, "axis": "z", "origin": [8.25, 0.125, 10.4375]},
			"faces": {
				"north": {"uv": [14, 3, 13.5, 3.25], "texture": "#0"},
				"east": {"uv": [13.75, 3, 14, 9.5], "rotation": 90, "texture": "#0"},
				"south": {"uv": [13.5, 9.25, 14, 9.5], "texture": "#0"},
				"west": {"uv": [13.5, 3, 13.75, 9.5], "rotation": 270, "texture": "#0"},
				"up": {"uv": [13.5, 3, 14, 9.5], "texture": "#0"},
				"down": {"uv": [13.5, 9.5, 14, 3], "texture": "#0"}
			}
		},
		{
			"name": "Untitled_8",
			"from": [15.25, 0, 3.25],
			"to": [15.5, 0.25, 4.75],
			"rotation": {"angle": -22.5, "axis": "z", "origin": [8.25, 0.125, 10.4375]},
			"faces": {
				"north": {"uv": [15.5, 3.25, 15.25, 3.5], "texture": "#0"},
				"east": {"uv": [15.25, 3.25, 15.5, 4.75], "rotation": 90, "texture": "#0"},
				"south": {"uv": [15.25, 4.5, 15.5, 4.75], "texture": "#0"},
				"west": {"uv": [15.25, 3.25, 15.5, 4.75], "rotation": 270, "texture": "#0"},
				"up": {"uv": [15.25, 3.25, 15.5, 4.75], "texture": "#0"},
				"down": {"uv": [15.25, 4.75, 15.5, 3.25], "texture": "#0"}
			}
		},
		{
			"name": "Untitled_10",
			"from": [12.75, 0, 3.5],
			"to": [13.25, 0.25, 10],
			"rotation": {"angle": -22.5, "axis": "z", "origin": [8.25, 0.125, 10.4375]},
			"faces": {
				"north": {"uv": [13.25, 3.5, 12.75, 3.75], "texture": "#0"},
				"east": {"uv": [13, 3.5, 13.25, 10], "rotation": 90, "texture": "#0"},
				"south": {"uv": [12.75, 9.75, 13.25, 10], "texture": "#0"},
				"west": {"uv": [12.75, 3.5, 13, 10], "rotation": 270, "texture": "#0"},
				"up": {"uv": [12.75, 3.5, 13.25, 10], "texture": "#0"},
				"down": {"uv": [12.75, 10, 13.25, 3.5], "texture": "#0"}
			}
		},
		{
			"name": "Untitled_12",
			"from": [12.5, 0, 3.75],
			"to": [12.75, 0.25, 9.75],
			"rotation": {"angle": -22.5, "axis": "z", "origin": [8.25, 0.125, 10.4375]},
			"faces": {
				"north": {"uv": [12.75, 3.75, 12.5, 4], "texture": "#0"},
				"east": {"uv": [12.5, 3.75, 12.75, 9.75], "rotation": 90, "texture": "#0"},
				"south": {"uv": [12.5, 9.5, 12.75, 9.75], "texture": "#0"},
				"west": {"uv": [12.5, 3.75, 12.75, 9.75], "rotation": 270, "texture": "#0"},
				"up": {"uv": [12.5, 3.75, 12.75, 9.75], "texture": "#0"},
				"down": {"uv": [12.5, 9.75, 12.75, 3.75], "texture": "#0"}
			}
		},
		{
			"name": "Untitled_13",
			"from": [13.25, 0, 3.75],
			"to": [13.5, 0.25, 10],
			"rotation": {"angle": -22.5, "axis": "z", "origin": [8.25, 0.125, 10.4375]},
			"faces": {
				"north": {"uv": [13.5, 3.75, 13.25, 4], "texture": "#0"},
				"east": {"uv": [13.25, 3.75, 13.5, 10], "rotation": 90, "texture": "#0"},
				"south": {"uv": [13.25, 9.75, 13.5, 10], "texture": "#0"},
				"west": {"uv": [13.25, 3.75, 13.5, 10], "rotation": 270, "texture": "#0"},
				"up": {"uv": [13.25, 3.75, 13.5, 10], "texture": "#0"},
				"down": {"uv": [13.25, 10, 13.5, 3.75], "texture": "#0"}
			}
		},
		{
			"name": "Untitled_15",
			"from": [12.25, 0, 4],
			"to": [12.5, 0.25, 10],
			"rotation": {"angle": -22.5, "axis": "z", "origin": [8.25, 0.125, 10.4375]},
			"faces": {
				"north": {"uv": [12.5, 4, 12.25, 4.25], "texture": "#0"},
				"east": {"uv": [12.25, 4, 12.5, 10], "rotation": 90, "texture": "#0"},
				"south": {"uv": [12.25, 9.75, 12.5, 10], "texture": "#0"},
				"west": {"uv": [12.25, 4, 12.5, 10], "rotation": 270, "texture": "#0"},
				"up": {"uv": [12.25, 4, 12.5, 10], "texture": "#0"},
				"down": {"uv": [12.25, 10, 12.5, 4], "texture": "#0"}
			}
		},
		{
			"name": "Untitled_17",
			"from": [11.75, 0, 4.25],
			"to": [12.25, 0.25, 10.25],
			"rotation": {"angle": -22.5, "axis": "z", "origin": [8.25, 0.125, 10.4375]},
			"faces": {
				"north": {"uv": [12.25, 4.25, 11.75, 4.5], "texture": "#0"},
				"east": {"uv": [12, 4.25, 12.25, 10.25], "rotation": 90, "texture": "#0"},
				"south": {"uv": [11.75, 10, 12.25, 10.25], "texture": "#0"},
				"west": {"uv": [11.75, 4.25, 12, 10.25], "rotation": 270, "texture": "#0"},
				"up": {"uv": [11.75, 4.25, 12.25, 10.25], "texture": "#0"},
				"down": {"uv": [11.75, 10.25, 12.25, 4.25], "texture": "#0"}
			}
		},
		{
			"name": "Untitled_18",
			"from": [11.5, 0, 4.5],
			"to": [11.75, 0.25, 10.75],
			"rotation": {"angle": -22.5, "axis": "z", "origin": [8.25, 0.125, 10.4375]},
			"faces": {
				"north": {"uv": [11.75, 4.5, 11.5, 4.75], "texture": "#0"},
				"east": {"uv": [11.5, 4.5, 11.75, 10.75], "rotation": 90, "texture": "#0"},
				"south": {"uv": [11.5, 10.5, 11.75, 10.75], "texture": "#0"},
				"west": {"uv": [11.5, 4.5, 11.75, 10.75], "rotation": 270, "texture": "#0"},
				"up": {"uv": [11.5, 4.5, 11.75, 10.75], "texture": "#0"},
				"down": {"uv": [11.5, 10.75, 11.75, 4.5], "texture": "#0"}
			}
		},
		{
			"name": "Untitled_21",
			"from": [11.25, 0, 4.75],
			"to": [11.5, 0.25, 15.25],
			"rotation": {"angle": -22.5, "axis": "z", "origin": [8.25, 0.125, 10.4375]},
			"faces": {
				"north": {"uv": [11.5, 4.75, 11.25, 5], "texture": "#0"},
				"east": {"uv": [11.25, 4.75, 11.5, 15.25], "rotation": 90, "texture": "#0"},
				"south": {"uv": [11.25, 15, 11.5, 15.25], "texture": "#0"},
				"west": {"uv": [11.25, 4.75, 11.5, 15.25], "rotation": 270, "texture": "#0"},
				"up": {"uv": [11.25, 4.75, 11.5, 15.25], "texture": "#0"},
				"down": {"uv": [11.25, 15.25, 11.5, 4.75], "texture": "#0"}
			}
		},
		{
			"name": "Untitled_23",
			"from": [11, 0, 5],
			"to": [11.25, 0.25, 15.25],
			"rotation": {"angle": -22.5, "axis": "z", "origin": [8.25, 0.125, 10.4375]},
			"faces": {
				"north": {"uv": [11.25, 5, 11, 5.25], "texture": "#0"},
				"east": {"uv": [11, 5, 11.25, 15.25], "rotation": 90, "texture": "#0"},
				"south": {"uv": [11, 15, 11.25, 15.25], "texture": "#0"},
				"west": {"uv": [11, 5, 11.25, 15.25], "rotation": 270, "texture": "#0"},
				"up": {"uv": [11, 5, 11.25, 15.25], "texture": "#0"},
				"down": {"uv": [11, 15.25, 11.25, 5], "texture": "#0"}
			}
		},
		{
			"name": "Untitled_25",
			"from": [10.75, 0, 5.25],
			"to": [11, 0.25, 15.25],
			"rotation": {"angle": -22.5, "axis": "z", "origin": [8.25, 0.125, 10.4375]},
			"faces": {
				"north": {"uv": [11, 5.25, 10.75, 5.5], "texture": "#0"},
				"east": {"uv": [10.75, 5.25, 11, 15.25], "rotation": 90, "texture": "#0"},
				"south": {"uv": [10.75, 15, 11, 15.25], "texture": "#0"},
				"west": {"uv": [10.75, 5.25, 11, 15.25], "rotation": 270, "texture": "#0"},
				"up": {"uv": [10.75, 5.25, 11, 15.25], "texture": "#0"},
				"down": {"uv": [10.75, 15.25, 11, 5.25], "texture": "#0"}
			}
		},
		{
			"name": "Untitled_28",
			"from": [10.5, 0, 5.75],
			"to": [10.75, 0.25, 15.25],
			"rotation": {"angle": -22.5, "axis": "z", "origin": [8.25, 0.125, 10.4375]},
			"faces": {
				"north": {"uv": [10.75, 5.75, 10.5, 6], "texture": "#0"},
				"east": {"uv": [10.5, 5.75, 10.75, 15.25], "rotation": 90, "texture": "#0"},
				"south": {"uv": [10.5, 15, 10.75, 15.25], "texture": "#0"},
				"west": {"uv": [10.5, 5.75, 10.75, 15.25], "rotation": 270, "texture": "#0"},
				"up": {"uv": [10.5, 5.75, 10.75, 15.25], "texture": "#0"},
				"down": {"uv": [10.5, 15.25, 10.75, 5.75], "texture": "#0"}
			}
		},
		{
			"name": "Untitled_29",
			"from": [14, 0, 5.75],
			"to": [14.75, 0.25, 8],
			"rotation": {"angle": -22.5, "axis": "z", "origin": [8.25, 0.125, 10.4375]},
			"faces": {
				"north": {"uv": [14.75, 5.75, 14, 6], "texture": "#0"},
				"east": {"uv": [14.5, 5.75, 14.75, 8], "rotation": 90, "texture": "#0"},
				"south": {"uv": [14, 7.75, 14.75, 8], "texture": "#0"},
				"west": {"uv": [14, 5.75, 14.25, 8], "rotation": 270, "texture": "#0"},
				"up": {"uv": [14, 5.75, 14.75, 8], "texture": "#0"},
				"down": {"uv": [14, 8, 14.75, 5.75], "texture": "#0"}
			}
		},
		{
			"name": "Untitled_30",
			"from": [14.75, 0, 5.75],
			"to": [15, 0.25, 6.25],
			"rotation": {"angle": -22.5, "axis": "z", "origin": [8.25, 0.125, 10.4375]},
			"faces": {
				"north": {"uv": [15, 5.75, 14.75, 6], "texture": "#0"},
				"east": {"uv": [14.75, 5.75, 15, 6.25], "rotation": 90, "texture": "#0"},
				"south": {"uv": [14.75, 6, 15, 6.25], "texture": "#0"},
				"west": {"uv": [14.75, 5.75, 15, 6.25], "rotation": 270, "texture": "#0"},
				"up": {"uv": [14.75, 5.75, 15, 6.25], "texture": "#0"},
				"down": {"uv": [14.75, 6.25, 15, 5.75], "texture": "#0"}
			}
		},
		{
			"name": "Untitled_32",
			"from": [10.25, 0, 6],
			"to": [10.5, 0.25, 15],
			"rotation": {"angle": -22.5, "axis": "z", "origin": [8.25, 0.125, 10.4375]},
			"faces": {
				"north": {"uv": [10.5, 6, 10.25, 6.25], "texture": "#0"},
				"east": {"uv": [10.25, 6, 10.5, 15], "rotation": 90, "texture": "#0"},
				"south": {"uv": [10.25, 14.75, 10.5, 15], "texture": "#0"},
				"west": {"uv": [10.25, 6, 10.5, 15], "rotation": 270, "texture": "#0"},
				"up": {"uv": [10.25, 6, 10.5, 15], "texture": "#0"},
				"down": {"uv": [10.25, 15, 10.5, 6], "texture": "#0"}
			}
		},
		{
			"name": "Untitled_35",
			"from": [10, 0, 6.5],
			"to": [10.25, 0.25, 15],
			"rotation": {"angle": -22.5, "axis": "z", "origin": [8.25, 0.125, 10.4375]},
			"faces": {
				"north": {"uv": [10.25, 6.5, 10, 6.75], "texture": "#0"},
				"east": {"uv": [10, 6.5, 10.25, 15], "rotation": 90, "texture": "#0"},
				"south": {"uv": [10, 14.75, 10.25, 15], "texture": "#0"},
				"west": {"uv": [10, 6.5, 10.25, 15], "rotation": 270, "texture": "#0"},
				"up": {"uv": [10, 6.5, 10.25, 15], "texture": "#0"},
				"down": {"uv": [10, 15, 10.25, 6.5], "texture": "#0"}
			}
		},
		{
			"name": "Untitled_36",
			"from": [9.75, 0, 6.75],
			"to": [10, 0.25, 14.25],
			"rotation": {"angle": -22.5, "axis": "z", "origin": [8.25, 0.125, 10.4375]},
			"faces": {
				"north": {"uv": [10, 6.75, 9.75, 7], "texture": "#0"},
				"east": {"uv": [9.75, 6.75, 10, 14.25], "rotation": 90, "texture": "#0"},
				"south": {"uv": [9.75, 14, 10, 14.25], "texture": "#0"},
				"west": {"uv": [9.75, 6.75, 10, 14.25], "rotation": 270, "texture": "#0"},
				"up": {"uv": [9.75, 6.75, 10, 14.25], "texture": "#0"},
				"down": {"uv": [9.75, 14.25, 10, 6.75], "texture": "#0"}
			}
		},
		{
			"name": "Untitled_38",
			"from": [14.75, 0, 7],
			"to": [15, 0.25, 7.5],
			"rotation": {"angle": -22.5, "axis": "z", "origin": [8.25, 0.125, 10.4375]},
			"faces": {
				"north": {"uv": [15, 7, 14.75, 7.25], "texture": "#0"},
				"east": {"uv": [14.75, 7, 15, 7.5], "rotation": 90, "texture": "#0"},
				"south": {"uv": [14.75, 7.25, 15, 7.5], "texture": "#0"},
				"west": {"uv": [14.75, 7, 15, 7.5], "rotation": 270, "texture": "#0"},
				"up": {"uv": [14.75, 7, 15, 7.5], "texture": "#0"},
				"down": {"uv": [14.75, 7.5, 15, 7], "texture": "#0"}
			}
		},
		{
			"name": "Untitled_41",
			"from": [9.5, 0, 7.25],
			"to": [9.75, 0.25, 14.75],
			"rotation": {"angle": -22.5, "axis": "z", "origin": [8.25, 0.125, 10.4375]},
			"faces": {
				"north": {"uv": [9.75, 7.25, 9.5, 7.5], "texture": "#0"},
				"east": {"uv": [9.5, 7.25, 9.75, 14.75], "rotation": 90, "texture": "#0"},
				"south": {"uv": [9.5, 14.5, 9.75, 14.75], "texture": "#0"},
				"west": {"uv": [9.5, 7.25, 9.75, 14.75], "rotation": 270, "texture": "#0"},
				"up": {"uv": [9.5, 7.25, 9.75, 14.75], "texture": "#0"},
				"down": {"uv": [9.5, 14.75, 9.75, 7.25], "texture": "#0"}
			}
		},
		{
			"name": "Untitled_44",
			"from": [9.25, 0, 7.75],
			"to": [9.5, 0.25, 14.5],
			"rotation": {"angle": -22.5, "axis": "z", "origin": [8.25, 0.125, 10.4375]},
			"faces": {
				"north": {"uv": [9.5, 7.75, 9.25, 8], "texture": "#0"},
				"east": {"uv": [9.25, 7.75, 9.5, 14.5], "rotation": 90, "texture": "#0"},
				"south": {"uv": [9.25, 14.25, 9.5, 14.5], "texture": "#0"},
				"west": {"uv": [9.25, 7.75, 9.5, 14.5], "rotation": 270, "texture": "#0"},
				"up": {"uv": [9.25, 7.75, 9.5, 14.5], "texture": "#0"},
				"down": {"uv": [9.25, 14.5, 9.5, 7.75], "texture": "#0"}
			}
		},
		{
			"name": "Untitled_46",
			"from": [9, 0, 8],
			"to": [9.25, 0.25, 13.5],
			"rotation": {"angle": -22.5, "axis": "z", "origin": [8.25, 0.125, 10.4375]},
			"faces": {
				"north": {"uv": [9.25, 8, 9, 8.25], "texture": "#0"},
				"east": {"uv": [9, 8, 9.25, 13.5], "rotation": 90, "texture": "#0"},
				"south": {"uv": [9, 13.25, 9.25, 13.5], "texture": "#0"},
				"west": {"uv": [9, 8, 9.25, 13.5], "rotation": 270, "texture": "#0"},
				"up": {"uv": [9, 8, 9.25, 13.5], "texture": "#0"},
				"down": {"uv": [9, 13.5, 9.25, 8], "texture": "#0"}
			}
		},
		{
			"name": "Untitled_47",
			"from": [14, 0, 8],
			"to": [14.5, 0.25, 9.5],
			"rotation": {"angle": -22.5, "axis": "z", "origin": [8.25, 0.125, 10.4375]},
			"faces": {
				"north": {"uv": [14.5, 8, 14, 8.25], "texture": "#0"},
				"east": {"uv": [14.25, 8, 14.5, 9.5], "rotation": 90, "texture": "#0"},
				"south": {"uv": [14, 9.25, 14.5, 9.5], "texture": "#0"},
				"west": {"uv": [14, 8, 14.25, 9.5], "rotation": 270, "texture": "#0"},
				"up": {"uv": [14, 8, 14.5, 9.5], "texture": "#0"},
				"down": {"uv": [14, 9.5, 14.5, 8], "texture": "#0"}
			}
		},
		{
			"name": "Untitled_51",
			"from": [8.5, 0, 8.25],
			"to": [9, 0.25, 13],
			"rotation": {"angle": -22.5, "axis": "z", "origin": [8.25, 0.125, 10.4375]},
			"faces": {
				"north": {"uv": [9, 8.25, 8.5, 8.5], "texture": "#0"},
				"east": {"uv": [8.75, 8.25, 9, 13], "rotation": 90, "texture": "#0"},
				"south": {"uv": [8.5, 12.75, 9, 13], "texture": "#0"},
				"west": {"uv": [8.5, 8.25, 8.75, 13], "rotation": 270, "texture": "#0"},
				"up": {"uv": [8.5, 8.25, 9, 13], "texture": "#0"},
				"down": {"uv": [8.5, 13, 9, 8.25], "texture": "#0"}
			}
		},
		{
			"name": "Untitled_54",
			"from": [8.25, 0, 8.5],
			"to": [8.5, 0.25, 13.5],
			"rotation": {"angle": -22.5, "axis": "z", "origin": [8.25, 0.125, 10.4375]},
			"faces": {
				"north": {"uv": [8.5, 8.5, 8.25, 8.75], "texture": "#0"},
				"east": {"uv": [8.25, 8.5, 8.5, 13.5], "rotation": 90, "texture": "#0"},
				"south": {"uv": [8.25, 13.25, 8.5, 13.5], "texture": "#0"},
				"west": {"uv": [8.25, 8.5, 8.5, 13.5], "rotation": 270, "texture": "#0"},
				"up": {"uv": [8.25, 8.5, 8.5, 13.5], "texture": "#0"},
				"down": {"uv": [8.25, 13.5, 8.5, 8.5], "texture": "#0"}
			}
		},
		{
			"name": "Untitled_58",
			"from": [14.5, 0, 8.75],
			"to": [14.75, 0.25, 9.75],
			"rotation": {"angle": -22.5, "axis": "z", "origin": [8.25, 0.125, 10.4375]},
			"faces": {
				"north": {"uv": [14.75, 8.75, 14.5, 9], "texture": "#0"},
				"east": {"uv": [14.5, 8.75, 14.75, 9.75], "rotation": 90, "texture": "#0"},
				"south": {"uv": [14.5, 9.5, 14.75, 9.75], "texture": "#0"},
				"west": {"uv": [14.5, 8.75, 14.75, 9.75], "rotation": 270, "texture": "#0"},
				"up": {"uv": [14.5, 8.75, 14.75, 9.75], "texture": "#0"},
				"down": {"uv": [14.5, 9.75, 14.75, 8.75], "texture": "#0"}
			}
		},
		{
			"name": "Untitled_59",
			"from": [14.75, 0, 9],
			"to": [15, 0.25, 9.75],
			"rotation": {"angle": -22.5, "axis": "z", "origin": [8.25, 0.125, 10.4375]},
			"faces": {
				"north": {"uv": [15, 9, 14.75, 9.25], "texture": "#0"},
				"east": {"uv": [14.75, 9, 15, 9.75], "rotation": 90, "texture": "#0"},
				"south": {"uv": [14.75, 9.5, 15, 9.75], "texture": "#0"},
				"west": {"uv": [14.75, 9, 15, 9.75], "rotation": 270, "texture": "#0"},
				"up": {"uv": [14.75, 9, 15, 9.75], "texture": "#0"},
				"down": {"uv": [14.75, 9.75, 15, 9], "texture": "#0"}
			}
		},
		{
			"name": "Untitled_60",
			"from": [15, 0, 9.25],
			"to": [15.25, 0.25, 9.75],
			"rotation": {"angle": -22.5, "axis": "z", "origin": [8.25, 0.125, 10.4375]},
			"faces": {
				"north": {"uv": [15.25, 9.25, 15, 9.5], "texture": "#0"},
				"east": {"uv": [15, 9.25, 15.25, 9.75], "rotation": 90, "texture": "#0"},
				"south": {"uv": [15, 9.5, 15.25, 9.75], "texture": "#0"},
				"west": {"uv": [15, 9.25, 15.25, 9.75], "rotation": 270, "texture": "#0"},
				"up": {"uv": [15, 9.25, 15.25, 9.75], "texture": "#0"},
				"down": {"uv": [15, 9.75, 15.25, 9.25], "texture": "#0"}
			}
		},
		{
			"name": "Untitled_61",
			"from": [13.5, 0, 9.5],
			"to": [13.75, 0.25, 10],
			"rotation": {"angle": -22.5, "axis": "z", "origin": [8.25, 0.125, 10.4375]},
			"faces": {
				"north": {"uv": [13.75, 9.5, 13.5, 9.75], "texture": "#0"},
				"east": {"uv": [13.5, 9.5, 13.75, 10], "rotation": 90, "texture": "#0"},
				"south": {"uv": [13.5, 9.75, 13.75, 10], "texture": "#0"},
				"west": {"uv": [13.5, 9.5, 13.75, 10], "rotation": 270, "texture": "#0"},
				"up": {"uv": [13.5, 9.5, 13.75, 10], "texture": "#0"},
				"down": {"uv": [13.5, 10, 13.75, 9.5], "texture": "#0"}
			}
		},
		{
			"name": "Untitled_62",
			"from": [14.25, 0, 9.5],
			"to": [14.5, 0.25, 10],
			"rotation": {"angle": -22.5, "axis": "z", "origin": [8.25, 0.125, 10.4375]},
			"faces": {
				"north": {"uv": [14.5, 9.5, 14.25, 9.75], "texture": "#0"},
				"east": {"uv": [14.25, 9.5, 14.5, 10], "rotation": 90, "texture": "#0"},
				"south": {"uv": [14.25, 9.75, 14.5, 10], "texture": "#0"},
				"west": {"uv": [14.25, 9.5, 14.5, 10], "rotation": 270, "texture": "#0"},
				"up": {"uv": [14.25, 9.5, 14.5, 10], "texture": "#0"},
				"down": {"uv": [14.25, 10, 14.5, 9.5], "texture": "#0"}
			}
		},
		{
			"name": "Untitled_64",
			"from": [13.75, 0, 9.75],
			"to": [14.25, 0.25, 10],
			"rotation": {"angle": -22.5, "axis": "z", "origin": [8.25, 0.125, 10.4375]},
			"faces": {
				"north": {"uv": [14.25, 9.75, 13.75, 10], "texture": "#0"},
				"east": {"uv": [14, 9.75, 14.25, 10], "rotation": 90, "texture": "#0"},
				"south": {"uv": [13.75, 9.75, 14.25, 10], "texture": "#0"},
				"west": {"uv": [13.75, 9.75, 14, 10], "rotation": 270, "texture": "#0"},
				"up": {"uv": [13.75, 9.75, 14.25, 10], "texture": "#0"},
				"down": {"uv": [13.75, 10, 14.25, 9.75], "texture": "#0"}
			}
		},
		{
			"name": "Untitled_66",
			"from": [11.75, 0, 10.5],
			"to": [12, 0.25, 11],
			"rotation": {"angle": -22.5, "axis": "z", "origin": [8.25, 0.125, 10.4375]},
			"faces": {
				"north": {"uv": [12, 10.5, 11.75, 10.75], "texture": "#0"},
				"east": {"uv": [11.75, 10.5, 12, 11], "rotation": 90, "texture": "#0"},
				"south": {"uv": [11.75, 10.75, 12, 11], "texture": "#0"},
				"west": {"uv": [11.75, 10.5, 12, 11], "rotation": 270, "texture": "#0"},
				"up": {"uv": [11.75, 10.5, 12, 11], "texture": "#0"},
				"down": {"uv": [11.75, 11, 12, 10.5], "texture": "#0"}
			}
		},
		{
			"name": "Untitled_68",
			"from": [12, 0, 10.75],
			"to": [12.25, 0.25, 11.25],
			"rotation": {"angle": -22.5, "axis": "z", "origin": [8.25, 0.125, 10.4375]},
			"faces": {
				"north": {"uv": [12.25, 10.75, 12, 11], "texture": "#0"},
				"east": {"uv": [12, 10.75, 12.25, 11.25], "rotation": 90, "texture": "#0"},
				"south": {"uv": [12, 11, 12.25, 11.25], "texture": "#0"},
				"west": {"uv": [12, 10.75, 12.25, 11.25], "rotation": 270, "texture": "#0"},
				"up": {"uv": [12, 10.75, 12.25, 11.25], "texture": "#0"},
				"down": {"uv": [12, 11.25, 12.25, 10.75], "texture": "#0"}
			}
		},
		{
			"name": "Untitled_70",
			"from": [11.5, 0, 11],
			"to": [11.75, 0.25, 15.25],
			"rotation": {"angle": -22.5, "axis": "z", "origin": [8.25, 0.125, 10.4375]},
			"faces": {
				"north": {"uv": [11.75, 11, 11.5, 11.25], "texture": "#0"},
				"east": {"uv": [11.5, 11, 11.75, 15.25], "rotation": 90, "texture": "#0"},
				"south": {"uv": [11.5, 15, 11.75, 15.25], "texture": "#0"},
				"west": {"uv": [11.5, 11, 11.75, 15.25], "rotation": 270, "texture": "#0"},
				"up": {"uv": [11.5, 11, 11.75, 15.25], "texture": "#0"},
				"down": {"uv": [11.5, 15.25, 11.75, 11], "texture": "#0"}
			}
		},
		{
			"name": "Untitled_71",
			"from": [12.25, 0, 11],
			"to": [12.5, 0.25, 11.5],
			"rotation": {"angle": -22.5, "axis": "z", "origin": [8.25, 0.125, 10.4375]},
			"faces": {
				"north": {"uv": [12.5, 11, 12.25, 11.25], "texture": "#0"},
				"east": {"uv": [12.25, 11, 12.5, 11.5], "rotation": 90, "texture": "#0"},
				"south": {"uv": [12.25, 11.25, 12.5, 11.5], "texture": "#0"},
				"west": {"uv": [12.25, 11, 12.5, 11.5], "rotation": 270, "texture": "#0"},
				"up": {"uv": [12.25, 11, 12.5, 11.5], "texture": "#0"},
				"down": {"uv": [12.25, 11.5, 12.5, 11], "texture": "#0"}
			}
		},
		{
			"name": "Untitled_74",
			"from": [11.75, 0, 11.25],
			"to": [12, 0.25, 15.25],
			"rotation": {"angle": -22.5, "axis": "z", "origin": [8.25, 0.125, 10.4375]},
			"faces": {
				"north": {"uv": [12, 11.25, 11.75, 11.5], "texture": "#0"},
				"east": {"uv": [11.75, 11.25, 12, 15.25], "rotation": 90, "texture": "#0"},
				"south": {"uv": [11.75, 15, 12, 15.25], "texture": "#0"},
				"west": {"uv": [11.75, 11.25, 12, 15.25], "rotation": 270, "texture": "#0"},
				"up": {"uv": [11.75, 11.25, 12, 15.25], "texture": "#0"},
				"down": {"uv": [11.75, 15.25, 12, 11.25], "texture": "#0"}
			}
		},
		{
			"name": "Untitled_75",
			"from": [12.5, 0, 11.25],
			"to": [12.75, 0.25, 11.75],
			"rotation": {"angle": -22.5, "axis": "z", "origin": [8.25, 0.125, 10.4375]},
			"faces": {
				"north": {"uv": [12.75, 11.25, 12.5, 11.5], "texture": "#0"},
				"east": {"uv": [12.5, 11.25, 12.75, 11.75], "rotation": 90, "texture": "#0"},
				"south": {"uv": [12.5, 11.5, 12.75, 11.75], "texture": "#0"},
				"west": {"uv": [12.5, 11.25, 12.75, 11.75], "rotation": 270, "texture": "#0"},
				"up": {"uv": [12.5, 11.25, 12.75, 11.75], "texture": "#0"},
				"down": {"uv": [12.5, 11.75, 12.75, 11.25], "texture": "#0"}
			}
		},
		{
			"name": "Untitled_77",
			"from": [12, 0, 11.5],
			"to": [12.25, 0.25, 15],
			"rotation": {"angle": -22.5, "axis": "z", "origin": [8.25, 0.125, 10.4375]},
			"faces": {
				"north": {"uv": [12.25, 11.5, 12, 11.75], "texture": "#0"},
				"east": {"uv": [12, 11.5, 12.25, 15], "rotation": 90, "texture": "#0"},
				"south": {"uv": [12, 14.75, 12.25, 15], "texture": "#0"},
				"west": {"uv": [12, 11.5, 12.25, 15], "rotation": 270, "texture": "#0"},
				"up": {"uv": [12, 11.5, 12.25, 15], "texture": "#0"},
				"down": {"uv": [12, 15, 12.25, 11.5], "texture": "#0"}
			}
		},
		{
			"name": "Untitled_78",
			"from": [12.75, 0, 11.5],
			"to": [13, 0.25, 14.75],
			"rotation": {"angle": -22.5, "axis": "z", "origin": [8.25, 0.125, 10.4375]},
			"faces": {
				"north": {"uv": [13, 11.5, 12.75, 11.75], "texture": "#0"},
				"east": {"uv": [12.75, 11.5, 13, 14.75], "rotation": 90, "texture": "#0"},
				"south": {"uv": [12.75, 14.5, 13, 14.75], "texture": "#0"},
				"west": {"uv": [12.75, 11.5, 13, 14.75], "rotation": 270, "texture": "#0"},
				"up": {"uv": [12.75, 11.5, 13, 14.75], "texture": "#0"},
				"down": {"uv": [12.75, 14.75, 13, 11.5], "texture": "#0"}
			}
		},
		{
			"name": "Untitled_80",
			"from": [12.25, 0, 11.75],
			"to": [12.5, 0.25, 15],
			"rotation": {"angle": -22.5, "axis": "z", "origin": [8.25, 0.125, 10.4375]},
			"faces": {
				"north": {"uv": [12.5, 11.75, 12.25, 12], "texture": "#0"},
				"east": {"uv": [12.25, 11.75, 12.5, 15], "rotation": 90, "texture": "#0"},
				"south": {"uv": [12.25, 14.75, 12.5, 15], "texture": "#0"},
				"west": {"uv": [12.25, 11.75, 12.5, 15], "rotation": 270, "texture": "#0"},
				"up": {"uv": [12.25, 11.75, 12.5, 15], "texture": "#0"},
				"down": {"uv": [12.25, 15, 12.5, 11.75], "texture": "#0"}
			}
		},
		{
			"name": "Untitled_81",
			"from": [13, 0, 11.75],
			"to": [13.25, 0.25, 12.25],
			"rotation": {"angle": -22.5, "axis": "z", "origin": [8.25, 0.125, 10.4375]},
			"faces": {
				"north": {"uv": [13.25, 11.75, 13, 12], "texture": "#0"},
				"east": {"uv": [13, 11.75, 13.25, 12.25], "rotation": 90, "texture": "#0"},
				"south": {"uv": [13, 12, 13.25, 12.25], "texture": "#0"},
				"west": {"uv": [13, 11.75, 13.25, 12.25], "rotation": 270, "texture": "#0"},
				"up": {"uv": [13, 11.75, 13.25, 12.25], "texture": "#0"},
				"down": {"uv": [13, 12.25, 13.25, 11.75], "texture": "#0"}
			}
		},
		{
			"name": "Untitled_82",
			"from": [12.5, 0, 12],
			"to": [12.75, 0.25, 15],
			"rotation": {"angle": -22.5, "axis": "z", "origin": [8.25, 0.125, 10.4375]},
			"faces": {
				"north": {"uv": [12.75, 12, 12.5, 12.25], "texture": "#0"},
				"east": {"uv": [12.5, 12, 12.75, 15], "rotation": 90, "texture": "#0"},
				"south": {"uv": [12.5, 14.75, 12.75, 15], "texture": "#0"},
				"west": {"uv": [12.5, 12, 12.75, 15], "rotation": 270, "texture": "#0"},
				"up": {"uv": [12.5, 12, 12.75, 15], "texture": "#0"},
				"down": {"uv": [12.5, 15, 12.75, 12], "texture": "#0"}
			}
		},
		{
			"name": "Untitled_83",
			"from": [13.25, 0, 12],
			"to": [13.5, 0.25, 12.75],
			"rotation": {"angle": -22.5, "axis": "z", "origin": [8.25, 0.125, 10.4375]},
			"faces": {
				"north": {"uv": [13.5, 12, 13.25, 12.25], "texture": "#0"},
				"east": {"uv": [13.25, 12, 13.5, 12.75], "rotation": 90, "texture": "#0"},
				"south": {"uv": [13.25, 12.5, 13.5, 12.75], "texture": "#0"},
				"west": {"uv": [13.25, 12, 13.5, 12.75], "rotation": 270, "texture": "#0"},
				"up": {"uv": [13.25, 12, 13.5, 12.75], "texture": "#0"},
				"down": {"uv": [13.25, 12.75, 13.5, 12], "texture": "#0"}
			}
		},
		{
			"name": "Untitled_87",
			"from": [13.5, 0, 12.5],
			"to": [13.75, 0.25, 13.75],
			"rotation": {"angle": -22.5, "axis": "z", "origin": [8.25, 0.125, 10.4375]},
			"faces": {
				"north": {"uv": [13.75, 12.5, 13.5, 12.75], "texture": "#0"},
				"east": {"uv": [13.5, 12.5, 13.75, 13.75], "rotation": 90, "texture": "#0"},
				"south": {"uv": [13.5, 13.5, 13.75, 13.75], "texture": "#0"},
				"west": {"uv": [13.5, 12.5, 13.75, 13.75], "rotation": 270, "texture": "#0"},
				"up": {"uv": [13.5, 12.5, 13.75, 13.75], "texture": "#0"},
				"down": {"uv": [13.5, 13.75, 13.75, 12.5], "texture": "#0"}
			}
		},
		{
			"name": "Untitled_88",
			"from": [13, 0, 12.75],
			"to": [13.25, 0.25, 14.5],
			"rotation": {"angle": -22.5, "axis": "z", "origin": [8.25, 0.125, 10.4375]},
			"faces": {
				"north": {"uv": [13.25, 12.75, 13, 13], "texture": "#0"},
				"east": {"uv": [13, 12.75, 13.25, 14.5], "rotation": 90, "texture": "#0"},
				"south": {"uv": [13, 14.25, 13.25, 14.5], "texture": "#0"},
				"west": {"uv": [13, 12.75, 13.25, 14.5], "rotation": 270, "texture": "#0"},
				"up": {"uv": [13, 12.75, 13.25, 14.5], "texture": "#0"},
				"down": {"uv": [13, 14.5, 13.25, 12.75], "texture": "#0"}
			}
		},
		{
			"name": "Untitled_93",
			"from": [13.25, 0, 13.25],
			"to": [13.5, 0.25, 14.25],
			"rotation": {"angle": -22.5, "axis": "z", "origin": [8.25, 0.125, 10.4375]},
			"faces": {
				"north": {"uv": [13.5, 13.25, 13.25, 13.5], "texture": "#0"},
				"east": {"uv": [13.25, 13.25, 13.5, 14.25], "rotation": 90, "texture": "#0"},
				"south": {"uv": [13.25, 14, 13.5, 14.25], "texture": "#0"},
				"west": {"uv": [13.25, 13.25, 13.5, 14.25], "rotation": 270, "texture": "#0"},
				"up": {"uv": [13.25, 13.25, 13.5, 14.25], "texture": "#0"},
				"down": {"uv": [13.25, 14.25, 13.5, 13.25], "texture": "#0"}
			}
		},
		{
			"name": "Untitled_97",
			"from": [9, 0, 13.75],
			"to": [9.25, 0.25, 14.25],
			"rotation": {"angle": -22.5, "axis": "z", "origin": [8.25, 0.125, 10.4375]},
			"faces": {
				"north": {"uv": [9.25, 13.75, 9, 14], "texture": "#0"},
				"east": {"uv": [9, 13.75, 9.25, 14.25], "rotation": 90, "texture": "#0"},
				"south": {"uv": [9, 14, 9.25, 14.25], "texture": "#0"},
				"west": {"uv": [9, 13.75, 9.25, 14.25], "rotation": 270, "texture": "#0"},
				"up": {"uv": [9, 13.75, 9.25, 14.25], "texture": "#0"},
				"down": {"uv": [9, 14.25, 9.25, 13.75], "texture": "#0"}
			}
		},
		{
			"name": "Untitled_98",
			"from": [9.75, 0, 14.5],
			"to": [10, 0.25, 14.75],
			"rotation": {"angle": -22.5, "axis": "z", "origin": [8.25, 0.125, 10.4375]},
			"faces": {
				"north": {"uv": [10, 14.5, 9.75, 14.75], "texture": "#0"},
				"east": {"uv": [9.75, 14.5, 10, 14.75], "rotation": 90, "texture": "#0"},
				"south": {"uv": [9.75, 14.5, 10, 14.75], "texture": "#0"},
				"west": {"uv": [9.75, 14.5, 10, 14.75], "rotation": 270, "texture": "#0"},
				"up": {"uv": [9.75, 14.5, 10, 14.75], "texture": "#0"},
				"down": {"uv": [9.75, 14.75, 10, 14.5], "texture": "#0"}
			}
		},
		{
			"name": "Untitled_92",
			"from": [8.5, 0, 13.25],
			"to": [8.75, 0.25, 13.75],
			"rotation": {"angle": -22.5, "axis": "z", "origin": [8.25, 0.125, 10.4375]},
			"faces": {
				"north": {"uv": [8.75, 13.25, 8.5, 13.5], "texture": "#0"},
				"east": {"uv": [8.5, 13.25, 8.75, 13.75], "rotation": 90, "texture": "#0"},
				"south": {"uv": [8.5, 13.5, 8.75, 13.75], "texture": "#0"},
				"west": {"uv": [8.5, 13.25, 8.75, 13.75], "rotation": 270, "texture": "#0"},
				"up": {"uv": [8.5, 13.25, 8.75, 13.75], "texture": "#0"},
				"down": {"uv": [8.5, 13.75, 8.75, 13.25], "texture": "#0"}
			}
		},
		{
			"name": "Untitled_95",
			"from": [8.75, 0, 13.5],
			"to": [9, 0.25, 14],
			"rotation": {"angle": -22.5, "axis": "z", "origin": [8.25, 0.125, 10.4375]},
			"faces": {
				"north": {"uv": [9, 13.5, 8.75, 13.75], "texture": "#0"},
				"east": {"uv": [8.75, 13.5, 9, 14], "rotation": 90, "texture": "#0"},
				"south": {"uv": [8.75, 13.75, 9, 14], "texture": "#0"},
				"west": {"uv": [8.75, 13.5, 9, 14], "rotation": 270, "texture": "#0"},
				"up": {"uv": [8.75, 13.5, 9, 14], "texture": "#0"},
				"down": {"uv": [8.75, 14, 9, 13.5], "texture": "#0"}
			}
		},
		{
			"name": "Untitled_7",
			"from": [13, 0, 3.25],
			"to": [13.5, 0.25, 3.5],
			"rotation": {"angle": -22.5, "axis": "z", "origin": [8.25, 0.125, 10.4375]},
			"faces": {
				"north": {"uv": [13.5, 3.25, 13, 3.5], "texture": "#0"},
				"east": {"uv": [13.25, 3.25, 13.5, 3.5], "rotation": 90, "texture": "#0"},
				"south": {"uv": [13, 3.25, 13.5, 3.5], "texture": "#0"},
				"west": {"uv": [13, 3.25, 13.25, 3.5], "rotation": 270, "texture": "#0"},
				"up": {"uv": [13, 3.25, 13.5, 3.5], "texture": "#0"},
				"down": {"uv": [13, 3.5, 13.5, 3.25], "texture": "#0"}
			}
		},
		{
			"name": "Untitled_91",
			"from": [8.75, 0, 13],
			"to": [9, 0.25, 13.25],
			"rotation": {"angle": -22.5, "axis": "z", "origin": [8.25, 0.125, 10.4375]},
			"faces": {
				"north": {"uv": [9, 13, 8.75, 13.25], "texture": "#0"},
				"east": {"uv": [8.75, 13, 9, 13.25], "rotation": 90, "texture": "#0"},
				"south": {"uv": [8.75, 13, 9, 13.25], "texture": "#0"},
				"west": {"uv": [8.75, 13, 9, 13.25], "rotation": 270, "texture": "#0"},
				"up": {"uv": [8.75, 13, 9, 13.25], "texture": "#0"},
				"down": {"uv": [8.75, 13.25, 9, 13], "texture": "#0"}
			}
		},
		{
			"name": "Untitled_0",
			"from": [0.5, 0, 2.5],
			"to": [1.75, 0.25, 4.75],
			"rotation": {"angle": 22.5, "axis": "z", "origin": [7.75, 0.125, 10.6875]},
			"faces": {
				"north": {"uv": [1.75, 2.5, 0.5, 2.75], "texture": "#0"},
				"east": {"uv": [1.5, 2.5, 1.75, 4.75], "rotation": 90, "texture": "#0"},
				"south": {"uv": [0.5, 4.5, 1.75, 4.75], "texture": "#0"},
				"west": {"uv": [0.5, 2.5, 0.75, 4.75], "rotation": 270, "texture": "#0"},
				"up": {"uv": [0.5, 2.5, 1.75, 4.75], "texture": "#0"},
				"down": {"uv": [0.5, 4.75, 1.75, 2.5], "texture": "#0"}
			}
		},
		{
			"name": "Untitled_1",
			"from": [0.25, 0, 2.75],
			"to": [0.5, 0.25, 4.25],
			"rotation": {"angle": 22.5, "axis": "z", "origin": [7.75, 0.125, 10.6875]},
			"faces": {
				"north": {"uv": [0.5, 2.75, 0.25, 3], "texture": "#0"},
				"east": {"uv": [0.25, 2.75, 0.5, 4.25], "rotation": 90, "texture": "#0"},
				"south": {"uv": [0.25, 4, 0.5, 4.25], "texture": "#0"},
				"west": {"uv": [0.25, 2.75, 0.5, 4.25], "rotation": 270, "texture": "#0"},
				"up": {"uv": [0.25, 2.75, 0.5, 4.25], "texture": "#0"},
				"down": {"uv": [0.25, 4.25, 0.5, 2.75], "texture": "#0"}
			}
		},
		{
			"name": "Untitled_2",
			"from": [1.75, 0, 2.75],
			"to": [2, 0.25, 9.75],
			"rotation": {"angle": 22.5, "axis": "z", "origin": [7.75, 0.125, 10.6875]},
			"faces": {
				"north": {"uv": [2, 2.75, 1.75, 3], "texture": "#0"},
				"east": {"uv": [1.75, 2.75, 2, 9.75], "rotation": 90, "texture": "#0"},
				"south": {"uv": [1.75, 9.5, 2, 9.75], "texture": "#0"},
				"west": {"uv": [1.75, 2.75, 2, 9.75], "rotation": 270, "texture": "#0"},
				"up": {"uv": [1.75, 2.75, 2, 9.75], "texture": "#0"},
				"down": {"uv": [1.75, 9.75, 2, 2.75], "texture": "#0"}
			}
		},
		{
			"name": "Untitled_4",
			"from": [2, 0, 3],
			"to": [2.5, 0.25, 9.75],
			"rotation": {"angle": 22.5, "axis": "z", "origin": [7.75, 0.125, 10.6875]},
			"faces": {
				"north": {"uv": [2.5, 3, 2, 3.25], "texture": "#0"},
				"east": {"uv": [2.25, 3, 2.5, 9.75], "rotation": 90, "texture": "#0"},
				"south": {"uv": [2, 9.5, 2.5, 9.75], "texture": "#0"},
				"west": {"uv": [2, 3, 2.25, 9.75], "rotation": 270, "texture": "#0"},
				"up": {"uv": [2, 3, 2.5, 9.75], "texture": "#0"},
				"down": {"uv": [2, 9.75, 2.5, 3], "texture": "#0"}
			}
		},
		{
			"name": "Untitled_6",
			"from": [2.5, 0, 3.25],
			"to": [3, 0.25, 9.75],
			"rotation": {"angle": 22.5, "axis": "z", "origin": [7.75, 0.125, 10.6875]},
			"faces": {
				"north": {"uv": [3, 3.25, 2.5, 3.5], "texture": "#0"},
				"east": {"uv": [2.75, 3.25, 3, 9.75], "rotation": 90, "texture": "#0"},
				"south": {"uv": [2.5, 9.5, 3, 9.75], "texture": "#0"},
				"west": {"uv": [2.5, 3.25, 2.75, 9.75], "rotation": 270, "texture": "#0"},
				"up": {"uv": [2.5, 3.25, 3, 9.75], "texture": "#0"},
				"down": {"uv": [2.5, 9.75, 3, 3.25], "texture": "#0"}
			}
		},
		{
			"name": "Untitled_9",
			"from": [3, 0, 3.5],
			"to": [3.25, 0.25, 9.75],
			"rotation": {"angle": 22.5, "axis": "z", "origin": [7.75, 0.125, 10.6875]},
			"faces": {
				"north": {"uv": [3.25, 3.5, 3, 3.75], "texture": "#0"},
				"east": {"uv": [3, 3.5, 3.25, 9.75], "rotation": 90, "texture": "#0"},
				"south": {"uv": [3, 9.5, 3.25, 9.75], "texture": "#0"},
				"west": {"uv": [3, 3.5, 3.25, 9.75], "rotation": 270, "texture": "#0"},
				"up": {"uv": [3, 3.5, 3.25, 9.75], "texture": "#0"},
				"down": {"uv": [3, 9.75, 3.25, 3.5], "texture": "#0"}
			}
		},
		{
			"name": "Untitled_11",
			"from": [3.25, 0, 3.75],
			"to": [4, 0.25, 9.75],
			"rotation": {"angle": 22.5, "axis": "z", "origin": [7.75, 0.125, 10.6875]},
			"faces": {
				"north": {"uv": [4, 3.75, 3.25, 4], "texture": "#0"},
				"east": {"uv": [3.75, 3.75, 4, 9.75], "rotation": 90, "texture": "#0"},
				"south": {"uv": [3.25, 9.5, 4, 9.75], "texture": "#0"},
				"west": {"uv": [3.25, 3.75, 3.5, 9.75], "rotation": 270, "texture": "#0"},
				"up": {"uv": [3.25, 3.75, 4, 9.75], "texture": "#0"},
				"down": {"uv": [3.25, 9.75, 4, 3.75], "texture": "#0"}
			}
		},
		{
			"name": "Untitled_14",
			"from": [4, 0, 4],
			"to": [4.5, 0.25, 10.5],
			"rotation": {"angle": 22.5, "axis": "z", "origin": [7.75, 0.125, 10.6875]},
			"faces": {
				"north": {"uv": [4.5, 4, 4, 4.25], "texture": "#0"},
				"east": {"uv": [4.25, 4, 4.5, 10.5], "rotation": 90, "texture": "#0"},
				"south": {"uv": [4, 10.25, 4.5, 10.5], "texture": "#0"},
				"west": {"uv": [4, 4, 4.25, 10.5], "rotation": 270, "texture": "#0"},
				"up": {"uv": [4, 4, 4.5, 10.5], "texture": "#0"},
				"down": {"uv": [4, 10.5, 4.5, 4], "texture": "#0"}
			}
		},
		{
			"name": "Untitled_16",
			"from": [4.5, 0, 4.25],
			"to": [4.75, 0.25, 15.25],
			"rotation": {"angle": 22.5, "axis": "z", "origin": [7.75, 0.125, 10.6875]},
			"faces": {
				"north": {"uv": [4.75, 4.25, 4.5, 4.5], "texture": "#0"},
				"east": {"uv": [4.5, 4.25, 4.75, 15.25], "rotation": 90, "texture": "#0"},
				"south": {"uv": [4.5, 15, 4.75, 15.25], "texture": "#0"},
				"west": {"uv": [4.5, 4.25, 4.75, 15.25], "rotation": 270, "texture": "#0"},
				"up": {"uv": [4.5, 4.25, 4.75, 15.25], "texture": "#0"},
				"down": {"uv": [4.5, 15.25, 4.75, 4.25], "texture": "#0"}
			}
		},
		{
			"name": "Untitled_19",
			"from": [0.75, 0, 4.75],
			"to": [1.75, 0.25, 5.25],
			"rotation": {"angle": 22.5, "axis": "z", "origin": [7.75, 0.125, 10.6875]},
			"faces": {
				"north": {"uv": [1.75, 4.75, 0.75, 5], "texture": "#0"},
				"east": {"uv": [1.5, 4.75, 1.75, 5.25], "rotation": 90, "texture": "#0"},
				"south": {"uv": [0.75, 5, 1.75, 5.25], "texture": "#0"},
				"west": {"uv": [0.75, 4.75, 1, 5.25], "rotation": 270, "texture": "#0"},
				"up": {"uv": [0.75, 4.75, 1.75, 5.25], "texture": "#0"},
				"down": {"uv": [0.75, 5.25, 1.75, 4.75], "texture": "#0"}
			}
		},
		{
			"name": "Untitled_20",
			"from": [4.75, 0, 4.75],
			"to": [5, 0.25, 15.25],
			"rotation": {"angle": 22.5, "axis": "z", "origin": [7.75, 0.125, 10.6875]},
			"faces": {
				"north": {"uv": [5, 4.75, 4.75, 5], "texture": "#0"},
				"east": {"uv": [4.75, 4.75, 5, 15.25], "rotation": 90, "texture": "#0"},
				"south": {"uv": [4.75, 15, 5, 15.25], "texture": "#0"},
				"west": {"uv": [4.75, 4.75, 5, 15.25], "rotation": 270, "texture": "#0"},
				"up": {"uv": [4.75, 4.75, 5, 15.25], "texture": "#0"},
				"down": {"uv": [4.75, 15.25, 5, 4.75], "texture": "#0"}
			}
		},
		{
			"name": "Untitled_22",
			"from": [5, 0, 5],
			"to": [5.25, 0.25, 15.25],
			"rotation": {"angle": 22.5, "axis": "z", "origin": [7.75, 0.125, 10.6875]},
			"faces": {
				"north": {"uv": [5.25, 5, 5, 5.25], "texture": "#0"},
				"east": {"uv": [5, 5, 5.25, 15.25], "rotation": 90, "texture": "#0"},
				"south": {"uv": [5, 15, 5.25, 15.25], "texture": "#0"},
				"west": {"uv": [5, 5, 5.25, 15.25], "rotation": 270, "texture": "#0"},
				"up": {"uv": [5, 5, 5.25, 15.25], "texture": "#0"},
				"down": {"uv": [5, 15.25, 5.25, 5], "texture": "#0"}
			}
		},
		{
			"name": "Untitled_24",
			"from": [1, 0, 5.25],
			"to": [1.75, 0.25, 6.25],
			"rotation": {"angle": 22.5, "axis": "z", "origin": [7.75, 0.125, 10.6875]},
			"faces": {
				"north": {"uv": [1.75, 5.25, 1, 5.5], "texture": "#0"},
				"east": {"uv": [1.5, 5.25, 1.75, 6.25], "rotation": 90, "texture": "#0"},
				"south": {"uv": [1, 6, 1.75, 6.25], "texture": "#0"},
				"west": {"uv": [1, 5.25, 1.25, 6.25], "rotation": 270, "texture": "#0"},
				"up": {"uv": [1, 5.25, 1.75, 6.25], "texture": "#0"},
				"down": {"uv": [1, 6.25, 1.75, 5.25], "texture": "#0"}
			}
		},
		{
			"name": "Untitled_26",
			"from": [5.25, 0, 5.5],
			"to": [5.5, 0.25, 15.25],
			"rotation": {"angle": 22.5, "axis": "z", "origin": [7.75, 0.125, 10.6875]},
			"faces": {
				"north": {"uv": [5.5, 5.5, 5.25, 5.75], "texture": "#0"},
				"east": {"uv": [5.25, 5.5, 5.5, 15.25], "rotation": 90, "texture": "#0"},
				"south": {"uv": [5.25, 15, 5.5, 15.25], "texture": "#0"},
				"west": {"uv": [5.25, 5.5, 5.5, 15.25], "rotation": 270, "texture": "#0"},
				"up": {"uv": [5.25, 5.5, 5.5, 15.25], "texture": "#0"},
				"down": {"uv": [5.25, 15.25, 5.5, 5.5], "texture": "#0"}
			}
		},
		{
			"name": "Untitled_27",
			"from": [5.5, 0, 5.75],
			"to": [5.75, 0.25, 14.5],
			"rotation": {"angle": 22.5, "axis": "z", "origin": [7.75, 0.125, 10.6875]},
			"faces": {
				"north": {"uv": [5.75, 5.75, 5.5, 6], "texture": "#0"},
				"east": {"uv": [5.5, 5.75, 5.75, 14.5], "rotation": 90, "texture": "#0"},
				"south": {"uv": [5.5, 14.25, 5.75, 14.5], "texture": "#0"},
				"west": {"uv": [5.5, 5.75, 5.75, 14.5], "rotation": 270, "texture": "#0"},
				"up": {"uv": [5.5, 5.75, 5.75, 14.5], "texture": "#0"},
				"down": {"uv": [5.5, 14.5, 5.75, 5.75], "texture": "#0"}
			}
		},
		{
			"name": "Untitled_31",
			"from": [5.75, 0, 6],
			"to": [6, 0.25, 15],
			"rotation": {"angle": 22.5, "axis": "z", "origin": [7.75, 0.125, 10.6875]},
			"faces": {
				"north": {"uv": [6, 6, 5.75, 6.25], "texture": "#0"},
				"east": {"uv": [5.75, 6, 6, 15], "rotation": 90, "texture": "#0"},
				"south": {"uv": [5.75, 14.75, 6, 15], "texture": "#0"},
				"west": {"uv": [5.75, 6, 6, 15], "rotation": 270, "texture": "#0"},
				"up": {"uv": [5.75, 6, 6, 15], "texture": "#0"},
				"down": {"uv": [5.75, 15, 6, 6], "texture": "#0"}
			}
		},
		{
			"name": "Untitled_33",
			"from": [1.25, 0, 6.25],
			"to": [1.75, 0.25, 7.25],
			"rotation": {"angle": 22.5, "axis": "z", "origin": [7.75, 0.125, 10.6875]},
			"faces": {
				"north": {"uv": [1.75, 6.25, 1.25, 6.5], "texture": "#0"},
				"east": {"uv": [1.5, 6.25, 1.75, 7.25], "rotation": 90, "texture": "#0"},
				"south": {"uv": [1.25, 7, 1.75, 7.25], "texture": "#0"},
				"west": {"uv": [1.25, 6.25, 1.5, 7.25], "rotation": 270, "texture": "#0"},
				"up": {"uv": [1.25, 6.25, 1.75, 7.25], "texture": "#0"},
				"down": {"uv": [1.25, 7.25, 1.75, 6.25], "texture": "#0"}
			}
		},
		{
			"name": "Untitled_34",
			"from": [6, 0, 6.5],
			"to": [6.25, 0.25, 14.75],
			"rotation": {"angle": 22.5, "axis": "z", "origin": [7.75, 0.125, 10.6875]},
			"faces": {
				"north": {"uv": [6.25, 6.5, 6, 6.75], "texture": "#0"},
				"east": {"uv": [6, 6.5, 6.25, 14.75], "rotation": 90, "texture": "#0"},
				"south": {"uv": [6, 14.5, 6.25, 14.75], "texture": "#0"},
				"west": {"uv": [6, 6.5, 6.25, 14.75], "rotation": 270, "texture": "#0"},
				"up": {"uv": [6, 6.5, 6.25, 14.75], "texture": "#0"},
				"down": {"uv": [6, 14.75, 6.25, 6.5], "texture": "#0"}
			}
		},
		{
			"name": "Untitled_37",
			"from": [6.25, 0, 7],
			"to": [6.5, 0.25, 7.5],
			"rotation": {"angle": 22.5, "axis": "z", "origin": [7.75, 0.125, 10.6875]},
			"faces": {
				"north": {"uv": [6.5, 7, 6.25, 7.25], "texture": "#0"},
				"east": {"uv": [6.25, 7, 6.5, 7.5], "rotation": 90, "texture": "#0"},
				"south": {"uv": [6.25, 7.25, 6.5, 7.5], "texture": "#0"},
				"west": {"uv": [6.25, 7, 6.5, 7.5], "rotation": 270, "texture": "#0"},
				"up": {"uv": [6.25, 7, 6.5, 7.5], "texture": "#0"},
				"down": {"uv": [6.25, 7.5, 6.5, 7], "texture": "#0"}
			}
		},
		{
			"name": "Untitled_39",
			"from": [1.5, 0, 7.25],
			"to": [1.75, 0.25, 8],
			"rotation": {"angle": 22.5, "axis": "z", "origin": [7.75, 0.125, 10.6875]},
			"faces": {
				"north": {"uv": [1.75, 7.25, 1.5, 7.5], "texture": "#0"},
				"east": {"uv": [1.5, 7.25, 1.75, 8], "rotation": 90, "texture": "#0"},
				"south": {"uv": [1.5, 7.75, 1.75, 8], "texture": "#0"},
				"west": {"uv": [1.5, 7.25, 1.75, 8], "rotation": 270, "texture": "#0"},
				"up": {"uv": [1.5, 7.25, 1.75, 8], "texture": "#0"},
				"down": {"uv": [1.5, 8, 1.75, 7.25], "texture": "#0"}
			}
		},
		{
			"name": "Untitled_40",
			"from": [6.5, 0, 7.25],
			"to": [6.75, 0.25, 8],
			"rotation": {"angle": 22.5, "axis": "z", "origin": [7.75, 0.125, 10.6875]},
			"faces": {
				"north": {"uv": [6.75, 7.25, 6.5, 7.5], "texture": "#0"},
				"east": {"uv": [6.5, 7.25, 6.75, 8], "rotation": 90, "texture": "#0"},
				"south": {"uv": [6.5, 7.75, 6.75, 8], "texture": "#0"},
				"west": {"uv": [6.5, 7.25, 6.75, 8], "rotation": 270, "texture": "#0"},
				"up": {"uv": [6.5, 7.25, 6.75, 8], "texture": "#0"},
				"down": {"uv": [6.5, 8, 6.75, 7.25], "texture": "#0"}
			}
		},
		{
			"name": "Untitled_42",
			"from": [6.25, 0, 7.75],
			"to": [6.5, 0.25, 14.5],
			"rotation": {"angle": 22.5, "axis": "z", "origin": [7.75, 0.125, 10.6875]},
			"faces": {
				"north": {"uv": [6.5, 7.75, 6.25, 8], "texture": "#0"},
				"east": {"uv": [6.25, 7.75, 6.5, 14.5], "rotation": 90, "texture": "#0"},
				"south": {"uv": [6.25, 14.25, 6.5, 14.5], "texture": "#0"},
				"west": {"uv": [6.25, 7.75, 6.5, 14.5], "rotation": 270, "texture": "#0"},
				"up": {"uv": [6.25, 7.75, 6.5, 14.5], "texture": "#0"},
				"down": {"uv": [6.25, 14.5, 6.5, 7.75], "texture": "#0"}
			}
		},
		{
			"name": "Untitled_43",
			"from": [6.75, 0, 7.75],
			"to": [7, 0.25, 8.25],
			"rotation": {"angle": 22.5, "axis": "z", "origin": [7.75, 0.125, 10.6875]},
			"faces": {
				"north": {"uv": [7, 7.75, 6.75, 8], "texture": "#0"},
				"east": {"uv": [6.75, 7.75, 7, 8.25], "rotation": 90, "texture": "#0"},
				"south": {"uv": [6.75, 8, 7, 8.25], "texture": "#0"},
				"west": {"uv": [6.75, 7.75, 7, 8.25], "rotation": 270, "texture": "#0"},
				"up": {"uv": [6.75, 7.75, 7, 8.25], "texture": "#0"},
				"down": {"uv": [6.75, 8.25, 7, 7.75], "texture": "#0"}
			}
		},
		{
			"name": "Untitled_45",
			"from": [7, 0, 8],
			"to": [7.25, 0.25, 8.5],
			"rotation": {"angle": 22.5, "axis": "z", "origin": [7.75, 0.125, 10.6875]},
			"faces": {
				"north": {"uv": [7.25, 8, 7, 8.25], "texture": "#0"},
				"east": {"uv": [7, 8, 7.25, 8.5], "rotation": 90, "texture": "#0"},
				"south": {"uv": [7, 8.25, 7.25, 8.5], "texture": "#0"},
				"west": {"uv": [7, 8, 7.25, 8.5], "rotation": 270, "texture": "#0"},
				"up": {"uv": [7, 8, 7.25, 8.5], "texture": "#0"},
				"down": {"uv": [7, 8.5, 7.25, 8], "texture": "#0"}
			}
		},
		{
			"name": "Untitled_48",
			"from": [1.5, 0, 8.25],
			"to": [1.75, 0.25, 9.75],
			"rotation": {"angle": 22.5, "axis": "z", "origin": [7.75, 0.125, 10.6875]},
			"faces": {
				"north": {"uv": [1.75, 8.25, 1.5, 8.5], "texture": "#0"},
				"east": {"uv": [1.5, 8.25, 1.75, 9.75], "rotation": 90, "texture": "#0"},
				"south": {"uv": [1.5, 9.5, 1.75, 9.75], "texture": "#0"},
				"west": {"uv": [1.5, 8.25, 1.75, 9.75], "rotation": 270, "texture": "#0"},
				"up": {"uv": [1.5, 8.25, 1.75, 9.75], "texture": "#0"},
				"down": {"uv": [1.5, 9.75, 1.75, 8.25], "texture": "#0"}
			}
		},
		{
			"name": "Untitled_49",
			"from": [6.5, 0, 8.25],
			"to": [6.75, 0.25, 14.5],
			"rotation": {"angle": 22.5, "axis": "z", "origin": [7.75, 0.125, 10.6875]},
			"faces": {
				"north": {"uv": [6.75, 8.25, 6.5, 8.5], "texture": "#0"},
				"east": {"uv": [6.5, 8.25, 6.75, 14.5], "rotation": 90, "texture": "#0"},
				"south": {"uv": [6.5, 14.25, 6.75, 14.5], "texture": "#0"},
				"west": {"uv": [6.5, 8.25, 6.75, 14.5], "rotation": 270, "texture": "#0"},
				"up": {"uv": [6.5, 8.25, 6.75, 14.5], "texture": "#0"},
				"down": {"uv": [6.5, 14.5, 6.75, 8.25], "texture": "#0"}
			}
		},
		{
			"name": "Untitled_50",
			"from": [7.25, 0, 8.25],
			"to": [7.75, 0.25, 13],
			"rotation": {"angle": 22.5, "axis": "z", "origin": [7.75, 0.125, 10.6875]},
			"faces": {
				"north": {"uv": [7.75, 8.25, 7.25, 8.5], "texture": "#0"},
				"east": {"uv": [7.5, 8.25, 7.75, 13], "rotation": 90, "texture": "#0"},
				"south": {"uv": [7.25, 12.75, 7.75, 13], "texture": "#0"},
				"west": {"uv": [7.25, 8.25, 7.5, 13], "rotation": 270, "texture": "#0"},
				"up": {"uv": [7.25, 8.25, 7.75, 13], "texture": "#0"},
				"down": {"uv": [7.25, 13, 7.75, 8.25], "texture": "#0"}
			}
		},
		{
			"name": "Untitled_52",
			"from": [1.25, 0, 8.5],
			"to": [1.5, 0.25, 9.75],
			"rotation": {"angle": 22.5, "axis": "z", "origin": [7.75, 0.125, 10.6875]},
			"faces": {
				"north": {"uv": [1.5, 8.5, 1.25, 8.75], "texture": "#0"},
				"east": {"uv": [1.25, 8.5, 1.5, 9.75], "rotation": 90, "texture": "#0"},
				"south": {"uv": [1.25, 9.5, 1.5, 9.75], "texture": "#0"},
				"west": {"uv": [1.25, 8.5, 1.5, 9.75], "rotation": 270, "texture": "#0"},
				"up": {"uv": [1.25, 8.5, 1.5, 9.75], "texture": "#0"},
				"down": {"uv": [1.25, 9.75, 1.5, 8.5], "texture": "#0"}
			}
		},
		{
			"name": "Untitled_53",
			"from": [6.75, 0, 8.5],
			"to": [7, 0.25, 14.25],
			"rotation": {"angle": 22.5, "axis": "z", "origin": [7.75, 0.125, 10.6875]},
			"faces": {
				"north": {"uv": [7, 8.5, 6.75, 8.75], "texture": "#0"},
				"east": {"uv": [6.75, 8.5, 7, 14.25], "rotation": 90, "texture": "#0"},
				"south": {"uv": [6.75, 14, 7, 14.25], "texture": "#0"},
				"west": {"uv": [6.75, 8.5, 7, 14.25], "rotation": 270, "texture": "#0"},
				"up": {"uv": [6.75, 8.5, 7, 14.25], "texture": "#0"},
				"down": {"uv": [6.75, 14.25, 7, 8.5], "texture": "#0"}
			}
		},
		{
			"name": "Untitled_55",
			"from": [1, 0, 8.75],
			"to": [1.25, 0.25, 9.75],
			"rotation": {"angle": 22.5, "axis": "z", "origin": [7.75, 0.125, 10.6875]},
			"faces": {
				"north": {"uv": [1.25, 8.75, 1, 9], "texture": "#0"},
				"east": {"uv": [1, 8.75, 1.25, 9.75], "rotation": 90, "texture": "#0"},
				"south": {"uv": [1, 9.5, 1.25, 9.75], "texture": "#0"},
				"west": {"uv": [1, 8.75, 1.25, 9.75], "rotation": 270, "texture": "#0"},
				"up": {"uv": [1, 8.75, 1.25, 9.75], "texture": "#0"},
				"down": {"uv": [1, 9.75, 1.25, 8.75], "texture": "#0"}
			}
		},
		{
			"name": "Untitled_56",
			"from": [7, 0, 8.75],
			"to": [7.25, 0.25, 13.25],
			"rotation": {"angle": 22.5, "axis": "z", "origin": [7.75, 0.125, 10.6875]},
			"faces": {
				"north": {"uv": [7.25, 8.75, 7, 9], "texture": "#0"},
				"east": {"uv": [7, 8.75, 7.25, 13.25], "rotation": 90, "texture": "#0"},
				"south": {"uv": [7, 13, 7.25, 13.25], "texture": "#0"},
				"west": {"uv": [7, 8.75, 7.25, 13.25], "rotation": 270, "texture": "#0"},
				"up": {"uv": [7, 8.75, 7.25, 13.25], "texture": "#0"},
				"down": {"uv": [7, 13.25, 7.25, 8.75], "texture": "#0"}
			}
		},
		{
			"name": "Untitled_63",
			"from": [3.5, 0, 9.75],
			"to": [4, 0.25, 10],
			"rotation": {"angle": 22.5, "axis": "z", "origin": [7.75, 0.125, 10.6875]},
			"faces": {
				"north": {"uv": [4, 9.75, 3.5, 10], "texture": "#0"},
				"east": {"uv": [3.75, 9.75, 4, 10], "rotation": 90, "texture": "#0"},
				"south": {"uv": [3.5, 9.75, 4, 10], "texture": "#0"},
				"west": {"uv": [3.5, 9.75, 3.75, 10], "rotation": 270, "texture": "#0"},
				"up": {"uv": [3.5, 9.75, 4, 10], "texture": "#0"},
				"down": {"uv": [3.5, 10, 4, 9.75], "texture": "#0"}
			}
		},
		{
			"name": "Untitled_65",
			"from": [3.75, 0, 10],
			"to": [4, 0.25, 10.25],
			"rotation": {"angle": 22.5, "axis": "z", "origin": [7.75, 0.125, 10.6875]},
			"faces": {
				"north": {"uv": [4, 10, 3.75, 10.25], "texture": "#0"},
				"east": {"uv": [3.75, 10, 4, 10.25], "rotation": 90, "texture": "#0"},
				"south": {"uv": [3.75, 10, 4, 10.25], "texture": "#0"},
				"west": {"uv": [3.75, 10, 4, 10.25], "rotation": 270, "texture": "#0"},
				"up": {"uv": [3.75, 10, 4, 10.25], "texture": "#0"},
				"down": {"uv": [3.75, 10.25, 4, 10], "texture": "#0"}
			}
		},
		{
			"name": "Untitled_67",
			"from": [4, 0, 10.75],
			"to": [4.5, 0.25, 11],
			"rotation": {"angle": 22.5, "axis": "z", "origin": [7.75, 0.125, 10.6875]},
			"faces": {
				"north": {"uv": [4.5, 10.75, 4, 11], "texture": "#0"},
				"east": {"uv": [4.25, 10.75, 4.5, 11], "rotation": 90, "texture": "#0"},
				"south": {"uv": [4, 10.75, 4.5, 11], "texture": "#0"},
				"west": {"uv": [4, 10.75, 4.25, 11], "rotation": 270, "texture": "#0"},
				"up": {"uv": [4, 10.75, 4.5, 11], "texture": "#0"},
				"down": {"uv": [4, 11, 4.5, 10.75], "texture": "#0"}
			}
		},
		{
			"name": "Untitled_69",
			"from": [3.75, 0, 11],
			"to": [4.25, 0.25, 15],
			"rotation": {"angle": 22.5, "axis": "z", "origin": [7.75, 0.125, 10.6875]},
			"faces": {
				"north": {"uv": [4.25, 11, 3.75, 11.25], "texture": "#0"},
				"east": {"uv": [4, 11, 4.25, 15], "rotation": 90, "texture": "#0"},
				"south": {"uv": [3.75, 14.75, 4.25, 15], "texture": "#0"},
				"west": {"uv": [3.75, 11, 4, 15], "rotation": 270, "texture": "#0"},
				"up": {"uv": [3.75, 11, 4.25, 15], "texture": "#0"},
				"down": {"uv": [3.75, 15, 4.25, 11], "texture": "#0"}
			}
		},
		{
			"name": "Untitled_72",
			"from": [3.25, 0, 11.25],
			"to": [3.75, 0.25, 14.75],
			"rotation": {"angle": 22.5, "axis": "z", "origin": [7.75, 0.125, 10.6875]},
			"faces": {
				"north": {"uv": [3.75, 11.25, 3.25, 11.5], "texture": "#0"},
				"east": {"uv": [3.5, 11.25, 3.75, 14.75], "rotation": 90, "texture": "#0"},
				"south": {"uv": [3.25, 14.5, 3.75, 14.75], "texture": "#0"},
				"west": {"uv": [3.25, 11.25, 3.5, 14.75], "rotation": 270, "texture": "#0"},
				"up": {"uv": [3.25, 11.25, 3.75, 14.75], "texture": "#0"},
				"down": {"uv": [3.25, 14.75, 3.75, 11.25], "texture": "#0"}
			}
		},
		{
			"name": "Untitled_73",
			"from": [4.25, 0, 11.25],
			"to": [4.5, 0.25, 15.25],
			"rotation": {"angle": 22.5, "axis": "z", "origin": [7.75, 0.125, 10.6875]},
			"faces": {
				"north": {"uv": [4.5, 11.25, 4.25, 11.5], "texture": "#0"},
				"east": {"uv": [4.25, 11.25, 4.5, 15.25], "rotation": 90, "texture": "#0"},
				"south": {"uv": [4.25, 15, 4.5, 15.25], "texture": "#0"},
				"west": {"uv": [4.25, 11.25, 4.5, 15.25], "rotation": 270, "texture": "#0"},
				"up": {"uv": [4.25, 11.25, 4.5, 15.25], "texture": "#0"},
				"down": {"uv": [4.25, 15.25, 4.5, 11.25], "texture": "#0"}
			}
		},
		{
			"name": "Untitled_76",
			"from": [3, 0, 11.5],
			"to": [3.25, 0.25, 12.25],
			"rotation": {"angle": 22.5, "axis": "z", "origin": [7.75, 0.125, 10.6875]},
			"faces": {
				"north": {"uv": [3.25, 11.5, 3, 11.75], "texture": "#0"},
				"east": {"uv": [3, 11.5, 3.25, 12.25], "rotation": 90, "texture": "#0"},
				"south": {"uv": [3, 12, 3.25, 12.25], "texture": "#0"},
				"west": {"uv": [3, 11.5, 3.25, 12.25], "rotation": 270, "texture": "#0"},
				"up": {"uv": [3, 11.5, 3.25, 12.25], "texture": "#0"},
				"down": {"uv": [3, 12.25, 3.25, 11.5], "texture": "#0"}
			}
		},
		{
			"name": "Untitled_79",
			"from": [2.75, 0, 11.75],
			"to": [3, 0.25, 12.5],
			"rotation": {"angle": 22.5, "axis": "z", "origin": [7.75, 0.125, 10.6875]},
			"faces": {
				"north": {"uv": [3, 11.75, 2.75, 12], "texture": "#0"},
				"east": {"uv": [2.75, 11.75, 3, 12.5], "rotation": 90, "texture": "#0"},
				"south": {"uv": [2.75, 12.25, 3, 12.5], "texture": "#0"},
				"west": {"uv": [2.75, 11.75, 3, 12.5], "rotation": 270, "texture": "#0"},
				"up": {"uv": [2.75, 11.75, 3, 12.5], "texture": "#0"},
				"down": {"uv": [2.75, 12.5, 3, 11.75], "texture": "#0"}
			}
		},
		{
			"name": "Untitled_84",
			"from": [2.5, 0, 12.25],
			"to": [2.75, 0.25, 14],
			"rotation": {"angle": 22.5, "axis": "z", "origin": [7.75, 0.125, 10.6875]},
			"faces": {
				"north": {"uv": [2.75, 12.25, 2.5, 12.5], "texture": "#0"},
				"east": {"uv": [2.5, 12.25, 2.75, 14], "rotation": 90, "texture": "#0"},
				"south": {"uv": [2.5, 13.75, 2.75, 14], "texture": "#0"},
				"west": {"uv": [2.5, 12.25, 2.75, 14], "rotation": 270, "texture": "#0"},
				"up": {"uv": [2.5, 12.25, 2.75, 14], "texture": "#0"},
				"down": {"uv": [2.5, 14, 2.75, 12.25], "texture": "#0"}
			}
		},
		{
			"name": "Untitled_85",
			"from": [2.25, 0, 12.5],
			"to": [2.5, 0.25, 13.5],
			"rotation": {"angle": 22.5, "axis": "z", "origin": [7.75, 0.125, 10.6875]},
			"faces": {
				"north": {"uv": [2.5, 12.5, 2.25, 12.75], "texture": "#0"},
				"east": {"uv": [2.25, 12.5, 2.5, 13.5], "rotation": 90, "texture": "#0"},
				"south": {"uv": [2.25, 13.25, 2.5, 13.5], "texture": "#0"},
				"west": {"uv": [2.25, 12.5, 2.5, 13.5], "rotation": 270, "texture": "#0"},
				"up": {"uv": [2.25, 12.5, 2.5, 13.5], "texture": "#0"},
				"down": {"uv": [2.25, 13.5, 2.5, 12.5], "texture": "#0"}
			}
		},
		{
			"name": "Untitled_86",
			"from": [3, 0, 12.5],
			"to": [3.25, 0.25, 14.5],
			"rotation": {"angle": 22.5, "axis": "z", "origin": [7.75, 0.125, 10.6875]},
			"faces": {
				"north": {"uv": [3.25, 12.5, 3, 12.75], "texture": "#0"},
				"east": {"uv": [3, 12.5, 3.25, 14.5], "rotation": 90, "texture": "#0"},
				"south": {"uv": [3, 14.25, 3.25, 14.5], "texture": "#0"},
				"west": {"uv": [3, 12.5, 3.25, 14.5], "rotation": 270, "texture": "#0"},
				"up": {"uv": [3, 12.5, 3.25, 14.5], "texture": "#0"},
				"down": {"uv": [3, 14.5, 3.25, 12.5], "texture": "#0"}
			}
		},
		{
			"name": "Untitled_89",
			"from": [2.75, 0, 13],
			"to": [3, 0.25, 14.25],
			"rotation": {"angle": 22.5, "axis": "z", "origin": [7.75, 0.125, 10.6875]},
			"faces": {
				"north": {"uv": [3, 13, 2.75, 13.25], "texture": "#0"},
				"east": {"uv": [2.75, 13, 3, 14.25], "rotation": 90, "texture": "#0"},
				"south": {"uv": [2.75, 14, 3, 14.25], "texture": "#0"},
				"west": {"uv": [2.75, 13, 3, 14.25], "rotation": 270, "texture": "#0"},
				"up": {"uv": [2.75, 13, 3, 14.25], "texture": "#0"},
				"down": {"uv": [2.75, 14.25, 3, 13], "texture": "#0"}
			}
		},
		{
			"name": "Untitled_90",
			"from": [7.5, 0, 13],
			"to": [7.75, 0.25, 13.5],
			"rotation": {"angle": 22.5, "axis": "z", "origin": [7.75, 0.125, 10.6875]},
			"faces": {
				"north": {"uv": [7.75, 13, 7.5, 13.25], "texture": "#0"},
				"east": {"uv": [7.5, 13, 7.75, 13.5], "rotation": 90, "texture": "#0"},
				"south": {"uv": [7.5, 13.25, 7.75, 13.5], "texture": "#0"},
				"west": {"uv": [7.5, 13, 7.75, 13.5], "rotation": 270, "texture": "#0"},
				"up": {"uv": [7.5, 13, 7.75, 13.5], "texture": "#0"},
				"down": {"uv": [7.5, 13.5, 7.75, 13], "texture": "#0"}
			}
		},
		{
			"name": "Untitled_94",
			"from": [7.25, 0, 13.5],
			"to": [7.5, 0.25, 13.75],
			"rotation": {"angle": 22.5, "axis": "z", "origin": [7.75, 0.125, 10.6875]},
			"faces": {
				"north": {"uv": [7.5, 13.5, 7.25, 13.75], "texture": "#0"},
				"east": {"uv": [7.25, 13.5, 7.5, 13.75], "rotation": 90, "texture": "#0"},
				"south": {"uv": [7.25, 13.5, 7.5, 13.75], "texture": "#0"},
				"west": {"uv": [7.25, 13.5, 7.5, 13.75], "rotation": 270, "texture": "#0"},
				"up": {"uv": [7.25, 13.5, 7.5, 13.75], "texture": "#0"},
				"down": {"uv": [7.25, 13.75, 7.5, 13.5], "texture": "#0"}
			}
		},
		{
			"name": "Untitled_96",
			"from": [7, 0, 13.75],
			"to": [7.25, 0.25, 14],
			"rotation": {"angle": 22.5, "axis": "z", "origin": [7.75, 0.125, 10.6875]},
			"faces": {
				"north": {"uv": [7.25, 13.75, 7, 14], "texture": "#0"},
				"east": {"uv": [7, 13.75, 7.25, 14], "rotation": 90, "texture": "#0"},
				"south": {"uv": [7, 13.75, 7.25, 14], "texture": "#0"},
				"west": {"uv": [7, 13.75, 7.25, 14], "rotation": 270, "texture": "#0"},
				"up": {"uv": [7, 13.75, 7.25, 14], "texture": "#0"},
				"down": {"uv": [7, 14, 7.25, 13.75], "texture": "#0"}
			}
		},
		{
			"name": "Untitled_99",
			"from": [5.5, 0, 14.75],
			"to": [5.75, 0.25, 15],
			"rotation": {"angle": 22.5, "axis": "z", "origin": [7.75, 0.125, 10.6875]},
			"faces": {
				"north": {"uv": [5.75, 14.75, 5.5, 15], "texture": "#0"},
				"east": {"uv": [5.5, 14.75, 5.75, 15], "rotation": 90, "texture": "#0"},
				"south": {"uv": [5.5, 14.75, 5.75, 15], "texture": "#0"},
				"west": {"uv": [5.5, 14.75, 5.75, 15], "rotation": 270, "texture": "#0"},
				"up": {"uv": [5.5, 14.75, 5.75, 15], "texture": "#0"},
				"down": {"uv": [5.5, 15, 5.75, 14.75], "texture": "#0"}
			}
		}
	],
	"display": {
		"thirdperson_righthand": {
			"translation": [0, 8.25, 0]
		}
	},
	"groups": [
		{
			"name": "Untitled",
			"origin": [8, 8, 8],
			"color": 0,
			"children": [
				0,
				{
					"name": "group",
					"origin": [0, 0, 0],
					"color": 0,
					"children": [
						1,
						2,
						3,
						4,
						5,
						6,
						7,
						8,
						9,
						10,
						11,
						12,
						13,
						14,
						15,
						16,
						17,
						18,
						19,
						20,
						21,
						22,
						23,
						24,
						25,
						26,
						27,
						28,
						29,
						30,
						31,
						32,
						33,
						34,
						35,
						36,
						37,
						38,
						39,
						40,
						41,
						42,
						43,
						44,
						45,
						46,
						47,
						48,
						49,
						50,
						51,
						52
					]
				},
				{
					"name": "group",
					"origin": [0, 0, 0],
					"color": 0,
					"children": [
						53,
						54,
						55,
						56,
						57,
						58,
						59,
						60,
						61,
						62,
						63,
						64,
						65,
						66,
						67,
						68,
						69,
						70,
						71,
						72,
						73,
						74,
						75,
						76,
						77,
						78,
						79,
						80,
						81,
						82,
						83,
						84,
						85,
						86,
						87,
						88,
						89,
						90,
						91,
						92,
						93,
						94,
						95,
						96,
						97,
						98,
						99
					]
				}
			]
		}
	]
}