{
	"credit": "Made with Blockbench",
	"textures": {
		"0": "stand/custom/breathing_style/insect/skin",
		"particle": "stand/custom/breathing_style/insect/skin"
	},
	"elements": [
		{
			"name": "head",
			"from": [4, 0.5, 4],
			"to": [12, 8.5, 12],
			"faces": {
				"north": {"uv": [2, 2, 4, 4], "texture": "#0"},
				"east": {"uv": [0, 2, 2, 4], "texture": "#0"},
				"south": {"uv": [6, 2, 8, 4], "texture": "#0"},
				"west": {"uv": [4, 2, 6, 4], "texture": "#0"},
				"up": {"uv": [4, 2, 2, 0], "texture": "#0"},
				"down": {"uv": [6, 0, 4, 2], "texture": "#0"}
			}
		},
		{
			"name": "head_2nd_layer",
			"from": [3.5, 0, 3.5],
			"to": [12.5, 9, 12.5],
			"faces": {
				"north": {"uv": [10, 2, 12, 4], "texture": "#0"},
				"east": {"uv": [8, 2, 10, 4], "texture": "#0"},
				"south": {"uv": [14, 2, 16, 4], "texture": "#0"},
				"west": {"uv": [12, 2, 14, 4], "texture": "#0"},
				"up": {"uv": [12, 2, 10, 0], "texture": "#0"},
				"down": {"uv": [14, 0, 12, 2], "texture": "#0"}
			}
		}
	],
	"display": {
		"head": {
			"translation": [0, 6.5, 0],
			"scale": [1.5, 1.5, 1.5]
		}
	},
	"groups": [
		{
			"name": "steve",
			"origin": [8, 8, 8],
			"color": 0,
			"children": [0, 1]
		}
	]
}