{
	"credit": "Made with Blockbench",
	"textures": {
		"0": "stand/custom/breathing_style/insect/skin",
		"2": "stand/custom/breathing_style/insect/texture",
		"particle": "stand/custom/breathing_style/insect/texture"
	},
	"elements": [
		{
			"name": "left_arm",
			"from": [3, 3.5, -1],
			"to": [7, 7.5, 11],
			"rotation": {"angle": 0, "axis": "x", "origin": [2, 14.5, 12]},
			"faces": {
				"north": {"uv": [11, 12, 10, 13], "rotation": 180, "texture": "#0"},
				"east": {"uv": [8, 13, 9, 16], "rotation": 270, "texture": "#0"},
				"south": {"uv": [10, 13, 9, 12], "texture": "#0"},
				"west": {"uv": [10, 13, 11, 16], "rotation": 90, "texture": "#0"},
				"up": {"uv": [9, 13, 10, 16], "rotation": 180, "texture": "#0"},
				"down": {"uv": [10.5, 13, 11.5, 16], "texture": "#0"}
			}
		},
		{
			"name": "left_arm_2nd_layer",
			"from": [2.5, 3, -1.5],
			"to": [7.5, 8, 11.5],
			"rotation": {"angle": 0, "axis": "x", "origin": [2, 14.5, 12]},
			"faces": {
				"north": {"uv": [15, 12, 14, 13], "rotation": 180, "texture": "#0"},
				"east": {"uv": [12, 13, 13, 16], "rotation": 270, "texture": "#0"},
				"south": {"uv": [14, 13, 13, 12], "texture": "#0"},
				"west": {"uv": [14, 13, 15, 16], "rotation": 90, "texture": "#0"},
				"up": {"uv": [13, 13, 14, 16], "rotation": 180, "texture": "#0"},
				"down": {"uv": [15, 13, 16, 16], "texture": "#0"}
			}
		},
		{
			"from": [1.67578, -1.47406, -2.78516],
			"to": [1.82422, -0.97406, -1.21484],
			"rotation": {"angle": -22.5, "axis": "x", "origin": [2, 13.27664, -2]},
			"faces": {
				"north": {"uv": [14.42969, 0.5, 16, 0], "rotation": 180, "texture": "#2"},
				"east": {"uv": [14.42969, 0.5, 16, 0], "rotation": 180, "texture": "#2"},
				"south": {"uv": [14.42969, 0.5, 16, 0], "rotation": 180, "texture": "#2"},
				"west": {"uv": [14.42969, 0.5, 16, 0], "rotation": 180, "texture": "#2"},
				"up": {"uv": [14.42969, 0.5, 16, 0], "texture": "#2"},
				"down": {"uv": [14.42969, 0.5, 16, 0], "texture": "#2"}
			}
		},
		{
			"from": [1.80078, -1.47406, -2.78516],
			"to": [2.19922, -0.97406, -2.71484],
			"rotation": {"angle": -22.5, "axis": "x", "origin": [2, 13.27664, -2]},
			"faces": {
				"north": {"uv": [14.42969, 0.5, 16, 0], "rotation": 180, "texture": "#2"},
				"east": {"uv": [14.42969, 0.5, 16, 0], "rotation": 180, "texture": "#2"},
				"south": {"uv": [14.42969, 0.5, 16, 0], "rotation": 180, "texture": "#2"},
				"west": {"uv": [14.42969, 0.5, 16, 0], "rotation": 180, "texture": "#2"},
				"up": {"uv": [14.42969, 0.5, 16, 0], "texture": "#2"},
				"down": {"uv": [14.42969, 0.5, 16, 0], "texture": "#2"}
			}
		},
		{
			"from": [1.80078, -1.47406, -1.28516],
			"to": [2.19922, -0.97406, -1.21484],
			"rotation": {"angle": -22.5, "axis": "x", "origin": [2, 13.27664, -2]},
			"faces": {
				"north": {"uv": [14.42969, 0.5, 16, 0], "rotation": 180, "texture": "#2"},
				"east": {"uv": [14.42969, 0.5, 16, 0], "rotation": 180, "texture": "#2"},
				"south": {"uv": [14.42969, 0.5, 16, 0], "rotation": 180, "texture": "#2"},
				"west": {"uv": [14.42969, 0.5, 16, 0], "rotation": 180, "texture": "#2"},
				"up": {"uv": [14.42969, 0.5, 16, 0], "texture": "#2"},
				"down": {"uv": [14.42969, 0.5, 16, 0], "texture": "#2"}
			}
		},
		{
			"from": [2.17578, -1.47406, -2.78516],
			"to": [2.32422, -0.97406, -1.21484],
			"rotation": {"angle": -22.5, "axis": "x", "origin": [2, 13.27664, -2]},
			"faces": {
				"north": {"uv": [14.42969, 0.5, 16, 0], "rotation": 180, "texture": "#2"},
				"east": {"uv": [14.42969, 0.5, 16, 0], "rotation": 180, "texture": "#2"},
				"south": {"uv": [14.42969, 0.5, 16, 0], "rotation": 180, "texture": "#2"},
				"west": {"uv": [14.42969, 0.5, 16, 0], "rotation": 180, "texture": "#2"},
				"up": {"uv": [14.42969, 0.5, 16, 0], "texture": "#2"},
				"down": {"uv": [14.42969, 0.5, 16, 0], "texture": "#2"}
			}
		},
		{
			"from": [1.67578, -0.97406, -2.91016],
			"to": [2.32422, -0.84906, -2.71484],
			"rotation": {"angle": -22.5, "axis": "x", "origin": [2, 13.27664, -2]},
			"faces": {
				"north": {"uv": [14.42969, 1.25, 16, 0.75], "rotation": 180, "texture": "#2"},
				"east": {"uv": [14.42969, 1.25, 16, 0.75], "rotation": 180, "texture": "#2"},
				"south": {"uv": [14.42969, 1.25, 16, 0.75], "rotation": 180, "texture": "#2"},
				"west": {"uv": [14.42969, 1.25, 16, 0.75], "rotation": 180, "texture": "#2"},
				"up": {"uv": [14.42969, 1.25, 16, 0.75], "texture": "#2"},
				"down": {"uv": [14.42969, 1.25, 16, 0.75], "texture": "#2"}
			}
		},
		{
			"from": [1.55078, -0.97406, -2.91016],
			"to": [1.82422, -0.84906, -1.08984],
			"rotation": {"angle": -22.5, "axis": "x", "origin": [2, 13.27664, -2]},
			"faces": {
				"north": {"uv": [14.42969, 1.25, 16, 0.75], "rotation": 180, "texture": "#2"},
				"east": {"uv": [14.42969, 1.25, 16, 0.75], "rotation": 180, "texture": "#2"},
				"south": {"uv": [14.42969, 1.25, 16, 0.75], "rotation": 180, "texture": "#2"},
				"west": {"uv": [14.42969, 1.25, 16, 0.75], "rotation": 180, "texture": "#2"},
				"up": {"uv": [14.42969, 1.25, 16, 0.75], "texture": "#2"},
				"down": {"uv": [14.42969, 1.25, 16, 0.75], "texture": "#2"}
			}
		},
		{
			"from": [2.17578, -0.97406, -2.91016],
			"to": [2.44922, -0.84906, -1.08984],
			"rotation": {"angle": -22.5, "axis": "x", "origin": [2, 13.27664, -2]},
			"faces": {
				"north": {"uv": [14.42969, 1.25, 16, 0.75], "rotation": 180, "texture": "#2"},
				"east": {"uv": [14.42969, 1.25, 16, 0.75], "rotation": 180, "texture": "#2"},
				"south": {"uv": [14.42969, 1.25, 16, 0.75], "rotation": 180, "texture": "#2"},
				"west": {"uv": [14.42969, 1.25, 16, 0.75], "rotation": 180, "texture": "#2"},
				"up": {"uv": [14.42969, 1.25, 16, 0.75], "texture": "#2"},
				"down": {"uv": [14.42969, 1.25, 16, 0.75], "texture": "#2"}
			}
		},
		{
			"from": [1.67578, -0.97406, -1.28516],
			"to": [2.32422, -0.84906, -1.08984],
			"rotation": {"angle": -22.5, "axis": "x", "origin": [2, 13.27664, -2]},
			"faces": {
				"north": {"uv": [14.42969, 1.25, 16, 0.75], "rotation": 180, "texture": "#2"},
				"east": {"uv": [14.42969, 1.25, 16, 0.75], "rotation": 180, "texture": "#2"},
				"south": {"uv": [14.42969, 1.25, 16, 0.75], "rotation": 180, "texture": "#2"},
				"west": {"uv": [14.42969, 1.25, 16, 0.75], "rotation": 180, "texture": "#2"},
				"up": {"uv": [14.42969, 1.25, 16, 0.75], "texture": "#2"},
				"down": {"uv": [14.42969, 1.25, 16, 0.75], "texture": "#2"}
			}
		},
		{
			"from": [1.55078, -1.47406, -2.91016],
			"to": [1.82422, -1.34906, -1.08984],
			"rotation": {"angle": -22.5, "axis": "x", "origin": [2, 13.27664, -2]},
			"faces": {
				"north": {"uv": [14.42969, 1.25, 16, 0.75], "rotation": 180, "texture": "#2"},
				"east": {"uv": [14.42969, 1.25, 16, 0.75], "rotation": 180, "texture": "#2"},
				"south": {"uv": [14.42969, 1.25, 16, 0.75], "rotation": 180, "texture": "#2"},
				"west": {"uv": [14.42969, 1.25, 16, 0.75], "rotation": 180, "texture": "#2"},
				"up": {"uv": [14.42969, 1.25, 16, 0.75], "texture": "#2"},
				"down": {"uv": [14.42969, 1.25, 16, 0.75], "texture": "#2"}
			}
		},
		{
			"from": [1.67578, -1.47406, -1.28516],
			"to": [2.32422, -1.34906, -1.08984],
			"rotation": {"angle": -22.5, "axis": "x", "origin": [2, 13.27664, -2]},
			"faces": {
				"north": {"uv": [14.42969, 1.25, 16, 0.75], "rotation": 180, "texture": "#2"},
				"east": {"uv": [14.42969, 1.25, 16, 0.75], "rotation": 180, "texture": "#2"},
				"south": {"uv": [14.42969, 1.25, 16, 0.75], "rotation": 180, "texture": "#2"},
				"west": {"uv": [14.42969, 1.25, 16, 0.75], "rotation": 180, "texture": "#2"},
				"up": {"uv": [14.42969, 1.25, 16, 0.75], "texture": "#2"},
				"down": {"uv": [14.42969, 1.25, 16, 0.75], "texture": "#2"}
			}
		},
		{
			"from": [2.17578, -1.47406, -2.91016],
			"to": [2.44922, -1.34906, -1.08984],
			"rotation": {"angle": -22.5, "axis": "x", "origin": [2, 13.27664, -2]},
			"faces": {
				"north": {"uv": [14.42969, 1.25, 16, 0.75], "rotation": 180, "texture": "#2"},
				"east": {"uv": [14.42969, 1.25, 16, 0.75], "rotation": 180, "texture": "#2"},
				"south": {"uv": [14.42969, 1.25, 16, 0.75], "rotation": 180, "texture": "#2"},
				"west": {"uv": [14.42969, 1.25, 16, 0.75], "rotation": 180, "texture": "#2"},
				"up": {"uv": [14.42969, 1.25, 16, 0.75], "texture": "#2"},
				"down": {"uv": [14.42969, 1.25, 16, 0.75], "texture": "#2"}
			}
		},
		{
			"from": [1.67578, -1.47406, -2.91016],
			"to": [2.32422, -1.34906, -2.71484],
			"rotation": {"angle": -22.5, "axis": "x", "origin": [2, 13.27664, -2]},
			"faces": {
				"north": {"uv": [14.42969, 1.25, 16, 0.75], "rotation": 180, "texture": "#2"},
				"east": {"uv": [14.42969, 1.25, 16, 0.75], "rotation": 180, "texture": "#2"},
				"south": {"uv": [14.42969, 1.25, 16, 0.75], "rotation": 180, "texture": "#2"},
				"west": {"uv": [14.42969, 1.25, 16, 0.75], "rotation": 180, "texture": "#2"},
				"up": {"uv": [14.42969, 1.25, 16, 0.75], "texture": "#2"},
				"down": {"uv": [14.42969, 1.25, 16, 0.75], "texture": "#2"}
			}
		},
		{
			"from": [2.125, -1.44672, -2.75],
			"to": [2.25, 28.05328, -1.25],
			"rotation": {"angle": -22.5, "axis": "x", "origin": [2, 13.27664, -2]},
			"faces": {
				"north": {"uv": [12.5, 16, 14, 0], "rotation": 180, "texture": "#2"},
				"east": {"uv": [12.5, 16, 14, 0], "rotation": 180, "texture": "#2"},
				"south": {"uv": [12.5, 16, 14, 0], "rotation": 180, "texture": "#2"},
				"west": {"uv": [12.5, 16, 14, 0], "rotation": 180, "texture": "#2"},
				"up": {"uv": [12.5, 16, 14, 0], "texture": "#2"},
				"down": {"uv": [12.5, 16, 14, 0], "texture": "#2"}
			}
		},
		{
			"from": [1.75, -1.44672, -2.75],
			"to": [1.875, 28.05328, -1.25],
			"rotation": {"angle": -22.5, "axis": "x", "origin": [2, 13.27664, -2]},
			"faces": {
				"north": {"uv": [9.5, 16, 11, 0], "rotation": 180, "texture": "#2"},
				"east": {"uv": [9.5, 16, 11, 0], "rotation": 180, "texture": "#2"},
				"south": {"uv": [9.5, 16, 11, 0], "rotation": 180, "texture": "#2"},
				"west": {"uv": [9.5, 16, 11, 0], "rotation": 180, "texture": "#2"},
				"up": {"uv": [9.5, 16, 11, 0], "texture": "#2"},
				"down": {"uv": [9.5, 16, 11, 0], "texture": "#2"}
			}
		},
		{
			"from": [1.875, -1.44672, -1.375],
			"to": [2.125, 28.05328, -1.25],
			"rotation": {"angle": -22.5, "axis": "x", "origin": [2, 13.27664, -2]},
			"faces": {
				"north": {"uv": [9, 16, 9.25, 0], "rotation": 180, "texture": "#2"},
				"east": {"uv": [9, 16, 9.25, 0], "rotation": 180, "texture": "#2"},
				"south": {"uv": [9, 16, 9.25, 0], "rotation": 180, "texture": "#2"},
				"west": {"uv": [9, 16, 9.25, 0], "rotation": 180, "texture": "#2"},
				"up": {"uv": [9, 16, 9.25, 0], "texture": "#2"},
				"down": {"uv": [9, 16, 9.25, 0], "texture": "#2"}
			}
		},
		{
			"from": [1.875, -1.44672, -2.75],
			"to": [2.125, 28.05328, -2.625],
			"rotation": {"angle": -22.5, "axis": "x", "origin": [2, 13.27664, -2]},
			"faces": {
				"north": {"uv": [9, 16, 9.25, 0], "rotation": 180, "texture": "#2"},
				"east": {"uv": [9, 16, 9.25, 0], "rotation": 180, "texture": "#2"},
				"south": {"uv": [9, 16, 9.25, 0], "rotation": 180, "texture": "#2"},
				"west": {"uv": [9, 16, 9.25, 0], "rotation": 180, "texture": "#2"},
				"up": {"uv": [9, 16, 9.25, 0], "texture": "#2"},
				"down": {"uv": [9, 16, 9.25, 0], "texture": "#2"}
			}
		},
		{
			"from": [1.75, 23.75456, -12.16933],
			"to": [2.25, 24.25456, -11.91933],
			"rotation": {"angle": 22.5, "axis": "x", "origin": [2, 13.27664, -2]},
			"faces": {
				"north": {"uv": [0, 16, 0.5, 15.75], "rotation": 180, "texture": "#2"},
				"east": {"uv": [0.5, 15.75, 0, 16], "texture": "#2"},
				"south": {"uv": [0, 16, 0.5, 15.75], "rotation": 180, "texture": "#2"},
				"west": {"uv": [0.5, 15.75, 0, 16], "texture": "#2"},
				"up": {"uv": [0, 16, 0.5, 15.75], "texture": "#2"},
				"down": {"uv": [0, 16, 0.5, 15.75], "texture": "#2"}
			}
		},
		{
			"from": [1.75, 27.55328, -2.57031],
			"to": [2.25, 28.23297, -1.42969],
			"rotation": {"angle": -22.5, "axis": "x", "origin": [2, 13.27664, -2]},
			"faces": {
				"north": {"uv": [0, 16, 0.5, 15.75], "rotation": 180, "texture": "#2"},
				"east": {"uv": [0, 16, 0.5, 15.75], "rotation": 180, "texture": "#2"},
				"south": {"uv": [0, 16, 0.5, 15.75], "rotation": 180, "texture": "#2"},
				"west": {"uv": [0, 16, 0.5, 15.75], "rotation": 180, "texture": "#2"},
				"up": {"uv": [0, 16, 0.5, 15.75], "texture": "#2"},
				"down": {"uv": [0, 16, 0.5, 15.75], "texture": "#2"}
			}
		},
		{
			"from": [1.75, 23.19597, -12.97792],
			"to": [2.25, 23.44597, -12.47792],
			"rotation": {"angle": 22.5, "axis": "x", "origin": [2, 13.27664, -2]},
			"faces": {
				"north": {"uv": [0, 16, 0.5, 15.75], "rotation": 180, "texture": "#2"},
				"east": {"uv": [0.5, 15.75, 0, 16], "texture": "#2"},
				"south": {"uv": [0, 16, 0.5, 15.75], "rotation": 180, "texture": "#2"},
				"west": {"uv": [0.5, 15.75, 0, 16], "texture": "#2"},
				"up": {"uv": [0, 16, 0.5, 15.75], "texture": "#2"},
				"down": {"uv": [0, 16, 0.5, 15.75], "texture": "#2"}
			}
		}
	],
	"display": {
		"thirdperson_righthand": {
			"rotation": [1.25, 0, 0],
			"translation": [3.25, -11.75, 13.5],
			"scale": [1.1, 1, 1.1]
		},
		"thirdperson_lefthand": {
			"rotation": [0, 0, -180],
			"translation": [3, -4.75, 9]
		},
		"firstperson_righthand": {
			"rotation": [-7, 1.87, -5.93],
			"translation": [28.5, 14.25, -28.25],
			"scale": [2, 2, 2]
		},
		"firstperson_lefthand": {
			"rotation": [135, 18, 0],
			"translation": [5.25, -9.75, 7.25],
			"scale": [1.3, 1, 1.3]
		},
		"ground": {
			"rotation": [0, 0, -90],
			"translation": [0, 0.5, 0],
			"scale": [1.2, 1.2, 1.2]
		},
		"gui": {
			"rotation": [-56, -48, -90],
			"translation": [2, 1, 0],
			"scale": [0.58, 0.58, 0.58]
		},
		"head": {
			"scale": [1.2, 1.2, 1.2]
		},
		"fixed": {
			"rotation": [0, -90, 0],
			"translation": [0, 0, -1.5],
			"scale": [1.7, 1.7, 1.7]
		}
	},
	"groups": [
		{
			"name": "steve",
			"origin": [8, 8, 8],
			"color": 0,
			"children": [0, 1]
		},
		{
			"name": "sheath",
			"origin": [8, 8, 8],
			"color": 0,
			"children": [
				{
					"name": "group",
					"origin": [8, 23, 8],
					"color": 0,
					"children": [2, 3, 4, 5, 6, 7, 8, 9, 10, 11, 12, 13, 14, 15, 16, 17, 18, 19, 20]
				}
			]
		}
	]
}