{
	"credit": "Made with Blockbench",
	"textures": {
		"1": "stand/custom/breathing_style/insect/skin"
	},
	"elements": [
		{
			"from": [-1.06516, 14, 3.7495],
			"to": [-1.06516, 14.58203, 8.7495],
			"rotation": {"angle": 45, "axis": "y", "origin": [-0.58549, 14.41602, 3.85636]},
			"faces": {
				"north": {"uv": [8.5, 5.5, 8.75, 5.83203], "texture": "#1"},
				"east": {"uv": [8.5, 5.5, 8.75, 5.83203], "texture": "#1"},
				"south": {"uv": [8.5, 5.5, 8.75, 5.83203], "texture": "#1"},
				"west": {"uv": [8.5, 5.5, 8.75, 5.83203], "texture": "#1"},
				"up": {"uv": [8.5, 5.5, 8.75, 5.83203], "texture": "#1"},
				"down": {"uv": [8.5, 5.5, 8.75, 5.83203], "texture": "#1"}
			}
		},
		{
			"from": [-1.05815, 14, -1.03817],
			"to": [-1.05815, 14.58203, 3.96183],
			"rotation": {"angle": 22.5, "axis": "y", "origin": [-0.58549, 14.41602, 3.85636]},
			"faces": {
				"north": {"uv": [8.5, 5.5, 8.75, 5.83203], "texture": "#1"},
				"east": {"uv": [8.5, 5.5, 8.75, 5.83203], "texture": "#1"},
				"south": {"uv": [8.5, 5.5, 8.75, 5.83203], "texture": "#1"},
				"west": {"uv": [8.5, 5.5, 8.75, 5.83203], "texture": "#1"},
				"up": {"uv": [8.5, 5.5, 8.75, 5.83203], "texture": "#1"},
				"down": {"uv": [8.5, 5.5, 8.75, 5.83203], "texture": "#1"}
			}
		},
		{
			"from": [0.29562, 22, -2.76638],
			"to": [0.29562, 22.83203, 2.23362],
			"rotation": {"angle": 22.5, "axis": "y", "origin": [0.77529, 22.41602, -2.65951]},
			"faces": {
				"north": {"uv": [8.5, 5.5, 8.75, 5.83203], "texture": "#1"},
				"east": {"uv": [8.5, 5.5, 8.75, 5.83203], "texture": "#1"},
				"south": {"uv": [8.5, 5.5, 8.75, 5.83203], "texture": "#1"},
				"west": {"uv": [8.5, 5.5, 8.75, 5.83203], "texture": "#1"},
				"up": {"uv": [8.5, 5.5, 8.75, 5.83203], "texture": "#1"},
				"down": {"uv": [8.5, 5.5, 8.75, 5.83203], "texture": "#1"}
			}
		},
		{
			"from": [0.30263, 22, -7.55404],
			"to": [0.30263, 22.83203, -2.55404],
			"rotation": {"angle": 0, "axis": "y", "origin": [0.77529, 22.41602, -2.65951]},
			"faces": {
				"north": {"uv": [8.5, 5.5, 8.75, 5.83203], "texture": "#1"},
				"east": {"uv": [8.5, 5.5, 8.75, 5.83203], "texture": "#1"},
				"south": {"uv": [8.5, 5.5, 8.75, 5.83203], "texture": "#1"},
				"west": {"uv": [8.5, 5.5, 8.75, 5.83203], "texture": "#1"},
				"up": {"uv": [8.5, 5.5, 8.75, 5.83203], "texture": "#1"},
				"down": {"uv": [8.5, 5.5, 8.75, 5.83203], "texture": "#1"}
			}
		},
		{
			"name": "head_2nd_layer",
			"from": [3.5, 11.75, 22.5],
			"to": [12.5, 20.75, 31.5],
			"rotation": {"angle": 45, "axis": "z", "origin": [8, 16.5, 27]},
			"faces": {
				"north": {"uv": [14, 0, 12, 2], "rotation": 270, "texture": "#1"},
				"east": {"uv": [14, 2, 16, 4], "rotation": 270, "texture": "#1"},
				"south": {"uv": [12, 2, 10, 0], "rotation": 270, "texture": "#1"},
				"west": {"uv": [10, 2, 12, 4], "rotation": 90, "texture": "#1"},
				"up": {"uv": [8, 2, 10, 4], "rotation": 180, "texture": "#1"},
				"down": {"uv": [12, 2, 14, 4], "texture": "#1"}
			}
		},
		{
			"name": "head",
			"from": [4, 12.25, 23],
			"to": [12, 20.25, 31],
			"rotation": {"angle": 45, "axis": "z", "origin": [8, 16.5, 27]},
			"faces": {
				"north": {"uv": [6, 0, 4, 2], "rotation": 270, "texture": "#1"},
				"east": {"uv": [6, 2, 8, 4], "rotation": 270, "texture": "#1"},
				"south": {"uv": [4, 2, 2, 0], "rotation": 270, "texture": "#1"},
				"west": {"uv": [2, 2, 4, 4], "rotation": 90, "texture": "#1"},
				"up": {"uv": [0, 2, 2, 4], "rotation": 180, "texture": "#1"},
				"down": {"uv": [4, 2, 6, 4], "texture": "#1"}
			}
		},
		{
			"name": "right_arm_2nd_layer",
			"from": [4.21236, 7.91597, 16.625],
			"to": [9.20236, 20.91597, 21.625],
			"rotation": {"angle": -22.5, "axis": "z", "origin": [5.70486, 22.04097, 17]},
			"faces": {
				"north": {"uv": [13, 9, 14, 12], "texture": "#1"},
				"east": {"uv": [12, 9, 13, 12], "texture": "#1"},
				"south": {"uv": [11, 9, 12, 12], "texture": "#1"},
				"west": {"uv": [10, 9, 11, 12], "texture": "#1"},
				"up": {"uv": [12, 9, 11, 8], "rotation": 180, "texture": "#1"},
				"down": {"uv": [13, 8, 12, 9], "rotation": 180, "texture": "#1"}
			}
		},
		{
			"name": "right_arm",
			"from": [4.70236, 8.41597, 17.125],
			"to": [8.70236, 20.41597, 21.125],
			"rotation": {"angle": -22.5, "axis": "z", "origin": [5.70486, 22.04097, 17]},
			"faces": {
				"north": {"uv": [13, 5, 14, 8], "texture": "#1"},
				"east": {"uv": [12, 5, 13, 8], "texture": "#1"},
				"south": {"uv": [11, 5, 12, 8], "texture": "#1"},
				"west": {"uv": [10, 5, 11, 8], "texture": "#1"},
				"up": {"uv": [12, 5, 11, 4], "rotation": 180, "texture": "#1"},
				"down": {"uv": [13, 4, 12, 5], "rotation": 180, "texture": "#1"}
			}
		},
		{
			"name": "left_arm_2nd_layer",
			"from": [7.7961, 1.70672, 16.5],
			"to": [12.7961, 14.70672, 21.5],
			"rotation": {"angle": 0, "axis": "x", "origin": [10.2961, 10.95672, 17]},
			"faces": {
				"north": {"uv": [12, 13, 13, 16], "texture": "#1"},
				"east": {"uv": [15, 13, 16, 16], "texture": "#1"},
				"south": {"uv": [14, 13, 15, 16], "texture": "#1"},
				"west": {"uv": [13, 13, 14, 16], "texture": "#1"},
				"up": {"uv": [14, 13, 13, 12], "rotation": 270, "texture": "#1"},
				"down": {"uv": [15, 12, 14, 13], "rotation": 90, "texture": "#1"}
			}
		},
		{
			"name": "left_arm",
			"from": [8.2961, 2.20672, 17],
			"to": [12.2961, 14.20672, 21],
			"rotation": {"angle": 0, "axis": "x", "origin": [10.2961, 10.95672, 17]},
			"faces": {
				"north": {"uv": [8, 13, 9, 16], "texture": "#1"},
				"east": {"uv": [11, 13, 12, 16], "texture": "#1"},
				"south": {"uv": [10, 13, 11, 16], "texture": "#1"},
				"west": {"uv": [9, 13, 10, 16], "texture": "#1"},
				"up": {"uv": [10, 13, 9, 12], "rotation": 270, "texture": "#1"},
				"down": {"uv": [11, 12, 10, 13], "rotation": 90, "texture": "#1"}
			}
		},
		{
			"name": "right_leg_2nd_layer",
			"from": [9.73463, 16.84776, -3.5],
			"to": [14.73463, 21.84776, 9.5],
			"rotation": {"angle": -22.5, "axis": "y", "origin": [7.23463, 18.34776, 5]},
			"faces": {
				"north": {"uv": [3, 8, 2, 9], "rotation": 270, "texture": "#1"},
				"east": {"uv": [3, 9, 4, 12], "rotation": 270, "texture": "#1"},
				"south": {"uv": [2, 9, 1, 8], "rotation": 270, "texture": "#1"},
				"west": {"uv": [1, 9, 2, 12], "rotation": 90, "texture": "#1"},
				"up": {"uv": [0, 9, 1, 12], "rotation": 180, "texture": "#1"},
				"down": {"uv": [2, 9, 3, 12], "texture": "#1"}
			}
		},
		{
			"name": "right_leg",
			"from": [10.23463, 17.34776, -3],
			"to": [14.23463, 21.34776, 9],
			"rotation": {"angle": -22.5, "axis": "y", "origin": [7.23463, 18.34776, 5]},
			"faces": {
				"north": {"uv": [3, 4, 2, 5], "rotation": 270, "texture": "#1"},
				"east": {"uv": [3, 5, 4, 8], "rotation": 270, "texture": "#1"},
				"south": {"uv": [2, 5, 1, 4], "rotation": 270, "texture": "#1"},
				"west": {"uv": [1, 5, 2, 8], "rotation": 90, "texture": "#1"},
				"up": {"uv": [0, 5, 1, 8], "rotation": 180, "texture": "#1"},
				"down": {"uv": [2, 5, 3, 8], "texture": "#1"}
			}
		},
		{
			"name": "right_leg_2nd_layer",
			"from": [7.73463, 9.0405, -15.89523],
			"to": [12.73463, 14.0405, -2.89523],
			"rotation": {"angle": -22.5, "axis": "x", "origin": [6.23463, 23.4155, 0.60477]},
			"faces": {
				"north": {"uv": [3, 8, 2, 9], "rotation": 270, "texture": "#1"},
				"east": {"uv": [3, 9, 4, 12], "rotation": 270, "texture": "#1"},
				"south": {"uv": [2, 9, 1, 8], "rotation": 270, "texture": "#1"},
				"west": {"uv": [1, 9, 2, 12], "rotation": 90, "texture": "#1"},
				"up": {"uv": [0, 9, 1, 12], "rotation": 180, "texture": "#1"},
				"down": {"uv": [2, 9, 3, 12], "texture": "#1"}
			}
		},
		{
			"name": "right_leg",
			"from": [8.23463, 9.5405, -15.39523],
			"to": [12.23463, 13.5405, -3.39523],
			"rotation": {"angle": -22.5, "axis": "x", "origin": [6.23463, 23.4155, 0.60477]},
			"faces": {
				"north": {"uv": [3, 4, 2, 5], "rotation": 270, "texture": "#1"},
				"east": {"uv": [3, 5, 4, 8], "rotation": 270, "texture": "#1"},
				"south": {"uv": [2, 5, 1, 4], "rotation": 270, "texture": "#1"},
				"west": {"uv": [1, 5, 2, 8], "rotation": 90, "texture": "#1"},
				"up": {"uv": [0, 5, 1, 8], "rotation": 180, "texture": "#1"},
				"down": {"uv": [2, 5, 3, 8], "texture": "#1"}
			}
		},
		{
			"name": "right_leg_2nd_layer",
			"from": [-1.26537, 13.9155, -12.89523],
			"to": [3.73463, 18.9155, 0.10477],
			"rotation": {"angle": 22.5, "axis": "y", "origin": [8.23463, 16.4155, -4.39523]},
			"faces": {
				"north": {"uv": [3, 8, 2, 9], "rotation": 270, "texture": "#1"},
				"east": {"uv": [3, 9, 4, 12], "rotation": 270, "texture": "#1"},
				"south": {"uv": [2, 9, 1, 8], "rotation": 270, "texture": "#1"},
				"west": {"uv": [1, 9, 2, 12], "rotation": 90, "texture": "#1"},
				"up": {"uv": [0, 9, 1, 12], "rotation": 180, "texture": "#1"},
				"down": {"uv": [2, 9, 3, 12], "texture": "#1"}
			}
		},
		{
			"name": "right_leg",
			"from": [-0.76537, 14.4155, -12.39523],
			"to": [3.23463, 18.4155, -0.39523],
			"rotation": {"angle": 22.5, "axis": "y", "origin": [8.23463, 16.4155, -4.39523]},
			"faces": {
				"north": {"uv": [3, 4, 2, 5], "rotation": 270, "texture": "#1"},
				"east": {"uv": [3, 5, 4, 8], "rotation": 270, "texture": "#1"},
				"south": {"uv": [2, 5, 1, 4], "rotation": 270, "texture": "#1"},
				"west": {"uv": [1, 5, 2, 8], "rotation": 90, "texture": "#1"},
				"up": {"uv": [0, 5, 1, 8], "rotation": 180, "texture": "#1"},
				"down": {"uv": [2, 5, 3, 8], "texture": "#1"}
			}
		},
		{
			"name": "body",
			"from": [6, 12.125, 11],
			"to": [10, 20.125, 23],
			"rotation": {"angle": 45, "axis": "z", "origin": [8, 16.125, 17.0125]},
			"faces": {
				"north": {"uv": [9, 4, 7, 5], "rotation": 270, "texture": "#1"},
				"east": {"uv": [8, 5, 10, 8], "rotation": 270, "texture": "#1"},
				"south": {"uv": [7, 5, 5, 4], "rotation": 270, "texture": "#1"},
				"west": {"uv": [5, 5, 7, 7.98], "rotation": 90, "texture": "#1"},
				"up": {"uv": [4, 5, 5, 8], "rotation": 180, "texture": "#1"},
				"down": {"uv": [7, 5, 8, 7.98], "texture": "#1"}
			}
		},
		{
			"name": "body_2nd_layer",
			"from": [5.5, 12.125, 10.52],
			"to": [10.5, 20.125, 23.53],
			"rotation": {"angle": 22.5, "axis": "z", "origin": [8, 16.125, 17.0125]},
			"faces": {
				"north": {"uv": [9, 8, 7, 9], "rotation": 270, "texture": "#1"},
				"east": {"uv": [8, 9, 10, 12], "rotation": 270, "texture": "#1"},
				"south": {"uv": [7, 9, 5, 8], "rotation": 270, "texture": "#1"},
				"west": {"uv": [5, 9, 7, 12], "rotation": 90, "texture": "#1"},
				"up": {"uv": [4, 9, 5, 12], "rotation": 180, "texture": "#1"},
				"down": {"uv": [7, 9, 8, 12], "texture": "#1"}
			}
		},
		{
			"name": "left_leg",
			"from": [6.76537, 4.77724, 11],
			"to": [10.76537, 16.77724, 15],
			"rotation": {"angle": 22.5, "axis": "x", "origin": [8.76537, 14.65224, 5]},
			"faces": {
				"north": {"uv": [4, 13, 5, 16], "texture": "#1"},
				"east": {"uv": [7, 13, 8, 16], "texture": "#1"},
				"south": {"uv": [6, 13, 7, 16], "texture": "#1"},
				"west": {"uv": [5, 13, 6, 16], "texture": "#1"},
				"up": {"uv": [6, 13, 5, 12], "rotation": 270, "texture": "#1"},
				"down": {"uv": [7, 12, 6, 13], "rotation": 90, "texture": "#1"}
			}
		},
		{
			"name": "left_leg_2nd_layer",
			"from": [6.26537, 4.27724, 10.5],
			"to": [11.26537, 17.27724, 15.5],
			"rotation": {"angle": 22.5, "axis": "x", "origin": [8.76537, 14.65224, 5]},
			"faces": {
				"north": {"uv": [0, 13, 1, 16], "texture": "#1"},
				"east": {"uv": [3, 13, 4, 16], "texture": "#1"},
				"south": {"uv": [2, 13, 3, 16], "texture": "#1"},
				"west": {"uv": [1, 13, 2, 16], "texture": "#1"},
				"up": {"uv": [2, 12, 1, 11], "rotation": 270, "texture": "#1"},
				"down": {"uv": [3, 12, 2, 13], "rotation": 90, "texture": "#1"}
			}
		},
		{
			"from": [14.05902, 5.73006, -7.16375],
			"to": [14.05902, 6.56209, -3.78875],
			"rotation": {"angle": -22.5, "axis": "x", "origin": [14.07093, 8.46723, -2.74551]},
			"faces": {
				"north": {"uv": [8.5, 5.5, 8.75, 5.83203], "texture": "#1"},
				"east": {"uv": [8.5, 5.5, 8.75, 5.83203], "texture": "#1"},
				"south": {"uv": [8.5, 5.5, 8.75, 5.83203], "texture": "#1"},
				"west": {"uv": [8.5, 5.5, 8.75, 5.83203], "texture": "#1"},
				"up": {"uv": [8.5, 5.5, 8.75, 5.83203], "texture": "#1"},
				"down": {"uv": [8.5, 5.5, 8.75, 5.83203], "texture": "#1"}
			}
		},
		{
			"from": [18.89672, 22, -7.60505],
			"to": [18.89672, 22.83203, 0.64495],
			"rotation": {"angle": 0, "axis": "y", "origin": [22.06264, 17.41602, -3.42416]},
			"faces": {
				"north": {"uv": [8.5, 5.5, 8.75, 5.83203], "texture": "#1"},
				"east": {"uv": [8.5, 5.5, 8.75, 5.83203], "texture": "#1"},
				"south": {"uv": [8.5, 5.5, 8.75, 5.83203], "texture": "#1"},
				"west": {"uv": [8.5, 5.5, 8.75, 5.83203], "texture": "#1"},
				"up": {"uv": [8.5, 5.5, 8.75, 5.83203], "texture": "#1"},
				"down": {"uv": [8.5, 5.5, 8.75, 5.83203], "texture": "#1"}
			}
		},
		{
			"from": [18.36547, 22, 0.74261],
			"to": [18.36547, 22.83203, 3.99261],
			"rotation": {"angle": -22.5, "axis": "y", "origin": [18.89672, 22.41602, 2.01995]},
			"faces": {
				"north": {"uv": [8.5, 5.5, 8.75, 5.83203], "texture": "#1"},
				"east": {"uv": [8.5, 5.5, 8.75, 5.83203], "texture": "#1"},
				"south": {"uv": [8.5, 5.5, 8.75, 5.83203], "texture": "#1"},
				"west": {"uv": [8.5, 5.5, 8.75, 5.83203], "texture": "#1"},
				"up": {"uv": [8.5, 5.5, 8.75, 5.83203], "texture": "#1"},
				"down": {"uv": [8.5, 5.5, 8.75, 5.83203], "texture": "#1"}
			}
		},
		{
			"from": [14.08283, 5.62237, -4.01477],
			"to": [14.08283, 6.4544, -0.51477],
			"rotation": {"angle": -22.5, "axis": "x", "origin": [14.07093, 8.46723, -2.74551]},
			"faces": {
				"north": {"uv": [8.5, 5.5, 8.75, 5.83203], "texture": "#1"},
				"east": {"uv": [8.5, 5.5, 8.75, 5.83203], "texture": "#1"},
				"south": {"uv": [8.5, 5.5, 8.75, 5.83203], "texture": "#1"},
				"west": {"uv": [8.5, 5.5, 8.75, 5.83203], "texture": "#1"},
				"up": {"uv": [8.5, 5.5, 8.75, 5.83203], "texture": "#1"},
				"down": {"uv": [8.5, 5.5, 8.75, 5.83203], "texture": "#1"}
			}
		}
	],
	"display": {
		"head": {
			"translation": [0, -29.5, 0],
			"scale": [1.6, 1.6, 1.6]
		}
	},
	"groups": [
		{
			"name": "group",
			"origin": [1, 13.5, -1],
			"color": 0,
			"children": [0, 1, 2, 3]
		},
		{
			"name": "steve",
			"origin": [8, 8, 8],
			"color": 0,
			"children": [
				{
					"name": "group",
					"origin": [8, 16.5, 8],
					"color": 0,
					"children": [4, 5]
				},
				{
					"name": "group",
					"origin": [8, 16.5, 8],
					"color": 0,
					"children": [6, 7]
				},
				{
					"name": "group",
					"origin": [8, 16.5, 8],
					"color": 0,
					"children": [8, 9]
				},
				{
					"name": "group",
					"origin": [8, 16.5, 8],
					"color": 0,
					"children": [10, 11]
				},
				{
					"name": "group",
					"origin": [8, 16.5, 8],
					"color": 0,
					"children": [12, 13]
				},
				{
					"name": "group",
					"origin": [8, 16.5, 8],
					"color": 0,
					"children": [14, 15]
				},
				{
					"name": "group",
					"origin": [8, 16.5, 8],
					"color": 0,
					"children": [16, 17]
				},
				{
					"name": "group",
					"origin": [8, 16.5, 8],
					"color": 0,
					"children": [18, 19]
				}
			]
		},
		{
			"name": "group",
			"origin": [1, 13.5, -1],
			"color": 0,
			"children": [20, 21, 22, 23]
		}
	]
}