{
	"credit": "Made with Blockbench",
	"textures": {
		"3": "block/yellow_terracotta",
		"4": "block/iron_block",
		"5": "block/spruce_log",
		"6": "block/gold_block",
		"particle": "block/gold_block"
	},
	"elements": [
		{
			"from": [7.6, 0.9, 7.3],
			"to": [8.4, 5.5, 8.7],
			"rotation": {"angle": 0, "axis": "y", "origin": [8, 3.5, 7.5]},
			"faces": {
				"north": {"uv": [0, 0, 16, 16], "texture": "#3"},
				"east": {"uv": [0, 0, 16, 16], "texture": "#3"},
				"south": {"uv": [0, 0, 16, 16], "texture": "#3"},
				"west": {"uv": [0, 0, 16, 16], "texture": "#3"},
				"up": {"uv": [0, 0, 16, 16], "texture": "#3"},
				"down": {"uv": [0, 0, 16, 16], "texture": "#3"}
			}
		},
		{
			"from": [7.5, 0.8, 7.2],
			"to": [8.5, 1.5, 8.8],
			"rotation": {"angle": 0, "axis": "y", "origin": [8, 3.5, 7.5]},
			"faces": {
				"north": {"uv": [0, 0, 1, 1], "texture": "#5"},
				"east": {"uv": [10.4, 8, 16, 11.9], "texture": "#5"},
				"south": {"uv": [0, 0, 1, 1], "texture": "#5"},
				"west": {"uv": [1.4, 7, 7, 9.9], "texture": "#5"},
				"up": {"uv": [0, 0, 1, 1.6], "texture": "#5"},
				"down": {"uv": [0, 0, 1, 1.6], "texture": "#5"}
			}
		},
		{
			"from": [7.5, 4.5, 7.2],
			"to": [8.5, 5.5, 8.8],
			"rotation": {"angle": 0, "axis": "y", "origin": [8, 3.5, 7.5]},
			"faces": {
				"north": {"uv": [10, 9, 13, 14], "texture": "#5"},
				"east": {"uv": [4.4, 10, 10, 13.9], "texture": "#5"},
				"south": {"uv": [0, 0, 1, 1], "texture": "#5"},
				"west": {"uv": [4.4, 10, 10, 13.9], "texture": "#5"},
				"up": {"uv": [0, 0, 1, 1.6], "texture": "#5"},
				"down": {"uv": [0, 0, 1, 1.6], "texture": "#5"}
			}
		},
		{
			"from": [7.5125, 0.8, 8.7],
			"to": [8.4875, 5.5, 8.825],
			"rotation": {"angle": 0, "axis": "y", "origin": [8, 3.5, 7.5]},
			"faces": {
				"north": {"uv": [0, 0, 1, 5], "texture": "#5"},
				"east": {"uv": [0, 0, 0.1, 5], "texture": "#5"},
				"south": {"uv": [11, 0, 16, 16], "texture": "#5"},
				"west": {"uv": [0, 0, 0.1, 5], "texture": "#5"},
				"up": {"uv": [0, 0, 1, 0.1], "texture": "#5"},
				"down": {"uv": [0, 0, 1, 0.1], "texture": "#5"}
			}
		},
		{
			"from": [7.51251, 0.8, 7.2125],
			"to": [8.48751, 5.5, 7.3],
			"rotation": {"angle": 0, "axis": "y", "origin": [8, 3.5, 7.5]},
			"faces": {
				"north": {"uv": [0, 0, 1, 5], "texture": "#5"},
				"east": {"uv": [0, 0, 0.1, 16], "texture": "#5"},
				"south": {"uv": [0, 0, 1, 5], "texture": "#5"},
				"west": {"uv": [0, 0, 0.1, 5], "texture": "#5"},
				"up": {"uv": [0, 0, 1, 0.1], "texture": "#5"},
				"down": {"uv": [0, 0, 1, 0.1], "texture": "#5"}
			}
		},
		{
			"from": [7.5, 3.5, 7.2],
			"to": [8.5, 4.4, 8.8],
			"rotation": {"angle": 0, "axis": "y", "origin": [8, 3.5, 7.5]},
			"faces": {
				"north": {"uv": [6, 1, 9, 6], "texture": "#5"},
				"east": {"uv": [10.4, 0, 16, 3.9], "texture": "#5"},
				"south": {"uv": [0, 0, 1, 0.9], "texture": "#5"},
				"west": {"uv": [8.4, 7, 14, 10.9], "texture": "#5"},
				"up": {"uv": [0, 0, 1, 1.6], "texture": "#5"},
				"down": {"uv": [0, 0, 1, 1.6], "texture": "#5"}
			}
		},
		{
			"from": [7.5, 2.5, 7.2],
			"to": [8.5, 3.4, 8.8],
			"rotation": {"angle": 0, "axis": "y", "origin": [8, 3.5, 7.5]},
			"faces": {
				"north": {"uv": [13, 7, 16, 12], "texture": "#5"},
				"east": {"uv": [10.4, 4, 16, 7.9], "texture": "#5"},
				"south": {"uv": [0, 0, 1, 0.9], "texture": "#5"},
				"west": {"uv": [0.4, 8, 6, 11.9], "texture": "#5"},
				"up": {"uv": [0, 0, 1, 1.6], "texture": "#5"},
				"down": {"uv": [0, 0, 1, 1.6], "texture": "#5"}
			}
		},
		{
			"from": [7.5, 1.5, 7.2],
			"to": [8.5, 2.4, 8.8],
			"rotation": {"angle": 0, "axis": "y", "origin": [8, 3.5, 7.5]},
			"faces": {
				"north": {"uv": [0, 0, 1, 0.9], "texture": "#5"},
				"east": {"uv": [10.4, 10, 16, 13.9], "texture": "#5"},
				"south": {"uv": [0, 0, 1, 0.9], "texture": "#5"},
				"west": {"uv": [4.4, 6, 10, 9.9], "texture": "#5"},
				"up": {"uv": [0, 0, 1, 1.6], "texture": "#5"},
				"down": {"uv": [0, 0, 1, 1.6], "texture": "#5"}
			}
		},
		{
			"from": [7.5, 0.825, 6.8375],
			"to": [8.5, 1.825, 7.4375],
			"rotation": {"angle": 0, "axis": "y", "origin": [8, 3.5, 7.5]},
			"faces": {
				"north": {"uv": [4, 7, 7, 12], "texture": "#5"},
				"east": {"uv": [8.4, 3, 11, 3.9], "texture": "#5"},
				"south": {"uv": [0, 0, 1, 1], "texture": "#5"},
				"west": {"uv": [8.4, 3, 11, 3.9], "texture": "#5"},
				"up": {"uv": [0, 0, 1, 0.6], "texture": "#5"},
				"down": {"uv": [0, 0, 1, 0.6], "texture": "#5"}
			}
		},
		{
			"from": [7.50001, 1.825, 6.9],
			"to": [8.50001, 2.9, 7.5],
			"rotation": {"angle": 22.5, "axis": "x", "origin": [8, 2, 6.9]},
			"faces": {
				"north": {"uv": [1, 7, 4, 12], "texture": "#5"},
				"east": {"uv": [8.4, 3, 11, 3.9], "texture": "#5"},
				"south": {"uv": [0, 0, 1, 1.475], "texture": "#5"},
				"west": {"uv": [8.4, 3, 11, 3.9], "texture": "#5"},
				"up": {"uv": [0, 0, 1, 0.6], "texture": "#5"},
				"down": {"uv": [0, 0, 1, 0.6], "texture": "#5"}
			}
		},
		{
			"from": [7.4, 6, 6.8],
			"to": [8.6, 6.5, 9.2],
			"rotation": {"angle": 0, "axis": "y", "origin": [8, 3.5, 7.5]},
			"faces": {
				"north": {"uv": [0, 0, 16, 4], "texture": "#6"},
				"east": {"uv": [0, 0, 16, 4], "texture": "#6"},
				"south": {"uv": [0, 0, 16, 4], "texture": "#6"},
				"west": {"uv": [0, 0, 16, 4], "texture": "#6"},
				"up": {"uv": [0, 0, 16, 16], "texture": "#6"},
				"down": {"uv": [0, 0, 16, 4], "texture": "#6"}
			}
		},
		{
			"from": [7.4, 5.5, 6.8],
			"to": [8.6, 6, 9.2],
			"rotation": {"angle": 0, "axis": "y", "origin": [8, 3.5, 7.5]},
			"faces": {
				"north": {"uv": [0, 13, 16, 16], "texture": "#6"},
				"east": {"uv": [0, 13, 16, 16], "texture": "#6"},
				"south": {"uv": [0, 13, 16, 16], "texture": "#6"},
				"west": {"uv": [0, 13, 16, 16], "texture": "#6"},
				"up": {"uv": [0, 13, 16, 16], "texture": "#6"},
				"down": {"uv": [0, 0, 16, 16], "texture": "#6"}
			}
		},
		{
			"from": [7.95, 6.5, 7.075],
			"to": [8.0625, 12.5, 8.925],
			"rotation": {"angle": 0, "axis": "y", "origin": [8, 3.5, 7.5]},
			"faces": {
				"north": {"uv": [0, 0, 0.1125, 7], "texture": "#4"},
				"east": {"uv": [0, 0, 1.85, 7], "texture": "#4"},
				"south": {"uv": [0, 0, 0.1125, 7], "texture": "#4"},
				"west": {"uv": [0, 0, 1.85, 7], "texture": "#4"},
				"up": {"uv": [0, 0, 0.1125, 1.85], "texture": "#5"},
				"down": {"uv": [0, 0, 0.1125, 1.85], "texture": "#5"}
			}
		},
		{
			"from": [7.95, 12.5, 7.075],
			"to": [8.0625, 13.5, 8.925],
			"rotation": {"angle": 0, "axis": "y", "origin": [8, 3.5, 7.5]},
			"faces": {
				"north": {"uv": [0, 0, 0.1125, 7], "texture": "#4"},
				"east": {"uv": [0, 0, 0.85, 1], "texture": "#4"},
				"south": {"uv": [0, 0, 0.1125, 7], "texture": "#4"},
				"west": {"uv": [0, 0, 0.85, 1], "texture": "#4"},
				"up": {"uv": [0, 0, 0.1125, 1.85], "texture": "#5"},
				"down": {"uv": [0, 0, 0.1125, 1.85], "texture": "#5"}
			}
		},
		{
			"from": [7.95, 13.05, 8.4375],
			"to": [8.0625, 13.6, 9.2375],
			"rotation": {"angle": -22.5, "axis": "x", "origin": [8, 12.5, 8]},
			"faces": {
				"north": {"uv": [0, 0, 0.1125, 0.55], "rotation": 180, "texture": "#4"},
				"east": {"uv": [0, 0, 0.55, 0.6], "rotation": 270, "texture": "#4"},
				"south": {"uv": [0, 0, 0.1125, 0.55], "texture": "#4"},
				"west": {"uv": [0, 0, 0.55, 0.6], "rotation": 90, "texture": "#4"},
				"up": {"uv": [0, 0, 0.1125, 1.6], "rotation": 180, "texture": "#4"},
				"down": {"uv": [0, 0, 0.1125, 1.6], "texture": "#4"}
			}
		},
		{
			"from": [7.95, 13.05, 6.7625],
			"to": [8.0625, 13.65, 7.7125],
			"rotation": {"angle": 22.5, "axis": "x", "origin": [8, 12.5, 8]},
			"faces": {
				"north": {"uv": [0, 0, 0.1125, 0.6], "texture": "#4"},
				"east": {"uv": [0, 0, 0.55, 0.6], "texture": "#4"},
				"south": {"uv": [0, 0, 0.1125, 0.6], "texture": "#4"},
				"west": {"uv": [0, 0, 0, 0.6], "texture": "#4"},
				"up": {"uv": [0, 0, 0.1125, 1.55], "texture": "#4"},
				"down": {"uv": [0, 0, 0.1125, 1.55], "texture": "#4"}
			}
		},
		{
			"from": [7.95, 13.55, 8.5375],
			"to": [8.0625, 14.2, 9.2375],
			"rotation": {"angle": -22.5, "axis": "x", "origin": [8, 12.5, 8]},
			"faces": {
				"north": {"uv": [0, 0, 0.1125, 0.65], "rotation": 180, "texture": "#4"},
				"east": {"uv": [0, 0, 0.65, 0.7], "rotation": 270, "texture": "#4"},
				"south": {"uv": [0, 0, 0.1125, 0.65], "texture": "#4"},
				"west": {"uv": [0, 0, 0.65, 0.7], "rotation": 90, "texture": "#4"},
				"up": {"uv": [0, 0, 0.1125, 0.7], "rotation": 180, "texture": "#4"},
				"down": {"uv": [0, 0, 0.1125, 0.7], "texture": "#4"}
			}
		},
		{
			"from": [7.95, 13.65, 6.7625],
			"to": [8.0625, 14.25, 7.7125],
			"rotation": {"angle": 22.5, "axis": "x", "origin": [8, 12.5, 8]},
			"faces": {
				"north": {"uv": [0, 0, 0.1125, 0.6], "texture": "#4"},
				"east": {"uv": [0, 0, 0.95, 0.6], "texture": "#4"},
				"south": {"uv": [0, 0, 0.1125, 0.6], "texture": "#4"},
				"west": {"uv": [0, 0, 0.95, 0.6], "texture": "#4"},
				"up": {"uv": [0, 0, 0.1125, 0.95], "texture": "#4"},
				"down": {"uv": [0, 0, 0.1125, 0.95], "texture": "#4"}
			}
		},
		{
			"from": [7.95, 14.25, 6.7625],
			"to": [8.0625, 14.85, 7.2125],
			"rotation": {"angle": 22.5, "axis": "x", "origin": [8, 12.5, 8]},
			"faces": {
				"north": {"uv": [0, 0, 0.1125, 0.6], "texture": "#4"},
				"east": {"uv": [0, 0, 0.45, 0.6], "texture": "#4"},
				"south": {"uv": [0, 0, 0.1125, 0.6], "texture": "#4"},
				"west": {"uv": [0, 0, 0.45, 0.6], "texture": "#4"},
				"up": {"uv": [0, 0, 0.1125, 0.45], "texture": "#4"},
				"down": {"uv": [0, 0, 0.1125, 0.45], "texture": "#4"}
			}
		},
		{
			"from": [7.95, 14.15, 8.5375],
			"to": [8.0625, 14.7875, 9.2375],
			"rotation": {"angle": -22.5, "axis": "x", "origin": [8, 12.5, 8]},
			"faces": {
				"north": {"uv": [0, 0, 0.1125, 0.6375], "rotation": 180, "texture": "#4"},
				"east": {"uv": [0, 0, 0.6375, 0.7], "rotation": 270, "texture": "#4"},
				"south": {"uv": [0, 0, 0.1125, 0.6375], "texture": "#4"},
				"west": {"uv": [0, 0, 0.6375, 0.7], "rotation": 90, "texture": "#4"},
				"up": {"uv": [0, 0, 0.1125, 0.7], "rotation": 180, "texture": "#4"},
				"down": {"uv": [0, 0, 0.1125, 0.7], "texture": "#4"}
			}
		},
		{
			"from": [7.95, 14.7875, 8.9375],
			"to": [8.0625, 15.1875, 9.2375],
			"rotation": {"angle": -22.5, "axis": "x", "origin": [8, 12.5, 8]},
			"faces": {
				"north": {"uv": [0, 0, 0.1125, 0.4], "rotation": 180, "texture": "#4"},
				"east": {"uv": [0, 0, 0.4, 0.3], "rotation": 270, "texture": "#4"},
				"south": {"uv": [0, 0, 0.1125, 0.4], "texture": "#4"},
				"west": {"uv": [0, 0, 0.4, 0.3], "rotation": 90, "texture": "#4"},
				"up": {"uv": [0, 0, 0.1125, 0.3], "rotation": 180, "texture": "#4"},
				"down": {"uv": [0, 0, 0.1125, 0.3], "texture": "#4"}
			}
		},
		{
			"from": [7.95, 14.85, 6.7625],
			"to": [8.0625, 15.275, 6.975],
			"rotation": {"angle": 22.5, "axis": "x", "origin": [8, 12.5, 8]},
			"faces": {
				"north": {"uv": [0, 0, 0.1125, 0.425], "texture": "#4"},
				"east": {"uv": [0, 0, 0.2125, 0.425], "texture": "#4"},
				"south": {"uv": [0, 0, 0.1125, 0.425], "texture": "#4"},
				"west": {"uv": [0, 0, 0.2125, 0.425], "texture": "#4"},
				"up": {"uv": [0, 0, 0.1125, 0.2125], "texture": "#4"},
				"down": {"uv": [0, 0, 0.1125, 0.2125], "texture": "#4"}
			}
		},
		{
			"from": [7.95, 15.1875, 9.0875],
			"to": [8.0625, 15.3375, 9.2375],
			"rotation": {"angle": -22.5, "axis": "x", "origin": [8, 12.5, 8]},
			"faces": {
				"north": {"uv": [0, 0, 0.1125, 0.15], "texture": "#4"},
				"east": {"uv": [0, 0, 0.1125, 0.15], "texture": "#4"},
				"south": {"uv": [0, 0, 0.1125, 0.15], "texture": "#4"},
				"west": {"uv": [0, 0, 0.1125, 0.15], "texture": "#4"},
				"up": {"uv": [0, 0, 0.1125, 0.15], "texture": "#4"},
				"down": {"uv": [0, 0, 0.1125, 0.15], "texture": "#4"}
			}
		},
		{
			"from": [7.95, 15.375, 6.7625],
			"to": [8.0625, 15.4375, 6.8125],
			"rotation": {"angle": 22.5, "axis": "x", "origin": [8, 12.5, 8]},
			"faces": {
				"north": {"uv": [0, 0, 0.1125, 0.05], "texture": "#4"},
				"east": {"uv": [0, 0, 0.1125, 0.05], "texture": "#4"},
				"south": {"uv": [0, 0, 0.1125, 0.05], "texture": "#4"},
				"west": {"uv": [0, 0, 0.1125, 0.05], "texture": "#4"},
				"up": {"uv": [0, 0, 0.1125, 0.05], "texture": "#4"},
				"down": {"uv": [0, 0, 0.1125, 0.05], "texture": "#4"}
			}
		},
		{
			"from": [7.95, 15.3375, 9.1625],
			"to": [8.0625, 15.4125, 9.2375],
			"rotation": {"angle": -22.5, "axis": "x", "origin": [8, 12.5, 8]},
			"faces": {
				"north": {"uv": [0, 0, 0.1125, 0.075], "texture": "#4"},
				"east": {"uv": [0, 0, 0.1125, 0.075], "texture": "#4"},
				"south": {"uv": [0, 0, 0.1125, 0.075], "texture": "#4"},
				"west": {"uv": [0, 0, 0.1125, 0.075], "texture": "#4"},
				"up": {"uv": [0, 0, 0.1125, 0.075], "texture": "#4"},
				"down": {"uv": [0, 0, 0.1125, 0.075], "texture": "#4"}
			}
		},
		{
			"from": [7.95, 15.275, 6.7625],
			"to": [8.0625, 15.375, 6.875],
			"rotation": {"angle": 22.5, "axis": "x", "origin": [8, 12.5, 8]},
			"faces": {
				"north": {"uv": [0, 0, 0.1125, 0.1], "texture": "#4"},
				"east": {"uv": [0, 0, 0.1125, 0.1], "texture": "#4"},
				"south": {"uv": [0, 0, 0.1125, 0.1], "texture": "#4"},
				"west": {"uv": [0, 0, 0.1125, 0.1], "texture": "#4"},
				"up": {"uv": [0, 0, 0.1125, 0.1125], "texture": "#4"},
				"down": {"uv": [0, 0, 0.1125, 0.1125], "texture": "#4"}
			}
		}
	],
	"display": {
		"thirdperson_righthand": {
			"translation": [0, 2.25, 0],
			"scale": [0.75, 0.785, 0.75]
		},
		"thirdperson_lefthand": {
			"translation": [0, 2.25, 0],
			"scale": [0.75, 0.785, 0.75]
		},
		"firstperson_righthand": {
			"rotation": [-9, 0, 0],
			"translation": [0, 5, 0.5]
		},
		"firstperson_lefthand": {
			"rotation": [-9, 0, 0],
			"translation": [0, 5, 0.5]
		},
		"ground": {
			"translation": [0, 4.5, 0]
		},
		"gui": {
			"rotation": [0, -9, 0],
			"translation": [0, 0, -0.75],
			"scale": [1, 1.1, 1]
		},
		"head": {
			"rotation": [-90, 0, 0],
			"translation": [0, -3.75, -0.75],
			"scale": [1, 1.2, 1]
		},
		"fixed": {
			"rotation": [0, 90, 0],
			"translation": [0, 0, -0.75],
			"scale": [1, 1.1, 1]
		}
	},
	"groups": [
		0,
		1,
		2,
		3,
		4,
		5,
		6,
		7,
		8,
		9,
		10,
		11,
		{
			"name": "group",
			"origin": [8, 12.5, 8],
			"color": 0,
			"children": [12, 13, 14, 15, 16, 17, 18, 19, 20, 21, 22, 23, 24, 25]
		}
	]
}