{
	"credit": "Made with Blockbench",
	"textures": {
		"0": "block/gray_concrete",
		"1": "block/yellow_terracotta",
		"2": "block/black_concrete",
		"3": "block/gray_shulker_box",
		"4": "block/iron_bars"
	},
	"elements": [
		{
			"from": [-6.64191, 19.83327, -9.45931],
			"to": [9.7105, 22.41523, -9.02898],
			"rotation": {"angle": 0, "axis": "y", "origin": [1.53429, 25.05934, -3.76164]},
			"faces": {
				"north": {"uv": [0, 0, 16, 6], "rotation": 180, "texture": "#0"},
				"east": {"uv": [0, 0, 1, 6], "rotation": 180, "texture": "#0"},
				"south": {"uv": [0, 0, 16, 6], "rotation": 180, "texture": "#0"},
				"west": {"uv": [0, 0, 1, 6], "rotation": 180, "texture": "#0"},
				"up": {"uv": [0, 0, 16, 1], "texture": "#0"},
				"down": {"uv": [0, 0, 16, 1], "texture": "#0"}
			}
		},
		{
			"from": [-6.64191, 20.43382, -8.01482],
			"to": [9.7105, 23.01578, -7.58449],
			"rotation": {"angle": 22.5, "axis": "x", "origin": [1.53429, 25.05934, -3.76164]},
			"faces": {
				"north": {"uv": [0, 0, 16, 6], "rotation": 180, "texture": "#0"},
				"east": {"uv": [0, 0, 1, 6], "rotation": 180, "texture": "#0"},
				"south": {"uv": [0, 0, 16, 6], "rotation": 180, "texture": "#0"},
				"west": {"uv": [0, 0, 1, 6], "rotation": 180, "texture": "#0"},
				"up": {"uv": [0, 0, 16, 1], "texture": "#0"},
				"down": {"uv": [0, 0, 16, 1], "texture": "#0"}
			}
		},
		{
			"from": [-6.64191, 27.1731, -5.84048],
			"to": [9.7105, 27.60342, -3.25852],
			"rotation": {"angle": -22.5, "axis": "x", "origin": [1.53429, 25.05934, -3.76164]},
			"faces": {
				"north": {"uv": [0, 0, 16, 1], "rotation": 180, "texture": "#0"},
				"east": {"uv": [0, 0, 1, 6], "rotation": 90, "texture": "#0"},
				"south": {"uv": [0, 0, 16, 1], "texture": "#0"},
				"west": {"uv": [0, 0, 1, 6], "rotation": 270, "texture": "#0"},
				"up": {"uv": [0, 0, 16, 6], "texture": "#0"},
				"down": {"uv": [0, 0, 16, 6], "rotation": 180, "texture": "#0"}
			}
		},
		{
			"from": [-6.64191, 21.53205, -6.90574],
			"to": [9.7105, 24.11401, -6.47541],
			"rotation": {"angle": 45, "axis": "x", "origin": [1.53429, 25.05934, -3.76164]},
			"faces": {
				"north": {"uv": [0, 0, 16, 6], "rotation": 180, "texture": "#0"},
				"east": {"uv": [0, 0, 1, 6], "rotation": 180, "texture": "#0"},
				"south": {"uv": [0, 0, 16, 6], "rotation": 180, "texture": "#0"},
				"west": {"uv": [0, 0, 1, 6], "rotation": 180, "texture": "#0"},
				"up": {"uv": [0, 0, 16, 1], "texture": "#0"},
				"down": {"uv": [0, 0, 16, 1], "texture": "#0"}
			}
		},
		{
			"from": [-6.64191, 19.8317, -10.97236],
			"to": [9.7105, 22.41366, 1.93744],
			"rotation": {"angle": -22.5, "axis": "x", "origin": [1.53429, 25.05934, -3.76164]},
			"faces": {
				"north": {"uv": [0, 0, 16, 6], "texture": "#0"},
				"east": {"uv": [1, 15, 2, 16], "rotation": 180, "texture": "#0"},
				"south": {"uv": [0, 0, 16, 6], "texture": "#0"},
				"west": {"uv": [1, 15, 2, 16], "texture": "#0"},
				"up": {"uv": [0, 0, 16, 16], "texture": "#0"},
				"down": {"uv": [0, 0, 16, 16], "texture": "#0"}
			}
		},
		{
			"from": [-6.64191, 28.87995, -1.71668],
			"to": [9.7105, 29.31028, 0.86528],
			"rotation": {"angle": 45, "axis": "x", "origin": [1.53429, 25.05934, -3.76164]},
			"faces": {
				"north": {"uv": [0, 0, 16, 1], "rotation": 180, "texture": "#0"},
				"east": {"uv": [0, 0, 1, 6], "rotation": 90, "texture": "#0"},
				"south": {"uv": [0, 0, 16, 1], "texture": "#0"},
				"west": {"uv": [0, 0, 1, 6], "rotation": 270, "texture": "#0"},
				"up": {"uv": [0, 0, 16, 6], "texture": "#0"},
				"down": {"uv": [0, 0, 16, 6], "rotation": 180, "texture": "#0"}
			}
		},
		{
			"from": [-6.64191, 27.77237, -2.8155],
			"to": [9.7105, 28.2027, -0.23354],
			"rotation": {"angle": 22.5, "axis": "x", "origin": [1.53429, 25.05934, -3.76164]},
			"faces": {
				"north": {"uv": [0, 0, 16, 1], "rotation": 180, "texture": "#0"},
				"east": {"uv": [0, 0, 1, 6], "rotation": 90, "texture": "#0"},
				"south": {"uv": [0, 0, 16, 1], "texture": "#0"},
				"west": {"uv": [0, 0, 1, 6], "rotation": 270, "texture": "#0"},
				"up": {"uv": [0, 0, 16, 6], "texture": "#0"},
				"down": {"uv": [0, 0, 16, 6], "rotation": 180, "texture": "#0"}
			}
		},
		{
			"from": [-6.64191, 27.16915, -4.26488],
			"to": [9.7105, 27.59948, -1.68292],
			"rotation": {"angle": 0, "axis": "y", "origin": [1.53429, 25.05934, -3.76164]},
			"faces": {
				"north": {"uv": [0, 0, 16, 1], "rotation": 180, "texture": "#0"},
				"east": {"uv": [0, 0, 1, 6], "rotation": 90, "texture": "#0"},
				"south": {"uv": [0, 0, 16, 1], "texture": "#0"},
				"west": {"uv": [0, 0, 1, 6], "rotation": 270, "texture": "#0"},
				"up": {"uv": [0, 0, 16, 6], "texture": "#0"},
				"down": {"uv": [0, 0, 16, 6], "rotation": 180, "texture": "#0"}
			}
		},
		{
			"from": [-6.64191, 14.64507, -2.6965],
			"to": [9.7105, 27.55487, -0.11454],
			"rotation": {"angle": -22.5, "axis": "x", "origin": [1.53429, 17.18916, -2.19338]},
			"faces": {
				"north": {"uv": [0, 0, 16, 16], "rotation": 180, "texture": "#0"},
				"east": {"uv": [1, 15, 2, 16], "rotation": 180, "texture": "#0"},
				"south": {"uv": [0, 0, 16, 16], "texture": "#0"},
				"west": {"uv": [1, 15, 2, 16], "texture": "#0"},
				"up": {"uv": [0, 6, 16, 12], "texture": "#0"},
				"down": {"uv": [0, 6, 16, 12], "rotation": 180, "texture": "#0"}
			}
		},
		{
			"from": [-6.64191, 18.13448, -11.95908],
			"to": [9.7105, 20.71644, 0.95071],
			"rotation": {"angle": 45, "axis": "x", "origin": [1.53429, 17.18916, -2.19338]},
			"faces": {
				"north": {"uv": [0, 0, 16, 6], "texture": "#0"},
				"east": {"uv": [1, 15, 2, 16], "rotation": 180, "texture": "#0"},
				"south": {"uv": [0, 0, 16, 6], "texture": "#0"},
				"west": {"uv": [1, 15, 2, 16], "texture": "#0"},
				"up": {"uv": [0, 0, 16, 16], "rotation": 180, "texture": "#0"},
				"down": {"uv": [0, 0, 16, 16], "rotation": 180, "texture": "#0"}
			}
		},
		{
			"from": [-6.64191, 19.83327, -9.40552],
			"to": [9.7105, 22.41523, 3.50428],
			"rotation": {"angle": 0, "axis": "y", "origin": [1.53429, 17.18916, -2.19338]},
			"faces": {
				"north": {"uv": [0, 0, 16, 6], "texture": "#0"},
				"east": {"uv": [1, 15, 2, 16], "rotation": 180, "texture": "#0"},
				"south": {"uv": [0, 0, 16, 6], "texture": "#0"},
				"west": {"uv": [1, 15, 2, 16], "texture": "#0"},
				"up": {"uv": [0, 0, 16, 16], "rotation": 180, "texture": "#0"},
				"down": {"uv": [0, 0, 16, 16], "rotation": 180, "texture": "#0"}
			}
		},
		{
			"from": [-6.64191, 19.83484, -7.89246],
			"to": [9.7105, 22.4168, -7.46214],
			"rotation": {"angle": -22.5, "axis": "x", "origin": [1.53429, 17.18916, -2.19338]},
			"faces": {
				"north": {"uv": [0, 0, 16, 6], "rotation": 180, "texture": "#0"},
				"east": {"uv": [1, 6, 2, 12], "texture": "#0"},
				"south": {"uv": [0, 0, 16, 6], "rotation": 180, "texture": "#0"},
				"west": {"uv": [1, 6, 2, 12], "texture": "#0"},
				"up": {"uv": [0, 1, 16, 2], "rotation": 180, "texture": "#0"},
				"down": {"uv": [0, 1, 16, 2], "rotation": 180, "texture": "#0"}
			}
		},
		{
			"from": [-6.64191, 19.23272, -10.85],
			"to": [9.7105, 21.81468, 2.0598],
			"rotation": {"angle": 22.5, "axis": "x", "origin": [1.53429, 17.18916, -2.19338]},
			"faces": {
				"north": {"uv": [0, 0, 16, 6], "texture": "#0"},
				"east": {"uv": [1, 15, 2, 16], "rotation": 180, "texture": "#0"},
				"south": {"uv": [0, 0, 16, 6], "texture": "#0"},
				"west": {"uv": [1, 15, 2, 16], "texture": "#0"},
				"up": {"uv": [0, 0, 16, 16], "rotation": 180, "texture": "#0"},
				"down": {"uv": [0, 0, 16, 16], "rotation": 180, "texture": "#0"}
			}
		},
		{
			"from": [-6.64191, 12.93822, -6.82031],
			"to": [9.7105, 25.84802, -4.23835],
			"rotation": {"angle": 45, "axis": "x", "origin": [1.53429, 17.18916, -2.19338]},
			"faces": {
				"north": {"uv": [0, 0, 16, 16], "rotation": 180, "texture": "#0"},
				"east": {"uv": [1, 15, 2, 16], "rotation": 180, "texture": "#0"},
				"south": {"uv": [0, 0, 16, 16], "texture": "#0"},
				"west": {"uv": [1, 15, 2, 16], "texture": "#0"},
				"up": {"uv": [0, 6, 16, 12], "texture": "#0"},
				"down": {"uv": [0, 6, 16, 12], "rotation": 180, "texture": "#0"}
			}
		},
		{
			"from": [-6.64191, 14.64901, -4.2721],
			"to": [9.7105, 27.55881, -1.69014],
			"rotation": {"angle": 0, "axis": "y", "origin": [1.53429, 17.18916, -2.19338]},
			"faces": {
				"north": {"uv": [0, 0, 16, 16], "rotation": 180, "texture": "#0"},
				"east": {"uv": [1, 15, 2, 16], "rotation": 180, "texture": "#0"},
				"south": {"uv": [0, 0, 16, 16], "texture": "#0"},
				"west": {"uv": [1, 15, 2, 16], "texture": "#0"},
				"up": {"uv": [0, 6, 16, 12], "texture": "#0"},
				"down": {"uv": [0, 6, 16, 12], "rotation": 180, "texture": "#0"}
			}
		},
		{
			"from": [-6.64191, 14.0458, -5.72148],
			"to": [9.7105, 26.9556, -3.13952],
			"rotation": {"angle": 22.5, "axis": "x", "origin": [1.53429, 17.18916, -2.19338]},
			"faces": {
				"north": {"uv": [0, 0, 16, 16], "rotation": 180, "texture": "#0"},
				"east": {"uv": [1, 15, 2, 16], "rotation": 180, "texture": "#0"},
				"south": {"uv": [0, 0, 16, 16], "texture": "#0"},
				"west": {"uv": [1, 15, 2, 16], "texture": "#0"},
				"up": {"uv": [0, 6, 16, 12], "texture": "#0"},
				"down": {"uv": [0, 6, 16, 12], "rotation": 180, "texture": "#0"}
			}
		},
		{
			"from": [-7.84123, 21.90204, -3.89802],
			"to": [-7.41951, 22.75408, -2.63286],
			"rotation": {"angle": 0, "axis": "y", "origin": [-7.63037, 21.22129, -3.26485]},
			"faces": {
				"north": {"uv": [0, 0, 1, 1], "texture": "#2"},
				"east": {"uv": [0, 0, 3, 1], "texture": "#2"},
				"south": {"uv": [0, 0, 1, 1], "texture": "#2"},
				"west": {"uv": [0, 0, 3, 1], "texture": "#2"},
				"up": {"uv": [0, 0, 1, 3], "texture": "#2"},
				"down": {"uv": [0, 0, 1, 3], "texture": "#2"}
			}
		},
		{
			"from": [-7.84123, 20.59116, -2.58606],
			"to": [-7.41951, 21.85632, -1.73401],
			"rotation": {"angle": -45, "axis": "x", "origin": [-7.63037, 21.22129, -3.26485]},
			"faces": {
				"north": {"uv": [0, 0, 1, 3], "rotation": 180, "texture": "#2"},
				"east": {"uv": [0, 0, 3, 1], "rotation": 270, "texture": "#2"},
				"south": {"uv": [0, 0, 1, 3], "texture": "#2"},
				"west": {"uv": [0, 0, 3, 1], "rotation": 90, "texture": "#2"},
				"up": {"uv": [0, 0, 1, 1], "rotation": 180, "texture": "#2"},
				"down": {"uv": [0, 0, 1, 1], "texture": "#2"}
			}
		},
		{
			"from": [-7.84123, 20.59194, -2.58674],
			"to": [-7.41951, 21.8571, -1.7347],
			"rotation": {"angle": 0, "axis": "y", "origin": [-7.63037, 21.22129, -3.26485]},
			"faces": {
				"north": {"uv": [0, 0, 1, 3], "rotation": 180, "texture": "#2"},
				"east": {"uv": [0, 0, 3, 1], "rotation": 270, "texture": "#2"},
				"south": {"uv": [0, 0, 1, 3], "texture": "#2"},
				"west": {"uv": [0, 0, 3, 1], "rotation": 90, "texture": "#2"},
				"up": {"uv": [0, 0, 1, 1], "rotation": 180, "texture": "#2"},
				"down": {"uv": [0, 0, 1, 1], "texture": "#2"}
			}
		},
		{
			"from": [-7.84123, 20.58744, -2.58606],
			"to": [-7.41951, 21.8526, -1.73401],
			"rotation": {"angle": 45, "axis": "x", "origin": [-7.63037, 21.22129, -3.26485]},
			"faces": {
				"north": {"uv": [0, 0, 1, 3], "rotation": 180, "texture": "#2"},
				"east": {"uv": [0, 0, 3, 1], "rotation": 270, "texture": "#2"},
				"south": {"uv": [0, 0, 1, 3], "texture": "#2"},
				"west": {"uv": [0, 0, 3, 1], "rotation": 90, "texture": "#2"},
				"up": {"uv": [0, 0, 1, 1], "rotation": 180, "texture": "#2"},
				"down": {"uv": [0, 0, 1, 1], "texture": "#2"}
			}
		},
		{
			"from": [-7.84123, 21.90009, -3.89616],
			"to": [-7.41951, 22.75213, -2.631],
			"rotation": {"angle": -45, "axis": "x", "origin": [-7.63037, 21.22129, -3.26485]},
			"faces": {
				"north": {"uv": [0, 0, 1, 1], "texture": "#2"},
				"east": {"uv": [0, 0, 3, 1], "texture": "#2"},
				"south": {"uv": [0, 0, 1, 1], "texture": "#2"},
				"west": {"uv": [0, 0, 3, 1], "texture": "#2"},
				"up": {"uv": [0, 0, 1, 3], "texture": "#2"},
				"down": {"uv": [0, 0, 1, 3], "texture": "#2"}
			}
		},
		{
			"from": [-7.84123, 20.58549, -4.79501],
			"to": [-7.41951, 21.85065, -3.94296],
			"rotation": {"angle": 0, "axis": "y", "origin": [-7.63037, 21.22129, -3.26485]},
			"faces": {
				"north": {"uv": [0, 0, 1, 3], "rotation": 180, "texture": "#2"},
				"east": {"uv": [0, 0, 3, 1], "rotation": 90, "texture": "#2"},
				"south": {"uv": [0, 0, 1, 3], "texture": "#2"},
				"west": {"uv": [0, 0, 3, 1], "rotation": 270, "texture": "#2"},
				"up": {"uv": [0, 0, 1, 1], "texture": "#2"},
				"down": {"uv": [0, 0, 1, 1], "rotation": 180, "texture": "#2"}
			}
		},
		{
			"from": [-7.84123, 19.69045, -3.89498],
			"to": [-7.41951, 20.5425, -2.62982],
			"rotation": {"angle": 45, "axis": "x", "origin": [-7.63037, 21.22129, -3.26485]},
			"faces": {
				"north": {"uv": [0, 0, 1, 1], "rotation": 180, "texture": "#2"},
				"east": {"uv": [0, 0, 3, 1], "rotation": 180, "texture": "#2"},
				"south": {"uv": [0, 0, 1, 1], "rotation": 180, "texture": "#2"},
				"west": {"uv": [0, 0, 3, 1], "rotation": 180, "texture": "#2"},
				"up": {"uv": [0, 0, 1, 3], "texture": "#2"},
				"down": {"uv": [0, 0, 1, 3], "texture": "#2"}
			}
		},
		{
			"from": [-7.84123, 19.6885, -3.89684],
			"to": [-7.41951, 20.54055, -2.63168],
			"rotation": {"angle": 0, "axis": "y", "origin": [-7.63037, 21.22129, -3.26485]},
			"faces": {
				"north": {"uv": [0, 0, 1, 1], "rotation": 180, "texture": "#2"},
				"east": {"uv": [0, 0, 3, 1], "rotation": 180, "texture": "#2"},
				"south": {"uv": [0, 0, 1, 1], "rotation": 180, "texture": "#2"},
				"west": {"uv": [0, 0, 3, 1], "rotation": 180, "texture": "#2"},
				"up": {"uv": [0, 0, 1, 3], "texture": "#2"},
				"down": {"uv": [0, 0, 1, 3], "texture": "#2"}
			}
		},
		{
			"from": [-11.10128, -2.22233, -2.92001],
			"to": [-10.67956, -1.37029, -1.65485],
			"rotation": {"angle": 0, "axis": "y", "origin": [-10.89042, -2.90308, -2.28684]},
			"faces": {
				"north": {"uv": [0, 0, 1, 1], "texture": "#2"},
				"east": {"uv": [0, 0, 3, 1], "texture": "#2"},
				"south": {"uv": [0, 0, 1, 1], "texture": "#2"},
				"west": {"uv": [0, 0, 3, 1], "texture": "#2"},
				"up": {"uv": [0, 0, 1, 3], "texture": "#2"},
				"down": {"uv": [0, 0, 1, 3], "texture": "#2"}
			}
		},
		{
			"from": [13.6751, -2.22233, -2.92001],
			"to": [14.09682, -1.37029, -1.65485],
			"rotation": {"angle": 0, "axis": "y", "origin": [-10.89042, -2.90308, -2.28684]},
			"faces": {
				"north": {"uv": [0, 0, 1, 1], "texture": "#2"},
				"east": {"uv": [0, 0, 3, 1], "texture": "#2"},
				"south": {"uv": [0, 0, 1, 1], "texture": "#2"},
				"west": {"uv": [0, 0, 3, 1], "texture": "#2"},
				"up": {"uv": [0, 0, 1, 3], "texture": "#2"},
				"down": {"uv": [0, 0, 1, 3], "texture": "#2"}
			}
		},
		{
			"from": [-11.10128, -3.53321, -1.60804],
			"to": [-10.67956, -2.26805, -0.75599],
			"rotation": {"angle": -45, "axis": "x", "origin": [-10.89042, -2.90308, -2.28684]},
			"faces": {
				"north": {"uv": [0, 0, 1, 3], "rotation": 180, "texture": "#2"},
				"east": {"uv": [0, 0, 3, 1], "rotation": 270, "texture": "#2"},
				"south": {"uv": [0, 0, 1, 3], "texture": "#2"},
				"west": {"uv": [0, 0, 3, 1], "rotation": 90, "texture": "#2"},
				"up": {"uv": [0, 0, 1, 1], "rotation": 180, "texture": "#2"},
				"down": {"uv": [0, 0, 1, 1], "texture": "#2"}
			}
		},
		{
			"from": [-11.10128, -3.53243, -1.60873],
			"to": [-10.67956, -2.26727, -0.75668],
			"rotation": {"angle": 0, "axis": "y", "origin": [-10.89042, -2.90308, -2.28684]},
			"faces": {
				"north": {"uv": [0, 0, 1, 3], "rotation": 180, "texture": "#2"},
				"east": {"uv": [0, 0, 3, 1], "rotation": 270, "texture": "#2"},
				"south": {"uv": [0, 0, 1, 3], "texture": "#2"},
				"west": {"uv": [0, 0, 3, 1], "rotation": 90, "texture": "#2"},
				"up": {"uv": [0, 0, 1, 1], "rotation": 180, "texture": "#2"},
				"down": {"uv": [0, 0, 1, 1], "texture": "#2"}
			}
		},
		{
			"from": [-11.10128, -3.53693, -1.60804],
			"to": [-10.67956, -2.27177, -0.75599],
			"rotation": {"angle": 45, "axis": "x", "origin": [-10.89042, -2.90308, -2.28684]},
			"faces": {
				"north": {"uv": [0, 0, 1, 3], "rotation": 180, "texture": "#2"},
				"east": {"uv": [0, 0, 3, 1], "rotation": 270, "texture": "#2"},
				"south": {"uv": [0, 0, 1, 3], "texture": "#2"},
				"west": {"uv": [0, 0, 3, 1], "rotation": 90, "texture": "#2"},
				"up": {"uv": [0, 0, 1, 1], "rotation": 180, "texture": "#2"},
				"down": {"uv": [0, 0, 1, 1], "texture": "#2"}
			}
		},
		{
			"from": [-11.10128, -4.43587, -2.91883],
			"to": [-10.67956, -3.58382, -1.65367],
			"rotation": {"angle": 0, "axis": "y", "origin": [-10.89042, -2.90308, -2.28684]},
			"faces": {
				"north": {"uv": [0, 0, 1, 1], "rotation": 180, "texture": "#2"},
				"east": {"uv": [0, 0, 3, 1], "rotation": 180, "texture": "#2"},
				"south": {"uv": [0, 0, 1, 1], "rotation": 180, "texture": "#2"},
				"west": {"uv": [0, 0, 3, 1], "rotation": 180, "texture": "#2"},
				"up": {"uv": [0, 0, 1, 3], "texture": "#2"},
				"down": {"uv": [0, 0, 1, 3], "texture": "#2"}
			}
		},
		{
			"from": [-11.10128, -4.43392, -2.91696],
			"to": [-10.67956, -3.58187, -1.6518],
			"rotation": {"angle": 45, "axis": "x", "origin": [-10.89042, -2.90308, -2.28684]},
			"faces": {
				"north": {"uv": [0, 0, 1, 1], "rotation": 180, "texture": "#2"},
				"east": {"uv": [0, 0, 3, 1], "rotation": 180, "texture": "#2"},
				"south": {"uv": [0, 0, 1, 1], "rotation": 180, "texture": "#2"},
				"west": {"uv": [0, 0, 3, 1], "rotation": 180, "texture": "#2"},
				"up": {"uv": [0, 0, 1, 3], "texture": "#2"},
				"down": {"uv": [0, 0, 1, 3], "texture": "#2"}
			}
		},
		{
			"from": [-11.10128, -3.53888, -3.81699],
			"to": [-10.67956, -2.27372, -2.96495],
			"rotation": {"angle": 0, "axis": "y", "origin": [-10.89042, -2.90308, -2.28684]},
			"faces": {
				"north": {"uv": [0, 0, 1, 3], "rotation": 180, "texture": "#2"},
				"east": {"uv": [0, 0, 3, 1], "rotation": 90, "texture": "#2"},
				"south": {"uv": [0, 0, 1, 3], "texture": "#2"},
				"west": {"uv": [0, 0, 3, 1], "rotation": 270, "texture": "#2"},
				"up": {"uv": [0, 0, 1, 1], "texture": "#2"},
				"down": {"uv": [0, 0, 1, 1], "rotation": 180, "texture": "#2"}
			}
		},
		{
			"from": [-11.10128, -2.22428, -2.91814],
			"to": [-10.67956, -1.37224, -1.65298],
			"rotation": {"angle": -45, "axis": "x", "origin": [-10.89042, -2.90308, -2.28684]},
			"faces": {
				"north": {"uv": [0, 0, 1, 1], "texture": "#2"},
				"east": {"uv": [0, 0, 3, 1], "texture": "#2"},
				"south": {"uv": [0, 0, 1, 1], "texture": "#2"},
				"west": {"uv": [0, 0, 3, 1], "texture": "#2"},
				"up": {"uv": [0, 0, 1, 3], "texture": "#2"},
				"down": {"uv": [0, 0, 1, 3], "texture": "#2"}
			}
		},
		{
			"from": [13.6751, -3.53321, -1.60804],
			"to": [14.09682, -2.26805, -0.75599],
			"rotation": {"angle": -45, "axis": "x", "origin": [13.88596, -2.90308, -2.28684]},
			"faces": {
				"north": {"uv": [0, 0, 1, 3], "rotation": 180, "texture": "#2"},
				"east": {"uv": [0, 0, 3, 1], "rotation": 270, "texture": "#2"},
				"south": {"uv": [0, 0, 1, 3], "texture": "#2"},
				"west": {"uv": [0, 0, 3, 1], "rotation": 90, "texture": "#2"},
				"up": {"uv": [0, 0, 1, 1], "rotation": 180, "texture": "#2"},
				"down": {"uv": [0, 0, 1, 1], "texture": "#2"}
			}
		},
		{
			"from": [13.6751, -4.43392, -2.91696],
			"to": [14.09682, -3.58187, -1.6518],
			"rotation": {"angle": 45, "axis": "x", "origin": [13.88596, -2.90308, -2.28684]},
			"faces": {
				"north": {"uv": [0, 0, 1, 1], "rotation": 180, "texture": "#2"},
				"east": {"uv": [0, 0, 3, 1], "rotation": 180, "texture": "#2"},
				"south": {"uv": [0, 0, 1, 1], "rotation": 180, "texture": "#2"},
				"west": {"uv": [0, 0, 3, 1], "rotation": 180, "texture": "#2"},
				"up": {"uv": [0, 0, 1, 3], "texture": "#2"},
				"down": {"uv": [0, 0, 1, 3], "texture": "#2"}
			}
		},
		{
			"from": [13.6751, -3.53888, -3.81699],
			"to": [14.09682, -2.27372, -2.96495],
			"rotation": {"angle": 0, "axis": "y", "origin": [13.88596, -2.90308, -2.28684]},
			"faces": {
				"north": {"uv": [0, 0, 1, 3], "rotation": 180, "texture": "#2"},
				"east": {"uv": [0, 0, 3, 1], "rotation": 90, "texture": "#2"},
				"south": {"uv": [0, 0, 1, 3], "texture": "#2"},
				"west": {"uv": [0, 0, 3, 1], "rotation": 270, "texture": "#2"},
				"up": {"uv": [0, 0, 1, 1], "texture": "#2"},
				"down": {"uv": [0, 0, 1, 1], "rotation": 180, "texture": "#2"}
			}
		},
		{
			"from": [13.6751, -2.22428, -2.91814],
			"to": [14.09682, -1.37224, -1.65298],
			"rotation": {"angle": -45, "axis": "x", "origin": [13.88596, -2.90308, -2.28684]},
			"faces": {
				"north": {"uv": [0, 0, 1, 1], "texture": "#2"},
				"east": {"uv": [0, 0, 3, 1], "texture": "#2"},
				"south": {"uv": [0, 0, 1, 1], "texture": "#2"},
				"west": {"uv": [0, 0, 3, 1], "texture": "#2"},
				"up": {"uv": [0, 0, 1, 3], "texture": "#2"},
				"down": {"uv": [0, 0, 1, 3], "texture": "#2"}
			}
		},
		{
			"from": [13.6751, -4.43587, -2.91883],
			"to": [14.09682, -3.58382, -1.65367],
			"rotation": {"angle": 0, "axis": "y", "origin": [13.88596, -2.90308, -2.28684]},
			"faces": {
				"north": {"uv": [0, 0, 1, 1], "rotation": 180, "texture": "#2"},
				"east": {"uv": [0, 0, 3, 1], "rotation": 180, "texture": "#2"},
				"south": {"uv": [0, 0, 1, 1], "rotation": 180, "texture": "#2"},
				"west": {"uv": [0, 0, 3, 1], "rotation": 180, "texture": "#2"},
				"up": {"uv": [0, 0, 1, 3], "texture": "#2"},
				"down": {"uv": [0, 0, 1, 3], "texture": "#2"}
			}
		},
		{
			"from": [13.6751, -3.53693, -1.60804],
			"to": [14.09682, -2.27177, -0.75599],
			"rotation": {"angle": 45, "axis": "x", "origin": [13.88596, -2.90308, -2.28684]},
			"faces": {
				"north": {"uv": [0, 0, 1, 3], "rotation": 180, "texture": "#2"},
				"east": {"uv": [0, 0, 3, 1], "rotation": 270, "texture": "#2"},
				"south": {"uv": [0, 0, 1, 3], "texture": "#2"},
				"west": {"uv": [0, 0, 3, 1], "rotation": 90, "texture": "#2"},
				"up": {"uv": [0, 0, 1, 1], "rotation": 180, "texture": "#2"},
				"down": {"uv": [0, 0, 1, 1], "texture": "#2"}
			}
		},
		{
			"from": [13.6751, -3.53243, -1.60873],
			"to": [14.09682, -2.26727, -0.75668],
			"rotation": {"angle": 0, "axis": "y", "origin": [13.88596, -2.90308, -2.28684]},
			"faces": {
				"north": {"uv": [0, 0, 1, 3], "rotation": 180, "texture": "#2"},
				"east": {"uv": [0, 0, 3, 1], "rotation": 270, "texture": "#2"},
				"south": {"uv": [0, 0, 1, 3], "texture": "#2"},
				"west": {"uv": [0, 0, 3, 1], "rotation": 90, "texture": "#2"},
				"up": {"uv": [0, 0, 1, 1], "rotation": 180, "texture": "#2"},
				"down": {"uv": [0, 0, 1, 1], "texture": "#2"}
			}
		},
		{
			"from": [-8.00175, 20.04112, -3.46113],
			"to": [-7.30462, 22.34164, -2.99637],
			"rotation": {"angle": 0, "axis": "y", "origin": [-12.30071, 18.64686, 7.78791]},
			"faces": {
				"north": {"uv": [0, 0, 1, 1], "rotation": 180, "texture": "#1"},
				"east": {"uv": [0, 0, 1, 1], "rotation": 270, "texture": "#1"},
				"south": {"uv": [0, 0, 1, 1], "texture": "#1"},
				"west": {"uv": [0, 0, 1, 1], "rotation": 90, "texture": "#1"},
				"up": {"uv": [0, 0, 1, 1], "rotation": 180, "texture": "#1"},
				"down": {"uv": [0, 0, 1, 1], "texture": "#1"}
			}
		},
		{
			"from": [-8.00175, 20.05836, -3.37395],
			"to": [-7.30462, 22.35889, -2.9092],
			"rotation": {"angle": -22.5, "axis": "x", "origin": [-7.65318, 20.98787, -3.14157]},
			"faces": {
				"north": {"uv": [0, 0, 1, 1], "rotation": 180, "texture": "#1"},
				"east": {"uv": [0, 0, 1, 1], "rotation": 270, "texture": "#1"},
				"south": {"uv": [0, 0, 1, 1], "texture": "#1"},
				"west": {"uv": [0, 0, 1, 1], "rotation": 90, "texture": "#1"},
				"up": {"uv": [0, 0, 1, 1], "rotation": 180, "texture": "#1"},
				"down": {"uv": [0, 0, 1, 1], "texture": "#1"}
			}
		},
		{
			"from": [-8.00175, 20.04112, -3.46113],
			"to": [-7.30462, 22.34164, -2.99637],
			"rotation": {"angle": -45, "axis": "x", "origin": [-7.65318, 21.1916, -3.2274]},
			"faces": {
				"north": {"uv": [0, 0, 1, 1], "rotation": 180, "texture": "#1"},
				"east": {"uv": [0, 0, 1, 1], "rotation": 270, "texture": "#1"},
				"south": {"uv": [0, 0, 1, 1], "texture": "#1"},
				"west": {"uv": [0, 0, 1, 1], "rotation": 90, "texture": "#1"},
				"up": {"uv": [0, 0, 1, 1], "rotation": 180, "texture": "#1"},
				"down": {"uv": [0, 0, 1, 1], "texture": "#1"}
			}
		},
		{
			"from": [-8.00175, 20.96056, -4.37735],
			"to": [-7.30462, 21.42531, -2.07683],
			"rotation": {"angle": 22.5, "axis": "x", "origin": [-7.65318, 21.1916, -3.2274]},
			"faces": {
				"north": {"uv": [0, 0, 1, 1], "texture": "#1"},
				"east": {"uv": [0, 0, 1, 1], "texture": "#1"},
				"south": {"uv": [0, 0, 1, 1], "texture": "#1"},
				"west": {"uv": [0, 0, 1, 1], "texture": "#1"},
				"up": {"uv": [0, 0, 1, 1], "texture": "#1"},
				"down": {"uv": [0, 0, 1, 1], "texture": "#1"}
			}
		},
		{
			"from": [-8.00175, 20.96056, -4.37735],
			"to": [-7.30462, 21.42531, -2.07683],
			"rotation": {"angle": -22.5, "axis": "x", "origin": [-7.65318, 21.1916, -3.2274]},
			"faces": {
				"north": {"uv": [0, 0, 1, 1], "texture": "#1"},
				"east": {"uv": [0, 0, 1, 1], "texture": "#1"},
				"south": {"uv": [0, 0, 1, 1], "texture": "#1"},
				"west": {"uv": [0, 0, 1, 1], "texture": "#1"},
				"up": {"uv": [0, 0, 1, 1], "texture": "#1"},
				"down": {"uv": [0, 0, 1, 1], "texture": "#1"}
			}
		},
		{
			"from": [-8.00175, 20.95788, -4.37744],
			"to": [-7.30462, 21.42263, -2.07692],
			"rotation": {"angle": 0, "axis": "y", "origin": [-7.65318, 21.1916, -3.2274]},
			"faces": {
				"north": {"uv": [0, 0, 1, 1], "texture": "#1"},
				"east": {"uv": [0, 0, 1, 1], "texture": "#1"},
				"south": {"uv": [0, 0, 1, 1], "texture": "#1"},
				"west": {"uv": [0, 0, 1, 1], "texture": "#1"},
				"up": {"uv": [0, 0, 1, 1], "texture": "#1"},
				"down": {"uv": [0, 0, 1, 1], "texture": "#1"}
			}
		},
		{
			"from": [-8.00175, 20.95788, -4.37744],
			"to": [-7.30462, 21.42263, -2.07692],
			"rotation": {"angle": -45, "axis": "x", "origin": [-7.65318, 21.1916, -3.2274]},
			"faces": {
				"north": {"uv": [0, 0, 1, 1], "texture": "#1"},
				"east": {"uv": [0, 0, 1, 1], "texture": "#1"},
				"south": {"uv": [0, 0, 1, 1], "texture": "#1"},
				"west": {"uv": [0, 0, 1, 1], "texture": "#1"},
				"up": {"uv": [0, 0, 1, 1], "texture": "#1"},
				"down": {"uv": [0, 0, 1, 1], "texture": "#1"}
			}
		},
		{
			"from": [-8.00175, 20.04165, -3.46111],
			"to": [-7.30462, 22.34218, -2.99636],
			"rotation": {"angle": 22.5, "axis": "x", "origin": [-7.65318, 21.1916, -3.2274]},
			"faces": {
				"north": {"uv": [0, 0, 1, 1], "rotation": 180, "texture": "#1"},
				"east": {"uv": [0, 0, 1, 1], "rotation": 90, "texture": "#1"},
				"south": {"uv": [0, 0, 1, 1], "texture": "#1"},
				"west": {"uv": [0, 0, 1, 1], "rotation": 270, "texture": "#1"},
				"up": {"uv": [0, 0, 1, 1], "texture": "#1"},
				"down": {"uv": [0, 0, 1, 1], "rotation": 180, "texture": "#1"}
			}
		},
		{
			"from": [-7.71773, 19.09301, -3.49879],
			"to": [-6.42675, 23.35325, -2.63813],
			"rotation": {"angle": -22.5, "axis": "x", "origin": [-7.07224, 20.81432, -3.06846]},
			"faces": {
				"north": {"uv": [0, 0, 1, 1], "rotation": 180, "texture": "#1"},
				"east": {"uv": [0, 0, 1, 1], "rotation": 270, "texture": "#1"},
				"south": {"uv": [0, 0, 1, 1], "texture": "#1"},
				"west": {"uv": [0, 0, 1, 1], "rotation": 90, "texture": "#1"},
				"up": {"uv": [0, 0, 1, 1], "rotation": 180, "texture": "#1"},
				"down": {"uv": [0, 0, 1, 1], "texture": "#1"}
			}
		},
		{
			"from": [-7.71773, 19.06108, -3.66023],
			"to": [-6.42675, 23.32131, -2.79957],
			"rotation": {"angle": -45, "axis": "x", "origin": [-7.07224, 21.1916, -3.2274]},
			"faces": {
				"north": {"uv": [0, 0, 1, 1], "rotation": 180, "texture": "#1"},
				"east": {"uv": [0, 0, 1, 1], "rotation": 270, "texture": "#1"},
				"south": {"uv": [0, 0, 1, 1], "texture": "#1"},
				"west": {"uv": [0, 0, 1, 1], "rotation": 90, "texture": "#1"},
				"up": {"uv": [0, 0, 1, 1], "rotation": 180, "texture": "#1"},
				"down": {"uv": [0, 0, 1, 1], "texture": "#1"}
			}
		},
		{
			"from": [-7.71773, 20.76374, -5.35694],
			"to": [-6.42675, 21.62439, -1.09671],
			"rotation": {"angle": 22.5, "axis": "x", "origin": [-7.07224, 21.1916, -3.2274]},
			"faces": {
				"north": {"uv": [0, 0, 1, 1], "texture": "#1"},
				"east": {"uv": [0, 0, 1, 1], "texture": "#1"},
				"south": {"uv": [0, 0, 1, 1], "texture": "#1"},
				"west": {"uv": [0, 0, 1, 1], "texture": "#1"},
				"up": {"uv": [0, 0, 1, 1], "texture": "#1"},
				"down": {"uv": [0, 0, 1, 1], "texture": "#1"}
			}
		},
		{
			"from": [-7.71773, 20.75878, -5.35711],
			"to": [-6.42675, 21.61943, -1.09688],
			"rotation": {"angle": 0, "axis": "y", "origin": [-7.07224, 21.1916, -3.2274]},
			"faces": {
				"north": {"uv": [0, 0, 1, 1], "texture": "#1"},
				"east": {"uv": [0, 0, 1, 1], "texture": "#1"},
				"south": {"uv": [0, 0, 1, 1], "texture": "#1"},
				"west": {"uv": [0, 0, 1, 1], "texture": "#1"},
				"up": {"uv": [0, 0, 1, 1], "texture": "#1"},
				"down": {"uv": [0, 0, 1, 1], "texture": "#1"}
			}
		},
		{
			"from": [-7.71773, 20.76374, -5.35694],
			"to": [-6.42675, 21.62439, -1.09671],
			"rotation": {"angle": -22.5, "axis": "x", "origin": [-7.07224, 21.1916, -3.2274]},
			"faces": {
				"north": {"uv": [0, 0, 1, 1], "texture": "#1"},
				"east": {"uv": [0, 0, 1, 1], "texture": "#1"},
				"south": {"uv": [0, 0, 1, 1], "texture": "#1"},
				"west": {"uv": [0, 0, 1, 1], "texture": "#1"},
				"up": {"uv": [0, 0, 1, 1], "texture": "#1"},
				"down": {"uv": [0, 0, 1, 1], "texture": "#1"}
			}
		},
		{
			"from": [-7.71773, 20.75878, -5.35711],
			"to": [-6.42675, 21.61943, -1.09688],
			"rotation": {"angle": -45, "axis": "x", "origin": [-7.07224, 21.1916, -3.2274]},
			"faces": {
				"north": {"uv": [0, 0, 1, 1], "texture": "#1"},
				"east": {"uv": [0, 0, 1, 1], "texture": "#1"},
				"south": {"uv": [0, 0, 1, 1], "texture": "#1"},
				"west": {"uv": [0, 0, 1, 1], "texture": "#1"},
				"up": {"uv": [0, 0, 1, 1], "texture": "#1"},
				"down": {"uv": [0, 0, 1, 1], "texture": "#1"}
			}
		},
		{
			"from": [-7.71773, 19.06206, -3.66019],
			"to": [-6.42675, 23.3223, -2.79954],
			"rotation": {"angle": 22.5, "axis": "x", "origin": [-7.07224, 21.1916, -3.2274]},
			"faces": {
				"north": {"uv": [0, 0, 1, 1], "rotation": 180, "texture": "#1"},
				"east": {"uv": [0, 0, 1, 1], "rotation": 90, "texture": "#1"},
				"south": {"uv": [0, 0, 1, 1], "texture": "#1"},
				"west": {"uv": [0, 0, 1, 1], "rotation": 270, "texture": "#1"},
				"up": {"uv": [0, 0, 1, 1], "texture": "#1"},
				"down": {"uv": [0, 0, 1, 1], "rotation": 180, "texture": "#1"}
			}
		},
		{
			"from": [-7.71773, 19.06108, -3.66023],
			"to": [-6.42675, 23.32131, -2.79957],
			"rotation": {"angle": 0, "axis": "y", "origin": [-15.67877, 16.47912, 17.17132]},
			"faces": {
				"north": {"uv": [0, 0, 1, 1], "rotation": 180, "texture": "#1"},
				"east": {"uv": [0, 0, 1, 1], "rotation": 270, "texture": "#1"},
				"south": {"uv": [0, 0, 1, 1], "texture": "#1"},
				"west": {"uv": [0, 0, 1, 1], "rotation": 90, "texture": "#1"},
				"up": {"uv": [0, 0, 1, 1], "rotation": 180, "texture": "#1"},
				"down": {"uv": [0, 0, 1, 1], "texture": "#1"}
			}
		},
		{
			"from": [9.49533, 19.09301, -3.49879],
			"to": [10.78631, 23.35325, -2.63813],
			"rotation": {"angle": -22.5, "axis": "x", "origin": [10.14082, 20.81432, -3.06846]},
			"faces": {
				"north": {"uv": [0, 0, 1, 1], "rotation": 180, "texture": "#1"},
				"east": {"uv": [0, 0, 1, 1], "rotation": 270, "texture": "#1"},
				"south": {"uv": [0, 0, 1, 1], "texture": "#1"},
				"west": {"uv": [0, 0, 1, 1], "rotation": 90, "texture": "#1"},
				"up": {"uv": [0, 0, 1, 1], "rotation": 180, "texture": "#1"},
				"down": {"uv": [0, 0, 1, 1], "texture": "#1"}
			}
		},
		{
			"from": [9.49533, 19.06108, -3.66023],
			"to": [10.78631, 23.32131, -2.79957],
			"rotation": {"angle": 0, "axis": "y", "origin": [1.53429, 16.47912, 17.17132]},
			"faces": {
				"north": {"uv": [0, 0, 1, 1], "rotation": 180, "texture": "#1"},
				"east": {"uv": [0, 0, 1, 1], "rotation": 270, "texture": "#1"},
				"south": {"uv": [0, 0, 1, 1], "texture": "#1"},
				"west": {"uv": [0, 0, 1, 1], "rotation": 90, "texture": "#1"},
				"up": {"uv": [0, 0, 1, 1], "rotation": 180, "texture": "#1"},
				"down": {"uv": [0, 0, 1, 1], "texture": "#1"}
			}
		},
		{
			"from": [-7.59385, 13.87816, -4.60966],
			"to": [9.81482, 19.38764, -2.00162],
			"rotation": {"angle": 0, "axis": "y", "origin": [1.53429, 14.37124, 11.17181]},
			"faces": {
				"north": {"uv": [3, 8, 5, 10], "rotation": 180, "texture": "#1"},
				"east": {"uv": [3, 8, 13, 10], "rotation": 270, "texture": "#1"},
				"south": {"uv": [3, 8, 13, 10], "texture": "#1"},
				"west": {"uv": [3, 8, 13, 10], "rotation": 90, "texture": "#1"},
				"up": {"uv": [3, 8, 13, 10], "rotation": 180, "texture": "#1"},
				"down": {"uv": [3, 8, 13, 10], "texture": "#1"}
			}
		},
		{
			"from": [-11.60778, -11.55023, -2.97963],
			"to": [-10.8213, -3.1067, -0.37159],
			"rotation": {"angle": -45, "axis": "x", "origin": [3.71852, -4.06842, -2.97963]},
			"faces": {
				"north": {"uv": [3, 8, 4, 9], "rotation": 180, "texture": "#1"},
				"east": {"uv": [3, 8, 4, 9], "rotation": 270, "texture": "#1"},
				"south": {"uv": [3, 8, 4, 9], "texture": "#1"},
				"west": {"uv": [3, 8, 4, 9], "rotation": 90, "texture": "#1"},
				"up": {"uv": [3, 8, 4, 9], "rotation": 180, "texture": "#1"},
				"down": {"uv": [3, 8, 4, 9], "texture": "#1"}
			}
		},
		{
			"from": [-11.60371, -3.35357, -3.65493],
			"to": [-10.8213, -2.40815, -2.67692],
			"rotation": {"angle": 0, "axis": "y", "origin": [-11.2125, -3.49212, -2.86437]},
			"faces": {
				"north": {"uv": [3, 8, 4, 9], "rotation": 180, "texture": "#1"},
				"east": {"uv": [3, 8, 4, 9], "rotation": 270, "texture": "#1"},
				"south": {"uv": [3, 8, 4, 9], "texture": "#1"},
				"west": {"uv": [3, 8, 4, 9], "rotation": 90, "texture": "#1"},
				"up": {"uv": [3, 8, 4, 9], "rotation": 180, "texture": "#1"},
				"down": {"uv": [3, 8, 4, 9], "texture": "#1"}
			}
		},
		{
			"from": [-11.60371, -2.49373, -2.79509],
			"to": [-10.8213, -1.54831, -1.81708],
			"rotation": {"angle": 0, "axis": "y", "origin": [-11.2125, -3.49212, -2.86437]},
			"faces": {
				"north": {"uv": [3, 8, 4, 9], "rotation": 180, "texture": "#1"},
				"east": {"uv": [3, 8, 4, 9], "rotation": 270, "texture": "#1"},
				"south": {"uv": [3, 8, 4, 9], "texture": "#1"},
				"west": {"uv": [3, 8, 4, 9], "rotation": 90, "texture": "#1"},
				"up": {"uv": [3, 8, 4, 9], "rotation": 180, "texture": "#1"},
				"down": {"uv": [3, 8, 4, 9], "texture": "#1"}
			}
		},
		{
			"from": [-11.60778, -2.78713, -2.65654],
			"to": [-10.8213, -2.1718, -1.42995],
			"rotation": {"angle": -45, "axis": "x", "origin": [-11.2125, -3.49212, -2.86437]},
			"faces": {
				"north": {"uv": [3, 8, 4, 9], "rotation": 180, "texture": "#1"},
				"east": {"uv": [3, 8, 4, 9], "rotation": 270, "texture": "#1"},
				"south": {"uv": [3, 8, 4, 9], "texture": "#1"},
				"west": {"uv": [3, 8, 4, 9], "rotation": 90, "texture": "#1"},
				"up": {"uv": [3, 8, 4, 9], "rotation": 180, "texture": "#1"},
				"down": {"uv": [3, 8, 4, 9], "texture": "#1"}
			}
		},
		{
			"from": [13.88581, -2.73416, -2.65654],
			"to": [14.67229, -2.1718, -1.42995],
			"rotation": {"angle": -45, "axis": "x", "origin": [3.19692, -3.49212, -2.86437]},
			"faces": {
				"north": {"uv": [3, 8, 4, 9], "rotation": 180, "texture": "#1"},
				"east": {"uv": [3, 8, 4, 9], "rotation": 270, "texture": "#1"},
				"south": {"uv": [3, 8, 4, 9], "texture": "#1"},
				"west": {"uv": [3, 8, 4, 9], "rotation": 90, "texture": "#1"},
				"up": {"uv": [3, 8, 4, 9], "rotation": 180, "texture": "#1"},
				"down": {"uv": [3, 8, 4, 9], "texture": "#1"}
			}
		},
		{
			"from": [-11.21658, -11.87624, -3.30564],
			"to": [14.34629, -10.93082, -0.04559],
			"rotation": {"angle": -45, "axis": "x", "origin": [29.21212, -4.06842, -2.97963]},
			"faces": {
				"north": {"uv": [3, 8, 4, 9], "rotation": 180, "texture": "#1"},
				"east": {"uv": [3, 8, 4, 9], "rotation": 270, "texture": "#1"},
				"south": {"uv": [3, 8, 4, 9], "texture": "#1"},
				"west": {"uv": [3, 8, 4, 9], "rotation": 90, "texture": "#1"},
				"up": {"uv": [3, 8, 4, 9], "rotation": 180, "texture": "#1"},
				"down": {"uv": [3, 8, 4, 9], "texture": "#1"}
			}
		},
		{
			"from": [13.88581, -11.55023, -2.97963],
			"to": [14.67229, -3.1067, -0.37159],
			"rotation": {"angle": -45, "axis": "x", "origin": [29.21212, -4.06842, -2.97963]},
			"faces": {
				"north": {"uv": [3, 8, 4, 9], "rotation": 180, "texture": "#1"},
				"east": {"uv": [3, 8, 4, 9], "rotation": 270, "texture": "#1"},
				"south": {"uv": [3, 8, 4, 9], "texture": "#1"},
				"west": {"uv": [3, 8, 4, 9], "rotation": 90, "texture": "#1"},
				"up": {"uv": [3, 8, 4, 9], "rotation": 180, "texture": "#1"},
				"down": {"uv": [3, 8, 4, 9], "texture": "#1"}
			}
		},
		{
			"from": [13.88988, -3.35357, -3.65493],
			"to": [14.67229, -2.40815, -2.67692],
			"rotation": {"angle": 0, "axis": "y", "origin": [14.28109, -3.49212, -2.86437]},
			"faces": {
				"north": {"uv": [3, 8, 4, 9], "rotation": 180, "texture": "#1"},
				"east": {"uv": [3, 8, 4, 9], "rotation": 270, "texture": "#1"},
				"south": {"uv": [3, 8, 4, 9], "texture": "#1"},
				"west": {"uv": [3, 8, 4, 9], "rotation": 90, "texture": "#1"},
				"up": {"uv": [3, 8, 4, 9], "rotation": 180, "texture": "#1"},
				"down": {"uv": [3, 8, 4, 9], "texture": "#1"}
			}
		},
		{
			"from": [13.88988, -2.49373, -2.79509],
			"to": [14.67229, -1.54831, -1.81708],
			"rotation": {"angle": 0, "axis": "y", "origin": [14.28109, -3.49212, -2.86437]},
			"faces": {
				"north": {"uv": [3, 8, 4, 9], "rotation": 180, "texture": "#1"},
				"east": {"uv": [3, 8, 4, 9], "rotation": 270, "texture": "#1"},
				"south": {"uv": [3, 8, 4, 9], "texture": "#1"},
				"west": {"uv": [3, 8, 4, 9], "rotation": 90, "texture": "#1"},
				"up": {"uv": [3, 8, 4, 9], "rotation": 180, "texture": "#1"},
				"down": {"uv": [3, 8, 4, 9], "texture": "#1"}
			}
		},
		{
			"from": [-5.27921, 7.35806, -5.91368],
			"to": [8.3804, 12.90422, 1.25843],
			"rotation": {"angle": 0, "axis": "y", "origin": [1.53429, 14.37124, 11.17181]},
			"faces": {
				"north": {"uv": [0, 0, 7, 2], "rotation": 180, "texture": "#1"},
				"east": {"uv": [8, 6, 11, 11], "rotation": 270, "texture": "#1"},
				"south": {"uv": [0, 0, 7, 2], "texture": "#1"},
				"west": {"uv": [0, 0, 3, 5], "rotation": 90, "texture": "#1"},
				"up": {"uv": [0, 0, 7, 11], "rotation": 180, "texture": "#1"},
				"down": {"uv": [0, 0, 7, 11], "texture": "#1"}
			}
		},
		{
			"from": [-2.00787, 4.99216, 0.28042],
			"to": [4.15362, 6.62626, 9.08255],
			"rotation": {"angle": 22.5, "axis": "x", "origin": [1.07287, 5.80921, 5.4965]},
			"faces": {
				"north": {"uv": [12, 3, 13, 4], "rotation": 180, "texture": "#2"},
				"east": {"uv": [12, 3, 13, 4], "rotation": 270, "texture": "#2"},
				"south": {"uv": [12, 3, 13, 4], "texture": "#2"},
				"west": {"uv": [12, 3, 13, 4], "rotation": 90, "texture": "#2"},
				"up": {"uv": [12, 3, 13, 4], "rotation": 180, "texture": "#2"},
				"down": {"uv": [12, 3, 13, 4], "texture": "#2"}
			}
		},
		{
			"from": [4.08842, 4.34015, 0.28042],
			"to": [4.38182, 6.95226, 9.40856],
			"rotation": {"angle": 22.5, "axis": "x", "origin": [1.07287, 5.80921, 5.4965]},
			"faces": {
				"north": {"uv": [6, 10, 7, 11], "rotation": 180, "texture": "#2"},
				"east": {"uv": [6, 10, 7, 11], "rotation": 270, "texture": "#2"},
				"south": {"uv": [6, 10, 7, 11], "texture": "#2"},
				"west": {"uv": [6, 10, 7, 11], "rotation": 90, "texture": "#2"},
				"up": {"uv": [6, 10, 7, 11], "rotation": 180, "texture": "#2"},
				"down": {"uv": [6, 10, 7, 11], "texture": "#2"}
			}
		},
		{
			"from": [-2.17088, 4.33846, -0.60857],
			"to": [-1.94267, 6.95058, 8.51957],
			"rotation": {"angle": 22.5, "axis": "x", "origin": [-0.12384, 3.57373, 5.05623]},
			"faces": {
				"north": {"uv": [6, 10, 7, 11], "rotation": 180, "texture": "#2"},
				"east": {"uv": [6, 10, 7, 11], "rotation": 270, "texture": "#2"},
				"south": {"uv": [6, 10, 7, 11], "texture": "#2"},
				"west": {"uv": [6, 10, 7, 11], "rotation": 90, "texture": "#2"},
				"up": {"uv": [6, 10, 7, 11], "rotation": 180, "texture": "#2"},
				"down": {"uv": [6, 10, 7, 11], "texture": "#2"}
			}
		},
		{
			"from": [-2.00787, 6.46122, 0.76739],
			"to": [4.15362, 11.6773, 2.40149],
			"rotation": {"angle": 0, "axis": "y", "origin": [1.07287, 5.80921, 5.4965]},
			"faces": {
				"north": {"uv": [0, 0, 7, 11], "rotation": 180, "texture": "#2"},
				"east": {"uv": [8, 6, 11, 11], "rotation": 180, "texture": "#2"},
				"south": {"uv": [0, 0, 7, 11], "rotation": 180, "texture": "#2"},
				"west": {"uv": [0, 0, 3, 5], "rotation": 180, "texture": "#2"},
				"up": {"uv": [0, 0, 7, 2], "texture": "#2"},
				"down": {"uv": [0, 0, 7, 2], "texture": "#2"}
			}
		},
		{
			"from": [-4.95321, 10.4225, -5.71807],
			"to": [8.05439, 15.93199, -1.154],
			"rotation": {"angle": 0, "axis": "y", "origin": [1.53429, 14.37124, 11.17181]},
			"faces": {
				"north": {"uv": [0, 0, 1, 1], "rotation": 180, "texture": "#1"},
				"east": {"uv": [0, 0, 1, 1], "rotation": 270, "texture": "#1"},
				"south": {"uv": [0, 0, 1, 1], "texture": "#1"},
				"west": {"uv": [0, 0, 1, 1], "rotation": 90, "texture": "#1"},
				"up": {"uv": [0, 0, 1, 1], "rotation": 180, "texture": "#1"},
				"down": {"uv": [0, 0, 1, 1], "texture": "#1"}
			}
		},
		{
			"from": [-9.51728, 2.79399, -5.91368],
			"to": [11.96645, 7.32546, 0.93243],
			"rotation": {"angle": 0, "axis": "y", "origin": [1.53429, 14.37124, 11.17181]},
			"faces": {
				"north": {"uv": [0, 0, 16, 2], "rotation": 180, "texture": "#1"},
				"east": {"uv": [0, 0, 3, 5], "rotation": 270, "texture": "#1"},
				"south": {"uv": [0, 0, 6, 3], "texture": "#1"},
				"west": {"uv": [0, 0, 3, 5], "rotation": 90, "texture": "#1"},
				"up": {"uv": [0, 0, 16, 4], "rotation": 180, "texture": "#1"},
				"down": {"uv": [0, 0, 1, 1], "texture": "#1"}
			}
		},
		{
			"from": [-9.41948, -10.16471, -1.89159],
			"to": [11.86865, 3.45415, 4.81596],
			"rotation": {"angle": 0, "axis": "y", "origin": [1.53429, 14.37124, 11.17181]},
			"faces": {
				"north": {"uv": [0, 0, 15, 5], "rotation": 180, "texture": "#1"},
				"east": {"uv": [0, 0, 4, 2], "rotation": 270, "texture": "#1"},
				"south": {"uv": [0, 0, 15, 5], "texture": "#1"},
				"west": {"uv": [0, 0, 4, 2], "rotation": 90, "texture": "#1"},
				"up": {"uv": [0, 0, 15, 5], "rotation": 180, "texture": "#1"},
				"down": {"uv": [1, 9, 11, 11], "texture": "#1"}
			}
		},
		{
			"from": [-9.45208, -8.56729, 4.53071],
			"to": [11.83605, -6.94541, 6.79237],
			"rotation": {"angle": -45, "axis": "x", "origin": [1.19199, -6.00407, 6.58454]},
			"faces": {
				"north": {"uv": [0, 0, 1, 1], "rotation": 180, "texture": "#1"},
				"east": {"uv": [0, 0, 1, 1], "rotation": 270, "texture": "#1"},
				"south": {"uv": [0, 0, 1, 1], "texture": "#1"},
				"west": {"uv": [0, 0, 1, 1], "rotation": 90, "texture": "#1"},
				"up": {"uv": [0, 0, 1, 1], "rotation": 180, "texture": "#1"},
				"down": {"uv": [0, 0, 3, 2], "texture": "#1"}
			}
		},
		{
			"from": [-9.45208, -15.87883, 0.12718],
			"to": [11.83605, -14.25695, 2.38884],
			"rotation": {"angle": 45, "axis": "x", "origin": [1.19199, -7.89578, 7.17093]},
			"faces": {
				"north": {"uv": [0, 0, 1, 1], "rotation": 180, "texture": "#1"},
				"east": {"uv": [0, 0, 1, 1], "rotation": 270, "texture": "#1"},
				"south": {"uv": [0, 0, 1, 1], "texture": "#1"},
				"west": {"uv": [0, 0, 1, 1], "rotation": 90, "texture": "#1"},
				"up": {"uv": [0, 0, 1, 1], "rotation": 180, "texture": "#1"},
				"down": {"uv": [0, 0, 1, 1], "texture": "#1"}
			}
		},
		{
			"from": [-9.45208, -9.24217, 3.90245],
			"to": [11.83605, -7.12721, 6.18449],
			"rotation": {"angle": -22.5, "axis": "x", "origin": [1.19199, -7.30651, 6.59607]},
			"faces": {
				"north": {"uv": [0, 0, 1, 1], "rotation": 180, "texture": "#1"},
				"east": {"uv": [0, 0, 1, 1], "rotation": 270, "texture": "#1"},
				"south": {"uv": [0, 0, 1, 1], "texture": "#1"},
				"west": {"uv": [0, 0, 1, 1], "rotation": 90, "texture": "#1"},
				"up": {"uv": [0, 0, 1, 1], "rotation": 180, "texture": "#1"},
				"down": {"uv": [0, 8, 11, 9], "texture": "#1"}
			}
		},
		{
			"from": [-10.07149, -7.63817, 4.62851],
			"to": [12.84666, 1.49812, 8.54057],
			"rotation": {"angle": 0, "axis": "y", "origin": [1.53429, 14.37124, 11.17181]},
			"faces": {
				"north": {"uv": [0, 0, 16, 4], "rotation": 180, "texture": "#1"},
				"east": {"uv": [0, 0, 4, 2], "rotation": 270, "texture": "#1"},
				"south": {"uv": [0, 0, 16, 4], "texture": "#1"},
				"west": {"uv": [0, 0, 4, 2], "rotation": 90, "texture": "#1"},
				"up": {"uv": [0, 0, 16, 4], "rotation": 180, "texture": "#1"},
				"down": {"uv": [0, 0, 16, 4], "texture": "#1"}
			}
		},
		{
			"from": [-9.33925, -4.37812, 1.69447],
			"to": [11.7655, 4.75817, 8.54057],
			"rotation": {"angle": 0, "axis": "y", "origin": [1.10106, 14.37124, 11.17181]},
			"faces": {
				"north": {"uv": [0, 0, 1, 1], "rotation": 180, "texture": "#1"},
				"east": {"uv": [14, 0, 16, 4], "rotation": 270, "texture": "#1"},
				"south": {"uv": [0, 2, 16, 9], "texture": "#1"},
				"west": {"uv": [14, 0, 16, 4], "rotation": 90, "texture": "#1"},
				"up": {"uv": [0, 10, 11, 12], "rotation": 180, "texture": "#1"},
				"down": {"uv": [0, 0, 1, 1], "texture": "#1"}
			}
		},
		{
			"from": [-9.33925, -4.37812, 1.69447],
			"to": [-7.4688, 5.08417, 9.51859],
			"rotation": {"angle": 0, "axis": "y", "origin": [1.10106, 14.37124, 11.17181]},
			"faces": {
				"north": {"uv": [15, 0, 16, 1], "rotation": 180, "texture": "#1"},
				"east": {"uv": [15, 0, 16, 1], "rotation": 270, "texture": "#1"},
				"south": {"uv": [15, 0, 16, 1], "texture": "#1"},
				"west": {"uv": [15, 0, 16, 1], "rotation": 90, "texture": "#1"},
				"up": {"uv": [15, 0, 16, 1], "rotation": 180, "texture": "#1"},
				"down": {"uv": [15, 0, 16, 1], "texture": "#1"}
			}
		},
		{
			"from": [9.56904, -4.37812, 1.69447],
			"to": [11.43949, 5.08417, 9.51859],
			"rotation": {"angle": 0, "axis": "y", "origin": [1.10106, 14.37124, 11.17181]},
			"faces": {
				"north": {"uv": [15, 0, 16, 1], "rotation": 180, "texture": "#1"},
				"east": {"uv": [15, 0, 16, 1], "rotation": 270, "texture": "#1"},
				"south": {"uv": [15, 0, 16, 1], "texture": "#1"},
				"west": {"uv": [15, 0, 16, 1], "rotation": 90, "texture": "#1"},
				"up": {"uv": [15, 0, 16, 1], "rotation": 180, "texture": "#1"},
				"down": {"uv": [15, 0, 16, 1], "texture": "#1"}
			}
		},
		{
			"from": [-9.51728, 1.90562, -1.87936],
			"to": [11.96645, 6.43709, 3.98873],
			"rotation": {"angle": 22.5, "axis": "x", "origin": [1.22459, 2.77769, -0.20859]},
			"faces": {
				"north": {"uv": [0, 0, 1, 1], "rotation": 180, "texture": "#1"},
				"east": {"uv": [0, 0, 1, 1], "rotation": 270, "texture": "#1"},
				"south": {"uv": [0, 0, 1, 1], "texture": "#1"},
				"west": {"uv": [0, 0, 1, 1], "rotation": 90, "texture": "#1"},
				"up": {"uv": [0, 0, 1, 1], "rotation": 180, "texture": "#1"},
				"down": {"uv": [0, 0, 1, 1], "texture": "#1"}
			}
		},
		{
			"from": [-10.16929, 2.49243, 3.01071],
			"to": [12.94447, 5.13307, 9.0092],
			"rotation": {"angle": 22.5, "axis": "x", "origin": [1.22459, 0.16965, -0.20859]},
			"faces": {
				"north": {"uv": [0, 0, 1, 1], "rotation": 180, "texture": "#1"},
				"east": {"uv": [0, 0, 1, 1], "rotation": 270, "texture": "#1"},
				"south": {"uv": [0, 0, 1, 1], "texture": "#1"},
				"west": {"uv": [0, 0, 1, 1], "rotation": 90, "texture": "#1"},
				"up": {"uv": [0, 0, 16, 1], "rotation": 180, "texture": "#1"},
				"down": {"uv": [0, 0, 1, 1], "texture": "#1"}
			}
		},
		{
			"from": [-10.16929, -9.77714, -3.18338],
			"to": [12.94447, -7.1365, 2.81511],
			"rotation": {"angle": -22.5, "axis": "x", "origin": [1.22459, 10.18252, -0.20859]},
			"faces": {
				"north": {"uv": [0, 1, 1, 0], "rotation": 180, "texture": "#1"},
				"east": {"uv": [1, 0, 0, 1], "rotation": 270, "texture": "#1"},
				"south": {"uv": [0, 1, 1, 0], "texture": "#1"},
				"west": {"uv": [1, 0, 0, 1], "rotation": 90, "texture": "#1"},
				"up": {"uv": [1, 0, 0, 1], "rotation": 180, "texture": "#1"},
				"down": {"uv": [16, 5, 0, 9], "texture": "#1"}
			}
		},
		{
			"from": [-10.16521, -7.05962, 7.56646],
			"to": [12.94854, 1.2209, 10.2071],
			"rotation": {"angle": 0, "axis": "y", "origin": [1.22459, 1.1557, 6.93075]},
			"faces": {
				"north": {"uv": [0, 0, 1, 1], "rotation": 180, "texture": "#1"},
				"east": {"uv": [0, 0, 1, 1], "rotation": 180, "texture": "#1"},
				"south": {"uv": [0, 0, 16, 4], "rotation": 180, "texture": "#1"},
				"west": {"uv": [0, 0, 1, 1], "rotation": 180, "texture": "#1"},
				"up": {"uv": [0, 0, 1, 1], "texture": "#1"},
				"down": {"uv": [0, 0, 1, 1], "texture": "#1"}
			}
		},
		{
			"from": [5.15702, -7.05962, 8.21847],
			"to": [11.64452, 1.2209, 10.85911],
			"rotation": {"angle": 0, "axis": "y", "origin": [1.22459, 1.1557, 6.93075]},
			"faces": {
				"north": {"uv": [3, 8, 4, 9], "rotation": 270, "texture": "#1"},
				"east": {"uv": [3, 8, 4, 9], "texture": "#1"},
				"south": {"uv": [3, 8, 4, 9], "rotation": 90, "texture": "#1"},
				"west": {"uv": [3, 8, 4, 9], "rotation": 180, "texture": "#1"},
				"up": {"uv": [3, 8, 4, 9], "rotation": 270, "texture": "#1"},
				"down": {"uv": [3, 8, 4, 9], "rotation": 90, "texture": "#1"}
			}
		},
		{
			"from": [-2.01509, -7.05962, 8.21847],
			"to": [4.79842, 1.2209, 10.85911],
			"rotation": {"angle": 0, "axis": "y", "origin": [1.22459, 1.1557, 6.93075]},
			"faces": {
				"north": {"uv": [3, 8, 4, 9], "rotation": 270, "texture": "#1"},
				"east": {"uv": [3, 8, 4, 9], "texture": "#1"},
				"south": {"uv": [3, 8, 4, 9], "rotation": 90, "texture": "#1"},
				"west": {"uv": [3, 8, 4, 9], "rotation": 180, "texture": "#1"},
				"up": {"uv": [3, 8, 4, 9], "rotation": 270, "texture": "#1"},
				"down": {"uv": [3, 8, 4, 9], "rotation": 90, "texture": "#1"}
			}
		},
		{
			"from": [-8.86119, -7.05962, 8.21847],
			"to": [-2.37369, 1.2209, 10.85911],
			"rotation": {"angle": 0, "axis": "y", "origin": [1.22459, 1.1557, 6.93075]},
			"faces": {
				"north": {"uv": [3, 8, 4, 9], "rotation": 270, "texture": "#1"},
				"east": {"uv": [3, 8, 4, 9], "texture": "#1"},
				"south": {"uv": [3, 8, 4, 9], "rotation": 90, "texture": "#1"},
				"west": {"uv": [3, 8, 4, 9], "rotation": 180, "texture": "#1"},
				"up": {"uv": [3, 8, 4, 9], "rotation": 270, "texture": "#1"},
				"down": {"uv": [3, 8, 4, 9], "rotation": 90, "texture": "#1"}
			}
		},
		{
			"from": [-4.6272, 12.90014, -6.56569],
			"to": [7.59391, 17.43161, 1.58444],
			"rotation": {"angle": 0, "axis": "y", "origin": [1.53429, 14.37124, 11.17181]},
			"faces": {
				"north": {"uv": [0, 0, 1, 1], "rotation": 180, "texture": "#1"},
				"east": {"uv": [0, 0, 1, 1], "rotation": 270, "texture": "#1"},
				"south": {"uv": [0, 0, 1, 1], "texture": "#1"},
				"west": {"uv": [0, 0, 1, 1], "rotation": 90, "texture": "#1"},
				"up": {"uv": [0, 0, 1, 1], "rotation": 180, "texture": "#1"},
				"down": {"uv": [0, 0, 1, 1], "texture": "#1"}
			}
		},
		{
			"from": [-6.59888, 22.40149, -3.17073],
			"to": [9.53299, 28.38303, 2.42352],
			"rotation": {"angle": 0, "axis": "y", "origin": [1.53429, 18.20042, 17.17132]},
			"faces": {
				"north": {"uv": [0, 0, 1, 1], "rotation": 180, "texture": "#1"},
				"east": {"uv": [0, 0, 1, 1], "rotation": 270, "texture": "#1"},
				"south": {"uv": [0, 0, 1, 1], "texture": "#1"},
				"west": {"uv": [0, 0, 1, 1], "rotation": 90, "texture": "#1"},
				"up": {"uv": [0, 2, 6, 5], "rotation": 180, "texture": "#1"},
				"down": {"uv": [0, 0, 1, 1], "texture": "#1"}
			}
		},
		{
			"from": [-4.64285, 23.0535, -2.84472],
			"to": [8.22897, 29.03504, 2.09751],
			"rotation": {"angle": 0, "axis": "y", "origin": [1.53429, 18.20042, 17.17132]},
			"faces": {
				"north": {"uv": [0, 0, 1, 1], "rotation": 180, "texture": "#1"},
				"east": {"uv": [0, 0, 1, 1], "rotation": 270, "texture": "#1"},
				"south": {"uv": [0, 0, 1, 1], "texture": "#1"},
				"west": {"uv": [0, 0, 1, 1], "rotation": 90, "texture": "#1"},
				"up": {"uv": [0, 2, 6, 5], "rotation": 180, "texture": "#1"},
				"down": {"uv": [0, 0, 1, 1], "texture": "#1"}
			}
		},
		{
			"from": [-4.96886, 23.0535, -3.17073],
			"to": [8.55497, 28.70903, 2.42352],
			"rotation": {"angle": 0, "axis": "y", "origin": [1.53429, 18.20042, 17.17132]},
			"faces": {
				"north": {"uv": [1, 1, 2, 2], "rotation": 180, "texture": "#3"},
				"east": {"uv": [1, 1, 2, 2], "rotation": 270, "texture": "#3"},
				"south": {"uv": [1, 1, 2, 2], "texture": "#3"},
				"west": {"uv": [1, 1, 2, 2], "rotation": 90, "texture": "#3"},
				"up": {"uv": [1, 1, 2, 2], "rotation": 180, "texture": "#3"},
				"down": {"uv": [1, 1, 2, 2], "texture": "#3"}
			}
		},
		{
			"from": [-7.58802, -0.74487, 4.65339],
			"to": [9.78267, 4.91067, 7.9656],
			"rotation": {"angle": 0, "axis": "y", "origin": [0.11455, 3.3316, 5.05623]},
			"faces": {
				"north": {"uv": [1, 1, 2, 2], "rotation": 180, "texture": "#3"},
				"east": {"uv": [1, 1, 2, 2], "rotation": 270, "texture": "#3"},
				"south": {"uv": [1, 1, 2, 2], "texture": "#3"},
				"west": {"uv": [1, 1, 2, 2], "rotation": 90, "texture": "#3"},
				"up": {"uv": [1, 1, 2, 2], "rotation": 180, "texture": "#3"},
				"down": {"uv": [1, 1, 2, 2], "texture": "#3"}
			}
		},
		{
			"from": [-7.59744, -3.35291, 5.63141],
			"to": [9.77324, 4.58466, 8.94362],
			"rotation": {"angle": 0, "axis": "y", "origin": [-0.31868, 3.3316, 5.05623]},
			"faces": {
				"north": {"uv": [1, 1, 2, 2], "rotation": 180, "texture": "#2"},
				"east": {"uv": [1, 1, 2, 2], "rotation": 270, "texture": "#2"},
				"south": {"uv": [1, 1, 2, 2], "texture": "#2"},
				"west": {"uv": [1, 1, 2, 2], "rotation": 90, "texture": "#2"},
				"up": {"uv": [1, 1, 2, 2], "rotation": 180, "texture": "#2"},
				"down": {"uv": [1, 1, 2, 2], "texture": "#2"}
			}
		},
		{
			"from": [-7.33664, -0.90787, 6.93543],
			"to": [9.44724, 5.07367, 7.6396],
			"rotation": {"angle": 0, "axis": "y", "origin": [-0.31868, 3.3316, 5.05623]},
			"faces": {
				"north": {"uv": [0, 0, 1, 1], "rotation": 180, "texture": "#1"},
				"east": {"uv": [0, 0, 1, 1], "rotation": 270, "texture": "#1"},
				"south": {"uv": [0, 0, 1, 1], "texture": "#1"},
				"west": {"uv": [0, 0, 1, 1], "rotation": 90, "texture": "#1"},
				"up": {"uv": [0, 2, 6, 5], "rotation": 180, "texture": "#1"},
				"down": {"uv": [0, 0, 1, 1], "texture": "#1"}
			}
		},
		{
			"from": [-7.33664, -0.90787, 5.95741],
			"to": [9.44724, 5.07367, 6.66158],
			"rotation": {"angle": 0, "axis": "y", "origin": [-0.31868, 3.3316, 5.05623]},
			"faces": {
				"north": {"uv": [0, 0, 1, 1], "rotation": 180, "texture": "#1"},
				"east": {"uv": [0, 0, 1, 1], "rotation": 270, "texture": "#1"},
				"south": {"uv": [0, 0, 1, 1], "texture": "#1"},
				"west": {"uv": [0, 0, 1, 1], "rotation": 90, "texture": "#1"},
				"up": {"uv": [0, 2, 6, 5], "rotation": 180, "texture": "#1"},
				"down": {"uv": [0, 0, 1, 1], "texture": "#1"}
			}
		},
		{
			"from": [-7.33664, -0.90787, 4.9794],
			"to": [9.44724, 5.07367, 5.68357],
			"rotation": {"angle": 0, "axis": "y", "origin": [-0.31868, 3.3316, 5.05623]},
			"faces": {
				"north": {"uv": [0, 0, 1, 1], "rotation": 180, "texture": "#1"},
				"east": {"uv": [0, 0, 1, 1], "rotation": 270, "texture": "#1"},
				"south": {"uv": [0, 0, 1, 1], "texture": "#1"},
				"west": {"uv": [0, 0, 1, 1], "rotation": 90, "texture": "#1"},
				"up": {"uv": [0, 2, 6, 5], "rotation": 180, "texture": "#1"},
				"down": {"uv": [0, 0, 1, 1], "texture": "#1"}
			}
		},
		{
			"from": [-5.94687, 22.85789, -2.84472],
			"to": [-5.13724, 28.51343, -2.14055],
			"rotation": {"angle": 0, "axis": "y", "origin": [1.53429, 18.20042, 17.17132]},
			"faces": {
				"north": {"uv": [1, 1, 2, 2], "rotation": 180, "texture": "#2"},
				"east": {"uv": [1, 1, 2, 2], "rotation": 270, "texture": "#2"},
				"south": {"uv": [1, 1, 2, 2], "texture": "#2"},
				"west": {"uv": [1, 1, 2, 2], "rotation": 90, "texture": "#2"},
				"up": {"uv": [1, 1, 2, 2], "rotation": 180, "texture": "#2"},
				"down": {"uv": [1, 1, 2, 2], "texture": "#2"}
			}
		},
		{
			"from": [-5.94687, 22.85789, -1.86671],
			"to": [-5.13724, 28.51343, -1.16254],
			"rotation": {"angle": 0, "axis": "y", "origin": [1.53429, 18.20042, 17.17132]},
			"faces": {
				"north": {"uv": [1, 1, 2, 2], "rotation": 180, "texture": "#2"},
				"east": {"uv": [1, 1, 2, 2], "rotation": 270, "texture": "#2"},
				"south": {"uv": [1, 1, 2, 2], "texture": "#2"},
				"west": {"uv": [1, 1, 2, 2], "rotation": 90, "texture": "#2"},
				"up": {"uv": [1, 1, 2, 2], "rotation": 180, "texture": "#2"},
				"down": {"uv": [1, 1, 2, 2], "texture": "#2"}
			}
		},
		{
			"from": [-6.60426, 15.47323, -0.15306],
			"to": [9.52761, 25.32771, 5.44118],
			"rotation": {"angle": 0, "axis": "y", "origin": [1.53429, 16.47912, 17.17132]},
			"faces": {
				"north": {"uv": [0, 0, 1, 1], "rotation": 180, "texture": "#1"},
				"east": {"uv": [0, 0, 2, 2], "rotation": 270, "texture": "#1"},
				"south": {"uv": [0, 0, 8, 2], "texture": "#1"},
				"west": {"uv": [0, 0, 2, 2], "rotation": 90, "texture": "#1"},
				"up": {"uv": [0, 0, 1, 1], "rotation": 180, "texture": "#1"},
				"down": {"uv": [0, 0, 1, 1], "texture": "#1"}
			}
		},
		{
			"from": [-4.62313, 12.29703, -0.53459],
			"to": [7.54908, 14.12266, 3.11666],
			"rotation": {"angle": -45, "axis": "x", "origin": [1.48335, 15.16588, -0.20859]},
			"faces": {
				"north": {"uv": [0, 0, 1, 1], "rotation": 180, "texture": "#1"},
				"east": {"uv": [4, 3, 5, 4], "rotation": 270, "texture": "#1"},
				"south": {"uv": [0, 0, 1, 1], "texture": "#1"},
				"west": {"uv": [0, 0, 1, 1], "rotation": 90, "texture": "#1"},
				"up": {"uv": [0, 0, 1, 1], "rotation": 180, "texture": "#1"},
				"down": {"uv": [3, 4, 9, 6], "texture": "#1"}
			}
		},
		{
			"from": [-6.5935, 16.17423, -15.89345],
			"to": [9.47382, 19.14348, -11.59018],
			"rotation": {"angle": 45, "axis": "x", "origin": [1.44016, 1.69374, 4.38569]},
			"faces": {
				"north": {"uv": [0, 1, 1, 0], "rotation": 180, "texture": "#1"},
				"east": {"uv": [1, 0, 0, 1], "rotation": 270, "texture": "#1"},
				"south": {"uv": [0, 1, 1, 0], "texture": "#1"},
				"west": {"uv": [1, 0, 0, 1], "rotation": 90, "texture": "#1"},
				"up": {"uv": [5, 0, 0, 2], "rotation": 180, "texture": "#1"},
				"down": {"uv": [1, 0, 0, 1], "texture": "#1"}
			}
		},
		{
			"from": [-4.63747, 18.78227, -15.56744],
			"to": [-1.28435, 19.46949, -11.91619],
			"rotation": {"angle": 45, "axis": "x", "origin": [1.44016, 1.69374, 4.38569]},
			"faces": {
				"north": {"uv": [5, 3, 6, 4], "rotation": 180, "texture": "#1"},
				"east": {"uv": [5, 3, 6, 4], "rotation": 270, "texture": "#1"},
				"south": {"uv": [5, 3, 6, 4], "texture": "#1"},
				"west": {"uv": [5, 3, 6, 4], "rotation": 90, "texture": "#1"},
				"up": {"uv": [5, 3, 6, 4], "rotation": 180, "texture": "#1"},
				"down": {"uv": [5, 3, 6, 4], "texture": "#1"}
			}
		},
		{
			"from": [-4.31147, 18.78227, -15.24144],
			"to": [-1.61035, 19.50209, -14.78503],
			"rotation": {"angle": 45, "axis": "x", "origin": [1.44016, 1.69374, 4.38569]},
			"faces": {
				"north": {"uv": [5, 3, 6, 4], "rotation": 180, "texture": "#0"},
				"east": {"uv": [5, 3, 6, 4], "rotation": 270, "texture": "#0"},
				"south": {"uv": [5, 3, 6, 4], "texture": "#0"},
				"west": {"uv": [5, 3, 6, 4], "rotation": 90, "texture": "#0"},
				"up": {"uv": [5, 3, 6, 4], "rotation": 180, "texture": "#0"},
				"down": {"uv": [5, 3, 6, 4], "texture": "#0"}
			}
		},
		{
			"from": [-4.31147, 18.78227, -14.58943],
			"to": [-1.61035, 19.50209, -14.13302],
			"rotation": {"angle": 45, "axis": "x", "origin": [1.44016, 1.69374, 4.38569]},
			"faces": {
				"north": {"uv": [5, 3, 6, 4], "rotation": 180, "texture": "#0"},
				"east": {"uv": [5, 3, 6, 4], "rotation": 270, "texture": "#0"},
				"south": {"uv": [5, 3, 6, 4], "texture": "#0"},
				"west": {"uv": [5, 3, 6, 4], "rotation": 90, "texture": "#0"},
				"up": {"uv": [5, 3, 6, 4], "rotation": 180, "texture": "#0"},
				"down": {"uv": [5, 3, 6, 4], "texture": "#0"}
			}
		},
		{
			"from": [-4.31147, 18.78227, -13.93742],
			"to": [-1.61035, 19.50209, -13.48101],
			"rotation": {"angle": 45, "axis": "x", "origin": [1.44016, 1.69374, 4.38569]},
			"faces": {
				"north": {"uv": [5, 3, 6, 4], "rotation": 180, "texture": "#0"},
				"east": {"uv": [5, 3, 6, 4], "rotation": 270, "texture": "#0"},
				"south": {"uv": [5, 3, 6, 4], "texture": "#0"},
				"west": {"uv": [5, 3, 6, 4], "rotation": 90, "texture": "#0"},
				"up": {"uv": [5, 3, 6, 4], "rotation": 180, "texture": "#0"},
				"down": {"uv": [5, 3, 6, 4], "texture": "#0"}
			}
		},
		{
			"from": [-4.31147, 18.78227, -13.28541],
			"to": [-1.61035, 19.50209, -12.829],
			"rotation": {"angle": 45, "axis": "x", "origin": [1.44016, 1.69374, 4.38569]},
			"faces": {
				"north": {"uv": [5, 3, 6, 4], "rotation": 180, "texture": "#0"},
				"east": {"uv": [5, 3, 6, 4], "rotation": 270, "texture": "#0"},
				"south": {"uv": [5, 3, 6, 4], "texture": "#0"},
				"west": {"uv": [5, 3, 6, 4], "rotation": 90, "texture": "#0"},
				"up": {"uv": [5, 3, 6, 4], "rotation": 180, "texture": "#0"},
				"down": {"uv": [5, 3, 6, 4], "texture": "#0"}
			}
		},
		{
			"from": [-4.31147, 18.78227, -12.6334],
			"to": [-1.61035, 19.50209, -12.17699],
			"rotation": {"angle": 45, "axis": "x", "origin": [1.44016, 1.69374, 4.38569]},
			"faces": {
				"north": {"uv": [5, 3, 6, 4], "rotation": 180, "texture": "#0"},
				"east": {"uv": [5, 3, 6, 4], "rotation": 270, "texture": "#0"},
				"south": {"uv": [5, 3, 6, 4], "texture": "#0"},
				"west": {"uv": [5, 3, 6, 4], "rotation": 90, "texture": "#0"},
				"up": {"uv": [5, 3, 6, 4], "rotation": 180, "texture": "#0"},
				"down": {"uv": [5, 3, 6, 4], "texture": "#0"}
			}
		},
		{
			"from": [-4.70267, 18.78227, -15.66525],
			"to": [-1.21915, 19.33908, -11.81839],
			"rotation": {"angle": 45, "axis": "x", "origin": [1.44016, 1.69374, 4.38569]},
			"faces": {
				"north": {"uv": [8, 5, 9, 7], "rotation": 180, "texture": "#0"},
				"east": {"uv": [8, 5, 9, 7], "rotation": 270, "texture": "#0"},
				"south": {"uv": [8, 5, 9, 7], "texture": "#0"},
				"west": {"uv": [8, 5, 9, 7], "rotation": 90, "texture": "#0"},
				"up": {"uv": [8, 5, 9, 7], "rotation": 180, "texture": "#0"},
				"down": {"uv": [8, 5, 9, 7], "texture": "#0"}
			}
		},
		{
			"from": [-6.5935, 24.65616, -4.17501],
			"to": [9.47382, 27.62541, -2.02337],
			"rotation": {"angle": -45, "axis": "x", "origin": [1.44016, 26.61952, -3.57255]},
			"faces": {
				"north": {"uv": [0, 1, 1, 0], "rotation": 180, "texture": "#1"},
				"east": {"uv": [1, 0, 0, 1], "rotation": 270, "texture": "#1"},
				"south": {"uv": [0, 1, 1, 0], "texture": "#1"},
				"west": {"uv": [1, 0, 0, 1], "rotation": 90, "texture": "#1"},
				"up": {"uv": [1, 0, 0, 1], "rotation": 180, "texture": "#1"},
				"down": {"uv": [1, 0, 0, 1], "texture": "#1"}
			}
		},
		{
			"from": [-7.10322, 21.68568, -1.10474],
			"to": [-6.38286, 24.55682, 2.87148],
			"rotation": {"angle": 0, "axis": "y", "origin": [-3.1993, 19.66917, 9.95042]},
			"faces": {
				"north": {"uv": [5, 3, 6, 4], "rotation": 180, "texture": "#1"},
				"east": {"uv": [5, 3, 6, 4], "rotation": 270, "texture": "#1"},
				"south": {"uv": [5, 3, 6, 4], "texture": "#1"},
				"west": {"uv": [5, 3, 6, 4], "rotation": 90, "texture": "#1"},
				"up": {"uv": [5, 3, 6, 4], "rotation": 180, "texture": "#1"},
				"down": {"uv": [5, 3, 6, 4], "texture": "#1"}
			}
		},
		{
			"from": [-7.5981, 24.27302, -0.84654],
			"to": [-6.87773, 26.64928, 1.40837],
			"rotation": {"angle": 0, "axis": "y", "origin": [-6.74304, 23.12125, 1.3137]},
			"faces": {
				"north": {"uv": [5, 3, 6, 4], "rotation": 180, "texture": "#1"},
				"east": {"uv": [5, 3, 6, 4], "rotation": 270, "texture": "#1"},
				"south": {"uv": [5, 3, 6, 4], "texture": "#1"},
				"west": {"uv": [5, 3, 6, 4], "rotation": 90, "texture": "#1"},
				"up": {"uv": [5, 3, 6, 4], "rotation": 180, "texture": "#1"},
				"down": {"uv": [5, 3, 6, 4], "texture": "#1"}
			}
		},
		{
			"from": [-7.10064, 18.6966, -5.92067],
			"to": [-6.41126, 20.12184, -3.8551],
			"rotation": {"angle": 45, "axis": "x", "origin": [-3.24449, 11.74596, 3.81332]},
			"faces": {
				"north": {"uv": [6, 3, 5, 4], "rotation": 180, "texture": "#1"},
				"east": {"uv": [6, 3, 5, 4], "rotation": 270, "texture": "#1"},
				"south": {"uv": [6, 3, 5, 4], "texture": "#1"},
				"west": {"uv": [6, 3, 5, 4], "rotation": 90, "texture": "#1"},
				"up": {"uv": [6, 3, 5, 4], "rotation": 180, "texture": "#1"},
				"down": {"uv": [6, 3, 5, 4], "texture": "#1"}
			}
		},
		{
			"from": [-7.10581, 18.36012, -1.13551],
			"to": [-6.38544, 23.09027, 4.31996],
			"rotation": {"angle": 0, "axis": "y", "origin": [-3.1993, 18.84295, 9.95042]},
			"faces": {
				"north": {"uv": [5, 3, 6, 4], "rotation": 180, "texture": "#1"},
				"east": {"uv": [5, 3, 6, 4], "rotation": 270, "texture": "#1"},
				"south": {"uv": [5, 3, 6, 4], "texture": "#1"},
				"west": {"uv": [5, 3, 6, 4], "rotation": 90, "texture": "#1"},
				"up": {"uv": [5, 3, 6, 4], "rotation": 180, "texture": "#1"},
				"down": {"uv": [5, 3, 6, 4], "texture": "#1"}
			}
		},
		{
			"from": [-7.10322, 21.68568, -1.10474],
			"to": [-6.38286, 24.55682, 2.87148],
			"rotation": {"angle": 0, "axis": "y", "origin": [-3.1993, 19.66917, 9.95042]},
			"faces": {
				"north": {"uv": [5, 3, 6, 4], "rotation": 180, "texture": "#1"},
				"east": {"uv": [5, 3, 6, 4], "rotation": 270, "texture": "#1"},
				"south": {"uv": [5, 3, 6, 4], "texture": "#1"},
				"west": {"uv": [5, 3, 6, 4], "rotation": 90, "texture": "#1"},
				"up": {"uv": [5, 3, 6, 4], "rotation": 180, "texture": "#1"},
				"down": {"uv": [5, 3, 6, 4], "texture": "#1"}
			}
		},
		{
			"from": [-7.10581, 18.36012, -1.13551],
			"to": [-6.38544, 23.09027, 4.31996],
			"rotation": {"angle": 0, "axis": "y", "origin": [-3.1993, 18.84295, 9.95042]},
			"faces": {
				"north": {"uv": [5, 3, 6, 4], "rotation": 180, "texture": "#1"},
				"east": {"uv": [5, 3, 6, 4], "rotation": 270, "texture": "#1"},
				"south": {"uv": [5, 3, 6, 4], "texture": "#1"},
				"west": {"uv": [5, 3, 6, 4], "rotation": 90, "texture": "#1"},
				"up": {"uv": [5, 3, 6, 4], "rotation": 180, "texture": "#1"},
				"down": {"uv": [5, 3, 6, 4], "texture": "#1"}
			}
		},
		{
			"from": [-7.10064, 18.6966, -5.92067],
			"to": [-6.41126, 20.12184, -3.8551],
			"rotation": {"angle": 45, "axis": "x", "origin": [-3.24449, 11.74596, 3.81332]},
			"faces": {
				"north": {"uv": [6, 3, 5, 4], "rotation": 180, "texture": "#1"},
				"east": {"uv": [6, 3, 5, 4], "rotation": 270, "texture": "#1"},
				"south": {"uv": [6, 3, 5, 4], "texture": "#1"},
				"west": {"uv": [6, 3, 5, 4], "rotation": 90, "texture": "#1"},
				"up": {"uv": [6, 3, 5, 4], "rotation": 180, "texture": "#1"},
				"down": {"uv": [6, 3, 5, 4], "texture": "#1"}
			}
		},
		{
			"from": [9.45144, 21.68568, -1.10474],
			"to": [10.17181, 24.55682, 2.87148],
			"rotation": {"angle": 0, "axis": "y", "origin": [9.70594, 23.15906, 1.45897]},
			"faces": {
				"north": {"uv": [6, 3, 5, 4], "rotation": 180, "texture": "#1"},
				"east": {"uv": [6, 3, 5, 4], "rotation": 270, "texture": "#1"},
				"south": {"uv": [6, 3, 5, 4], "texture": "#1"},
				"west": {"uv": [6, 3, 5, 4], "rotation": 90, "texture": "#1"},
				"up": {"uv": [6, 3, 5, 4], "rotation": 180, "texture": "#1"},
				"down": {"uv": [6, 3, 5, 4], "texture": "#1"}
			}
		},
		{
			"from": [9.45402, 18.36012, -1.13551],
			"to": [10.17439, 23.09027, 4.31996],
			"rotation": {"angle": 0, "axis": "y", "origin": [9.70594, 23.15906, 1.45897]},
			"faces": {
				"north": {"uv": [6, 3, 5, 4], "rotation": 180, "texture": "#1"},
				"east": {"uv": [6, 3, 5, 4], "rotation": 270, "texture": "#1"},
				"south": {"uv": [6, 3, 5, 4], "texture": "#1"},
				"west": {"uv": [6, 3, 5, 4], "rotation": 90, "texture": "#1"},
				"up": {"uv": [6, 3, 5, 4], "rotation": 180, "texture": "#1"},
				"down": {"uv": [6, 3, 5, 4], "texture": "#1"}
			}
		},
		{
			"from": [9.47984, 23.70419, 1.46004],
			"to": [10.16922, 25.12944, 3.52561],
			"rotation": {"angle": 45, "axis": "x", "origin": [9.70594, 23.15906, 1.45897]},
			"faces": {
				"north": {"uv": [5, 3, 6, 4], "rotation": 180, "texture": "#1"},
				"east": {"uv": [5, 3, 6, 4], "rotation": 270, "texture": "#1"},
				"south": {"uv": [5, 3, 6, 4], "texture": "#1"},
				"west": {"uv": [5, 3, 6, 4], "rotation": 90, "texture": "#1"},
				"up": {"uv": [5, 3, 6, 4], "rotation": 180, "texture": "#1"},
				"down": {"uv": [5, 3, 6, 4], "texture": "#1"}
			}
		},
		{
			"from": [9.9238, 24.23546, -0.84654],
			"to": [10.64417, 26.61172, 1.40837],
			"rotation": {"angle": 0, "axis": "y", "origin": [9.70594, 23.15906, 1.45897]},
			"faces": {
				"north": {"uv": [6, 3, 5, 4], "rotation": 180, "texture": "#1"},
				"east": {"uv": [6, 3, 5, 4], "rotation": 270, "texture": "#1"},
				"south": {"uv": [6, 3, 5, 4], "texture": "#1"},
				"west": {"uv": [6, 3, 5, 4], "rotation": 90, "texture": "#1"},
				"up": {"uv": [6, 3, 5, 4], "rotation": 180, "texture": "#1"},
				"down": {"uv": [6, 3, 5, 4], "texture": "#1"}
			}
		},
		{
			"from": [9.49533, 19.06206, -3.66019],
			"to": [10.78631, 23.3223, -2.79954],
			"rotation": {"angle": 22.5, "axis": "x", "origin": [10.14082, 21.1916, -3.2274]},
			"faces": {
				"north": {"uv": [0, 0, 1, 1], "rotation": 180, "texture": "#1"},
				"east": {"uv": [0, 0, 1, 1], "rotation": 90, "texture": "#1"},
				"south": {"uv": [0, 0, 1, 1], "texture": "#1"},
				"west": {"uv": [0, 0, 1, 1], "rotation": 270, "texture": "#1"},
				"up": {"uv": [0, 0, 1, 1], "texture": "#1"},
				"down": {"uv": [0, 0, 1, 1], "rotation": 180, "texture": "#1"}
			}
		},
		{
			"from": [9.49533, 20.75878, -5.35711],
			"to": [10.78631, 21.61943, -1.09688],
			"rotation": {"angle": -45, "axis": "x", "origin": [10.14082, 21.1916, -3.2274]},
			"faces": {
				"north": {"uv": [0, 0, 1, 1], "texture": "#1"},
				"east": {"uv": [0, 0, 1, 1], "texture": "#1"},
				"south": {"uv": [0, 0, 1, 1], "texture": "#1"},
				"west": {"uv": [0, 0, 1, 1], "texture": "#1"},
				"up": {"uv": [0, 0, 1, 1], "texture": "#1"},
				"down": {"uv": [0, 0, 1, 1], "texture": "#1"}
			}
		},
		{
			"from": [9.49533, 20.76374, -5.35694],
			"to": [10.78631, 21.62439, -1.09671],
			"rotation": {"angle": -22.5, "axis": "x", "origin": [10.14082, 21.1916, -3.2274]},
			"faces": {
				"north": {"uv": [0, 0, 1, 1], "texture": "#1"},
				"east": {"uv": [0, 0, 1, 1], "texture": "#1"},
				"south": {"uv": [0, 0, 1, 1], "texture": "#1"},
				"west": {"uv": [0, 0, 1, 1], "texture": "#1"},
				"up": {"uv": [0, 0, 1, 1], "texture": "#1"},
				"down": {"uv": [0, 0, 1, 1], "texture": "#1"}
			}
		},
		{
			"from": [9.49533, 20.75878, -5.35711],
			"to": [10.78631, 21.61943, -1.09688],
			"rotation": {"angle": 0, "axis": "y", "origin": [10.14082, 21.1916, -3.2274]},
			"faces": {
				"north": {"uv": [0, 0, 1, 1], "texture": "#1"},
				"east": {"uv": [0, 0, 1, 1], "texture": "#1"},
				"south": {"uv": [0, 0, 1, 1], "texture": "#1"},
				"west": {"uv": [0, 0, 1, 1], "texture": "#1"},
				"up": {"uv": [0, 0, 1, 1], "texture": "#1"},
				"down": {"uv": [0, 0, 1, 1], "texture": "#1"}
			}
		},
		{
			"from": [9.49533, 20.76374, -5.35694],
			"to": [10.78631, 21.62439, -1.09671],
			"rotation": {"angle": 22.5, "axis": "x", "origin": [10.14082, 21.1916, -3.2274]},
			"faces": {
				"north": {"uv": [0, 0, 1, 1], "texture": "#1"},
				"east": {"uv": [0, 0, 1, 1], "texture": "#1"},
				"south": {"uv": [0, 0, 1, 1], "texture": "#1"},
				"west": {"uv": [0, 0, 1, 1], "texture": "#1"},
				"up": {"uv": [0, 0, 1, 1], "texture": "#1"},
				"down": {"uv": [0, 0, 1, 1], "texture": "#1"}
			}
		},
		{
			"from": [9.49533, 19.06108, -3.66023],
			"to": [10.78631, 23.32131, -2.79957],
			"rotation": {"angle": -45, "axis": "x", "origin": [10.14082, 21.1916, -3.2274]},
			"faces": {
				"north": {"uv": [0, 0, 1, 1], "rotation": 180, "texture": "#1"},
				"east": {"uv": [0, 0, 1, 1], "rotation": 270, "texture": "#1"},
				"south": {"uv": [0, 0, 1, 1], "texture": "#1"},
				"west": {"uv": [0, 0, 1, 1], "rotation": 90, "texture": "#1"},
				"up": {"uv": [0, 0, 1, 1], "rotation": 180, "texture": "#1"},
				"down": {"uv": [0, 0, 1, 1], "texture": "#1"}
			}
		},
		{
			"from": [10.5023, 20.05836, -3.37395],
			"to": [11.19943, 22.35889, -2.9092],
			"rotation": {"angle": -22.5, "axis": "x", "origin": [10.85086, 20.98787, -3.14157]},
			"faces": {
				"north": {"uv": [0, 0, 1, 1], "rotation": 180, "texture": "#1"},
				"east": {"uv": [0, 0, 1, 1], "rotation": 270, "texture": "#1"},
				"south": {"uv": [0, 0, 1, 1], "texture": "#1"},
				"west": {"uv": [0, 0, 1, 1], "rotation": 90, "texture": "#1"},
				"up": {"uv": [0, 0, 1, 1], "rotation": 180, "texture": "#1"},
				"down": {"uv": [0, 0, 1, 1], "texture": "#1"}
			}
		},
		{
			"from": [10.5023, 20.04112, -3.46113],
			"to": [11.19943, 22.34164, -2.99637],
			"rotation": {"angle": -45, "axis": "x", "origin": [10.85086, 21.1916, -3.2274]},
			"faces": {
				"north": {"uv": [0, 0, 1, 1], "rotation": 180, "texture": "#1"},
				"east": {"uv": [0, 0, 1, 1], "rotation": 270, "texture": "#1"},
				"south": {"uv": [0, 0, 1, 1], "texture": "#1"},
				"west": {"uv": [0, 0, 1, 1], "rotation": 90, "texture": "#1"},
				"up": {"uv": [0, 0, 1, 1], "rotation": 180, "texture": "#1"},
				"down": {"uv": [0, 0, 1, 1], "texture": "#1"}
			}
		},
		{
			"from": [10.5023, 20.95788, -4.37744],
			"to": [11.19943, 21.42263, -2.07692],
			"rotation": {"angle": 0, "axis": "y", "origin": [10.85086, 21.1916, -3.2274]},
			"faces": {
				"north": {"uv": [0, 0, 1, 1], "texture": "#1"},
				"east": {"uv": [0, 0, 1, 1], "texture": "#1"},
				"south": {"uv": [0, 0, 1, 1], "texture": "#1"},
				"west": {"uv": [0, 0, 1, 1], "texture": "#1"},
				"up": {"uv": [0, 0, 1, 1], "texture": "#1"},
				"down": {"uv": [0, 0, 1, 1], "texture": "#1"}
			}
		},
		{
			"from": [10.5023, 20.96056, -4.37735],
			"to": [11.19943, 21.42531, -2.07683],
			"rotation": {"angle": 22.5, "axis": "x", "origin": [10.85086, 21.1916, -3.2274]},
			"faces": {
				"north": {"uv": [0, 0, 1, 1], "texture": "#1"},
				"east": {"uv": [0, 0, 1, 1], "texture": "#1"},
				"south": {"uv": [0, 0, 1, 1], "texture": "#1"},
				"west": {"uv": [0, 0, 1, 1], "texture": "#1"},
				"up": {"uv": [0, 0, 1, 1], "texture": "#1"},
				"down": {"uv": [0, 0, 1, 1], "texture": "#1"}
			}
		},
		{
			"from": [10.5023, 20.04165, -3.46111],
			"to": [11.19943, 22.34218, -2.99636],
			"rotation": {"angle": 22.5, "axis": "x", "origin": [10.85086, 21.1916, -3.2274]},
			"faces": {
				"north": {"uv": [0, 0, 1, 1], "rotation": 180, "texture": "#1"},
				"east": {"uv": [0, 0, 1, 1], "rotation": 90, "texture": "#1"},
				"south": {"uv": [0, 0, 1, 1], "texture": "#1"},
				"west": {"uv": [0, 0, 1, 1], "rotation": 270, "texture": "#1"},
				"up": {"uv": [0, 0, 1, 1], "texture": "#1"},
				"down": {"uv": [0, 0, 1, 1], "rotation": 180, "texture": "#1"}
			}
		},
		{
			"from": [10.5023, 20.95788, -4.37744],
			"to": [11.19943, 21.42263, -2.07692],
			"rotation": {"angle": -45, "axis": "x", "origin": [10.85086, 21.1916, -3.2274]},
			"faces": {
				"north": {"uv": [0, 0, 1, 1], "texture": "#1"},
				"east": {"uv": [0, 0, 1, 1], "texture": "#1"},
				"south": {"uv": [0, 0, 1, 1], "texture": "#1"},
				"west": {"uv": [0, 0, 1, 1], "texture": "#1"},
				"up": {"uv": [0, 0, 1, 1], "texture": "#1"},
				"down": {"uv": [0, 0, 1, 1], "texture": "#1"}
			}
		},
		{
			"from": [10.5023, 20.96056, -4.37735],
			"to": [11.19943, 21.42531, -2.07683],
			"rotation": {"angle": -22.5, "axis": "x", "origin": [10.85086, 21.1916, -3.2274]},
			"faces": {
				"north": {"uv": [0, 0, 1, 1], "texture": "#1"},
				"east": {"uv": [0, 0, 1, 1], "texture": "#1"},
				"south": {"uv": [0, 0, 1, 1], "texture": "#1"},
				"west": {"uv": [0, 0, 1, 1], "texture": "#1"},
				"up": {"uv": [0, 0, 1, 1], "texture": "#1"},
				"down": {"uv": [0, 0, 1, 1], "texture": "#1"}
			}
		},
		{
			"from": [10.5023, 20.04112, -3.46113],
			"to": [11.19943, 22.34164, -2.99637],
			"rotation": {"angle": 0, "axis": "y", "origin": [6.20334, 18.64686, 7.78791]},
			"faces": {
				"north": {"uv": [0, 0, 1, 1], "rotation": 180, "texture": "#1"},
				"east": {"uv": [0, 0, 1, 1], "rotation": 270, "texture": "#1"},
				"south": {"uv": [0, 0, 1, 1], "texture": "#1"},
				"west": {"uv": [0, 0, 1, 1], "rotation": 90, "texture": "#1"},
				"up": {"uv": [0, 0, 1, 1], "rotation": 180, "texture": "#1"},
				"down": {"uv": [0, 0, 1, 1], "texture": "#1"}
			}
		},
		{
			"from": [10.4853, 21.90204, -3.89802],
			"to": [10.90702, 22.75408, -2.63286],
			"rotation": {"angle": 0, "axis": "y", "origin": [10.69616, 21.22129, -3.26485]},
			"faces": {
				"north": {"uv": [0, 0, 1, 1], "texture": "#2"},
				"east": {"uv": [0, 0, 3, 1], "texture": "#2"},
				"south": {"uv": [0, 0, 1, 1], "texture": "#2"},
				"west": {"uv": [0, 0, 3, 1], "texture": "#2"},
				"up": {"uv": [0, 0, 1, 3], "texture": "#2"},
				"down": {"uv": [0, 0, 1, 3], "texture": "#2"}
			}
		},
		{
			"from": [10.4853, 21.90009, -3.89616],
			"to": [10.90702, 22.75213, -2.631],
			"rotation": {"angle": -45, "axis": "x", "origin": [10.69616, 21.22129, -3.26485]},
			"faces": {
				"north": {"uv": [0, 0, 1, 1], "texture": "#2"},
				"east": {"uv": [0, 0, 3, 1], "texture": "#2"},
				"south": {"uv": [0, 0, 1, 1], "texture": "#2"},
				"west": {"uv": [0, 0, 3, 1], "texture": "#2"},
				"up": {"uv": [0, 0, 1, 3], "texture": "#2"},
				"down": {"uv": [0, 0, 1, 3], "texture": "#2"}
			}
		},
		{
			"from": [10.4853, 20.58549, -4.79501],
			"to": [10.90702, 21.85065, -3.94296],
			"rotation": {"angle": 0, "axis": "y", "origin": [10.69616, 21.22129, -3.26485]},
			"faces": {
				"north": {"uv": [0, 0, 1, 3], "rotation": 180, "texture": "#2"},
				"east": {"uv": [0, 0, 3, 1], "rotation": 90, "texture": "#2"},
				"south": {"uv": [0, 0, 1, 3], "texture": "#2"},
				"west": {"uv": [0, 0, 3, 1], "rotation": 270, "texture": "#2"},
				"up": {"uv": [0, 0, 1, 1], "texture": "#2"},
				"down": {"uv": [0, 0, 1, 1], "rotation": 180, "texture": "#2"}
			}
		},
		{
			"from": [10.4853, 19.69045, -3.89498],
			"to": [10.90702, 20.5425, -2.62982],
			"rotation": {"angle": 45, "axis": "x", "origin": [10.69616, 21.22129, -3.26485]},
			"faces": {
				"north": {"uv": [0, 0, 1, 1], "rotation": 180, "texture": "#2"},
				"east": {"uv": [0, 0, 3, 1], "rotation": 180, "texture": "#2"},
				"south": {"uv": [0, 0, 1, 1], "rotation": 180, "texture": "#2"},
				"west": {"uv": [0, 0, 3, 1], "rotation": 180, "texture": "#2"},
				"up": {"uv": [0, 0, 1, 3], "texture": "#2"},
				"down": {"uv": [0, 0, 1, 3], "texture": "#2"}
			}
		},
		{
			"from": [10.4853, 19.6885, -3.89684],
			"to": [10.90702, 20.54055, -2.63168],
			"rotation": {"angle": 0, "axis": "y", "origin": [10.69616, 21.22129, -3.26485]},
			"faces": {
				"north": {"uv": [0, 0, 1, 1], "rotation": 180, "texture": "#2"},
				"east": {"uv": [0, 0, 3, 1], "rotation": 180, "texture": "#2"},
				"south": {"uv": [0, 0, 1, 1], "rotation": 180, "texture": "#2"},
				"west": {"uv": [0, 0, 3, 1], "rotation": 180, "texture": "#2"},
				"up": {"uv": [0, 0, 1, 3], "texture": "#2"},
				"down": {"uv": [0, 0, 1, 3], "texture": "#2"}
			}
		},
		{
			"from": [10.4853, 20.58744, -2.58606],
			"to": [10.90702, 21.8526, -1.73401],
			"rotation": {"angle": 45, "axis": "x", "origin": [10.69616, 21.22129, -3.26485]},
			"faces": {
				"north": {"uv": [0, 0, 1, 3], "rotation": 180, "texture": "#2"},
				"east": {"uv": [0, 0, 3, 1], "rotation": 270, "texture": "#2"},
				"south": {"uv": [0, 0, 1, 3], "texture": "#2"},
				"west": {"uv": [0, 0, 3, 1], "rotation": 90, "texture": "#2"},
				"up": {"uv": [0, 0, 1, 1], "rotation": 180, "texture": "#2"},
				"down": {"uv": [0, 0, 1, 1], "texture": "#2"}
			}
		},
		{
			"from": [10.4853, 20.59194, -2.58674],
			"to": [10.90702, 21.8571, -1.7347],
			"rotation": {"angle": 0, "axis": "y", "origin": [10.69616, 21.22129, -3.26485]},
			"faces": {
				"north": {"uv": [0, 0, 1, 3], "rotation": 180, "texture": "#2"},
				"east": {"uv": [0, 0, 3, 1], "rotation": 270, "texture": "#2"},
				"south": {"uv": [0, 0, 1, 3], "texture": "#2"},
				"west": {"uv": [0, 0, 3, 1], "rotation": 90, "texture": "#2"},
				"up": {"uv": [0, 0, 1, 1], "rotation": 180, "texture": "#2"},
				"down": {"uv": [0, 0, 1, 1], "texture": "#2"}
			}
		},
		{
			"from": [10.4853, 20.59116, -2.58606],
			"to": [10.90702, 21.85632, -1.73401],
			"rotation": {"angle": -45, "axis": "x", "origin": [10.69616, 21.22129, -3.26485]},
			"faces": {
				"north": {"uv": [0, 0, 1, 3], "rotation": 180, "texture": "#2"},
				"east": {"uv": [0, 0, 3, 1], "rotation": 270, "texture": "#2"},
				"south": {"uv": [0, 0, 1, 3], "texture": "#2"},
				"west": {"uv": [0, 0, 3, 1], "rotation": 90, "texture": "#2"},
				"up": {"uv": [0, 0, 1, 1], "rotation": 180, "texture": "#2"},
				"down": {"uv": [0, 0, 1, 1], "texture": "#2"}
			}
		},
		{
			"from": [7.69583, 0.95708, 8.68409],
			"to": [8.67384, 1.93509, 18.46424],
			"rotation": {"angle": 22.5, "axis": "x", "origin": [7.20682, 3.72812, 13.24816]},
			"faces": {
				"north": {"uv": [13.1, 6.9, 13.9, 6.1], "rotation": 180, "texture": "#4"},
				"east": {"uv": [13.1, 6.9, 13.9, 6.1], "rotation": 270, "texture": "#4"},
				"south": {"uv": [13.1, 6.9, 13.9, 6.1], "texture": "#4"},
				"west": {"uv": [13.1, 6.9, 13.9, 6.1], "rotation": 90, "texture": "#4"},
				"up": {"uv": [13.1, 6.9, 13.9, 6.1], "rotation": 180, "texture": "#4"},
				"down": {"uv": [13.1, 6.9, 13.9, 6.1], "texture": "#4"}
			}
		},
		{
			"from": [-6.64839, 0.95708, 8.68409],
			"to": [-5.67038, 1.93509, 18.46424],
			"rotation": {"angle": 22.5, "axis": "x", "origin": [7.20682, 3.72812, 13.24816]},
			"faces": {
				"north": {"uv": [13.1, 6.9, 13.9, 6.1], "rotation": 180, "texture": "#4"},
				"east": {"uv": [13.1, 6.9, 13.9, 6.1], "rotation": 270, "texture": "#4"},
				"south": {"uv": [13.1, 6.9, 13.9, 6.1], "texture": "#4"},
				"west": {"uv": [13.1, 6.9, 13.9, 6.1], "rotation": 90, "texture": "#4"},
				"up": {"uv": [13.1, 6.9, 13.9, 6.1], "rotation": 180, "texture": "#4"},
				"down": {"uv": [13.1, 6.9, 13.9, 6.1], "texture": "#4"}
			}
		},
		{
			"from": [-5.67038, 0.95708, 17.48622],
			"to": [7.69583, 1.93509, 18.46424],
			"rotation": {"angle": 22.5, "axis": "x", "origin": [7.20682, 3.72812, 13.24816]},
			"faces": {
				"north": {"uv": [13.1, 6.9, 13.9, 6.1], "rotation": 180, "texture": "#4"},
				"east": {"uv": [13.1, 6.9, 13.9, 6.1], "rotation": 270, "texture": "#4"},
				"south": {"uv": [13.1, 6.9, 13.9, 6.1], "texture": "#4"},
				"west": {"uv": [13.1, 6.9, 13.9, 6.1], "rotation": 90, "texture": "#4"},
				"up": {"uv": [13.1, 6.9, 13.9, 6.1], "rotation": 180, "texture": "#4"},
				"down": {"uv": [13.1, 6.9, 13.9, 6.1], "texture": "#4"}
			}
		},
		{
			"from": [-5.67038, 0.01848, 3.76224],
			"to": [7.69583, 0.99649, 4.74026],
			"rotation": {"angle": -22.5, "axis": "x", "origin": [1.01273, 24.95786, 14.0314]},
			"faces": {
				"north": {"uv": [13.1, 6.9, 13.9, 6.1], "rotation": 180, "texture": "#4"},
				"east": {"uv": [13.1, 6.9, 13.9, 6.1], "rotation": 270, "texture": "#4"},
				"south": {"uv": [13.1, 6.9, 13.9, 6.1], "texture": "#4"},
				"west": {"uv": [13.1, 6.9, 13.9, 6.1], "rotation": 90, "texture": "#4"},
				"up": {"uv": [13.1, 6.9, 13.9, 6.1], "rotation": 180, "texture": "#4"},
				"down": {"uv": [13.1, 6.9, 13.9, 6.1], "texture": "#4"}
			}
		},
		{
			"from": [-6.64839, 0.01848, -5.03989],
			"to": [-5.67038, 0.99649, 4.74026],
			"rotation": {"angle": -22.5, "axis": "x", "origin": [1.01273, 24.95786, 14.0314]},
			"faces": {
				"north": {"uv": [13.1, 6.9, 13.9, 6.1], "rotation": 180, "texture": "#4"},
				"east": {"uv": [13.1, 6.9, 13.9, 6.1], "rotation": 270, "texture": "#4"},
				"south": {"uv": [13.1, 6.9, 13.9, 6.1], "texture": "#4"},
				"west": {"uv": [13.1, 6.9, 13.9, 6.1], "rotation": 90, "texture": "#4"},
				"up": {"uv": [13.1, 6.9, 13.9, 6.1], "rotation": 180, "texture": "#4"},
				"down": {"uv": [13.1, 6.9, 13.9, 6.1], "texture": "#4"}
			}
		},
		{
			"from": [7.69583, 0.01848, -5.03989],
			"to": [8.67384, 0.99649, 4.74026],
			"rotation": {"angle": -22.5, "axis": "x", "origin": [1.01273, 24.95786, 14.0314]},
			"faces": {
				"north": {"uv": [13.1, 6.9, 13.9, 6.1], "rotation": 180, "texture": "#4"},
				"east": {"uv": [13.1, 6.9, 13.9, 6.1], "rotation": 270, "texture": "#4"},
				"south": {"uv": [13.1, 6.9, 13.9, 6.1], "texture": "#4"},
				"west": {"uv": [13.1, 6.9, 13.9, 6.1], "rotation": 90, "texture": "#4"},
				"up": {"uv": [13.1, 6.9, 13.9, 6.1], "rotation": 180, "texture": "#4"},
				"down": {"uv": [13.1, 6.9, 13.9, 6.1], "texture": "#4"}
			}
		},
		{
			"from": [0.52372, 0.01848, -5.03989],
			"to": [1.50173, 0.99649, 4.74026],
			"rotation": {"angle": -22.5, "axis": "x", "origin": [1.01273, 24.95786, 14.0314]},
			"faces": {
				"north": {"uv": [13.1, 6.9, 13.9, 6.1], "rotation": 180, "texture": "#4"},
				"east": {"uv": [13.1, 6.9, 13.9, 6.1], "rotation": 270, "texture": "#4"},
				"south": {"uv": [13.1, 6.9, 13.9, 6.1], "texture": "#4"},
				"west": {"uv": [13.1, 6.9, 13.9, 6.1], "rotation": 90, "texture": "#4"},
				"up": {"uv": [13.1, 6.9, 13.9, 6.1], "rotation": 180, "texture": "#4"},
				"down": {"uv": [13.1, 6.9, 13.9, 6.1], "texture": "#4"}
			}
		},
		{
			"from": [-10.82497, -4.4648, -9.4599],
			"to": [13.87317, -1.8046, -9.01653],
			"rotation": {"angle": 0, "axis": "y", "origin": [-0.10592, 0.91964, -3.58958]},
			"faces": {
				"north": {"uv": [0, 0, 16, 6], "rotation": 180, "texture": "#0"},
				"east": {"uv": [0, 0, 1, 6], "rotation": 180, "texture": "#0"},
				"south": {"uv": [0, 0, 16, 6], "rotation": 180, "texture": "#0"},
				"west": {"uv": [0, 0, 1, 6], "rotation": 180, "texture": "#0"},
				"up": {"uv": [0, 0, 16, 1], "texture": "#0"},
				"down": {"uv": [0, 0, 16, 1], "texture": "#0"}
			}
		},
		{
			"from": [-10.82497, -3.84605, -7.97164],
			"to": [13.87317, -1.18585, -7.52827],
			"rotation": {"angle": 22.5, "axis": "x", "origin": [-0.10592, 0.91964, -3.58958]},
			"faces": {
				"north": {"uv": [0, 0, 16, 6], "rotation": 180, "texture": "#0"},
				"east": {"uv": [0, 0, 1, 6], "rotation": 180, "texture": "#0"},
				"south": {"uv": [0, 0, 16, 6], "rotation": 180, "texture": "#0"},
				"west": {"uv": [0, 0, 1, 6], "rotation": 180, "texture": "#0"},
				"up": {"uv": [0, 0, 16, 1], "texture": "#0"},
				"down": {"uv": [0, 0, 16, 1], "texture": "#0"}
			}
		},
		{
			"from": [-10.82497, 3.09745, -5.73141],
			"to": [13.87317, 3.54082, -3.07121],
			"rotation": {"angle": -22.5, "axis": "x", "origin": [-0.10592, 0.91964, -3.58958]},
			"faces": {
				"north": {"uv": [0, 0, 16, 1], "rotation": 180, "texture": "#0"},
				"east": {"uv": [0, 0, 1, 6], "rotation": 90, "texture": "#0"},
				"south": {"uv": [0, 0, 16, 1], "texture": "#0"},
				"west": {"uv": [0, 0, 1, 6], "rotation": 270, "texture": "#0"},
				"up": {"uv": [0, 0, 16, 6], "texture": "#0"},
				"down": {"uv": [0, 0, 16, 6], "rotation": 180, "texture": "#0"}
			}
		},
		{
			"from": [-10.82497, -2.71453, -6.82895],
			"to": [13.87317, -0.05433, -6.38558],
			"rotation": {"angle": 45, "axis": "x", "origin": [-0.10592, 0.91964, -3.58958]},
			"faces": {
				"north": {"uv": [0, 0, 16, 6], "rotation": 180, "texture": "#0"},
				"east": {"uv": [0, 0, 1, 6], "rotation": 180, "texture": "#0"},
				"south": {"uv": [0, 0, 16, 6], "rotation": 180, "texture": "#0"},
				"west": {"uv": [0, 0, 1, 6], "rotation": 180, "texture": "#0"},
				"up": {"uv": [0, 0, 16, 1], "texture": "#0"},
				"down": {"uv": [0, 0, 16, 1], "texture": "#0"}
			}
		},
		{
			"from": [-10.82497, -4.46641, -10.54935],
			"to": [13.87317, -1.80621, 2.2822],
			"rotation": {"angle": -22.5, "axis": "x", "origin": [-0.10592, 0.91964, -3.58958]},
			"faces": {
				"north": {"uv": [0, 0, 16, 6], "texture": "#0"},
				"east": {"uv": [1, 15, 2, 16], "rotation": 180, "texture": "#0"},
				"south": {"uv": [0, 0, 16, 6], "texture": "#0"},
				"west": {"uv": [1, 15, 2, 16], "texture": "#0"},
				"up": {"uv": [0, 0, 16, 1], "texture": "#0"},
				"down": {"uv": [0, 0, 16, 1], "texture": "#0"}
			}
		},
		{
			"from": [-10.82497, -7.53216, -1.48264],
			"to": [13.87317, 5.29939, 1.17756],
			"rotation": {"angle": 45, "axis": "x", "origin": [-0.10592, 0.91964, -3.58958]},
			"faces": {
				"north": {"uv": [0, 0, 16, 1], "rotation": 180, "texture": "#0"},
				"east": {"uv": [1, 15, 2, 16], "rotation": 180, "texture": "#0"},
				"south": {"uv": [0, 0, 16, 1], "texture": "#0"},
				"west": {"uv": [1, 15, 2, 16], "texture": "#0"},
				"up": {"uv": [0, 0, 16, 6], "texture": "#0"},
				"down": {"uv": [0, 0, 16, 6], "rotation": 180, "texture": "#0"}
			}
		},
		{
			"from": [-10.82497, 3.71488, -2.61477],
			"to": [13.87317, 4.15825, 0.04543],
			"rotation": {"angle": 22.5, "axis": "x", "origin": [-0.10592, 0.91964, -3.58958]},
			"faces": {
				"north": {"uv": [0, 0, 16, 1], "rotation": 180, "texture": "#0"},
				"east": {"uv": [0, 0, 1, 6], "rotation": 90, "texture": "#0"},
				"south": {"uv": [0, 0, 16, 1], "texture": "#0"},
				"west": {"uv": [0, 0, 1, 6], "rotation": 270, "texture": "#0"},
				"up": {"uv": [0, 0, 16, 6], "texture": "#0"},
				"down": {"uv": [0, 0, 16, 6], "rotation": 180, "texture": "#0"}
			}
		},
		{
			"from": [-7.23891, 3.09339, -4.10806],
			"to": [10.61312, 3.53675, -1.44786],
			"rotation": {"angle": 0, "axis": "y", "origin": [-0.10592, 0.91964, -3.58958]},
			"faces": {
				"north": {"uv": [0, 0, 16, 1], "rotation": 180, "texture": "#0"},
				"east": {"uv": [0, 0, 1, 6], "rotation": 90, "texture": "#0"},
				"south": {"uv": [0, 0, 16, 1], "texture": "#0"},
				"west": {"uv": [0, 0, 1, 6], "rotation": 270, "texture": "#0"},
				"up": {"uv": [0, 0, 16, 6], "texture": "#0"},
				"down": {"uv": [0, 0, 16, 6], "rotation": 180, "texture": "#0"}
			}
		},
		{
			"from": [-10.82497, -9.81021, -2.49216],
			"to": [13.87317, 3.34735, 0.16804],
			"rotation": {"angle": -22.5, "axis": "x", "origin": [-0.10592, -7.18904, -1.97379]},
			"faces": {
				"north": {"uv": [0, 0, 16, 1], "rotation": 180, "texture": "#0"},
				"east": {"uv": [1, 15, 2, 16], "rotation": 180, "texture": "#0"},
				"south": {"uv": [0, 0, 16, 1], "texture": "#0"},
				"west": {"uv": [1, 15, 2, 16], "texture": "#0"},
				"up": {"uv": [0, 6, 16, 12], "texture": "#0"},
				"down": {"uv": [0, 6, 16, 12], "rotation": 180, "texture": "#0"}
			}
		},
		{
			"from": [-10.82497, -6.21506, -11.89198],
			"to": [13.87317, -3.55486, 1.26558],
			"rotation": {"angle": 45, "axis": "x", "origin": [-0.10592, -7.18904, -1.97379]},
			"faces": {
				"north": {"uv": [0, 0, 16, 6], "texture": "#0"},
				"east": {"uv": [1, 15, 2, 16], "rotation": 180, "texture": "#0"},
				"south": {"uv": [0, 0, 16, 6], "texture": "#0"},
				"west": {"uv": [1, 15, 2, 16], "texture": "#0"},
				"up": {"uv": [0, 1, 16, 2], "rotation": 180, "texture": "#0"},
				"down": {"uv": [0, 1, 16, 2], "rotation": 180, "texture": "#0"}
			}
		},
		{
			"from": [-10.82497, -5.08355, -10.42329],
			"to": [13.87317, -2.42335, 2.40827],
			"rotation": {"angle": 22.5, "axis": "x", "origin": [-0.10592, -7.18904, -1.97379]},
			"faces": {
				"north": {"uv": [0, 0, 16, 6], "texture": "#0"},
				"east": {"uv": [1, 15, 2, 16], "rotation": 180, "texture": "#0"},
				"south": {"uv": [0, 0, 16, 6], "texture": "#0"},
				"west": {"uv": [1, 15, 2, 16], "texture": "#0"},
				"up": {"uv": [0, 1, 16, 2], "rotation": 180, "texture": "#0"},
				"down": {"uv": [0, 1, 16, 2], "rotation": 180, "texture": "#0"}
			}
		},
		{
			"from": [-10.82497, -4.4648, -8.93503],
			"to": [13.87317, -1.8046, 3.89653],
			"rotation": {"angle": 0, "axis": "y", "origin": [-0.10592, -7.18904, -1.97379]},
			"faces": {
				"north": {"uv": [0, 0, 16, 6], "texture": "#0"},
				"east": {"uv": [1, 15, 2, 16], "rotation": 180, "texture": "#0"},
				"south": {"uv": [0, 0, 16, 6], "texture": "#0"},
				"west": {"uv": [1, 15, 2, 16], "texture": "#0"},
				"up": {"uv": [0, 1, 16, 2], "rotation": 180, "texture": "#0"},
				"down": {"uv": [0, 1, 16, 2], "rotation": 180, "texture": "#0"}
			}
		},
		{
			"from": [-10.82497, -4.46318, -7.84557],
			"to": [13.87317, -1.80298, -7.40221],
			"rotation": {"angle": -22.5, "axis": "x", "origin": [-0.10592, -7.18904, -1.97379]},
			"faces": {
				"north": {"uv": [0, 0, 16, 6], "rotation": 180, "texture": "#0"},
				"east": {"uv": [1, 6, 2, 12], "texture": "#0"},
				"south": {"uv": [0, 0, 16, 6], "rotation": 180, "texture": "#0"},
				"west": {"uv": [1, 6, 2, 12], "texture": "#0"},
				"up": {"uv": [0, 1, 16, 2], "rotation": 180, "texture": "#0"},
				"down": {"uv": [0, 1, 16, 2], "rotation": 180, "texture": "#0"}
			}
		},
		{
			"from": [-10.82497, -11.56879, -6.74093],
			"to": [13.87317, -11.12542, -4.08073],
			"rotation": {"angle": 45, "axis": "x", "origin": [-0.10592, -7.18904, -1.97379]},
			"faces": {
				"north": {"uv": [0, 0, 16, 1], "rotation": 180, "texture": "#0"},
				"east": {"uv": [1, 6, 2, 12], "rotation": 90, "texture": "#0"},
				"south": {"uv": [0, 0, 16, 1], "texture": "#0"},
				"west": {"uv": [1, 6, 2, 12], "rotation": 270, "texture": "#0"},
				"up": {"uv": [0, 6, 16, 12], "texture": "#0"},
				"down": {"uv": [0, 6, 16, 12], "rotation": 180, "texture": "#0"}
			}
		},
		{
			"from": [-10.82497, -10.42765, -5.6088],
			"to": [13.87317, 2.72992, -2.9486],
			"rotation": {"angle": 22.5, "axis": "x", "origin": [-0.10592, -7.18904, -1.97379]},
			"faces": {
				"north": {"uv": [0, 0, 16, 1], "rotation": 180, "texture": "#0"},
				"east": {"uv": [1, 15, 2, 16], "rotation": 180, "texture": "#0"},
				"south": {"uv": [0, 0, 16, 1], "texture": "#0"},
				"west": {"uv": [1, 15, 2, 16], "texture": "#0"},
				"up": {"uv": [0, 6, 16, 12], "texture": "#0"},
				"down": {"uv": [0, 6, 16, 12], "rotation": 180, "texture": "#0"}
			}
		},
		{
			"from": [-10.82497, -9.80615, -4.1155],
			"to": [13.87317, 3.35141, -1.4553],
			"rotation": {"angle": 0, "axis": "y", "origin": [-0.10592, -7.18904, -1.97379]},
			"faces": {
				"north": {"uv": [0, 0, 16, 1], "rotation": 180, "texture": "#0"},
				"east": {"uv": [1, 15, 2, 16], "rotation": 180, "texture": "#0"},
				"south": {"uv": [0, 0, 16, 1], "texture": "#0"},
				"west": {"uv": [1, 15, 2, 16], "texture": "#0"},
				"up": {"uv": [0, 6, 16, 12], "texture": "#0"},
				"down": {"uv": [0, 6, 16, 12], "rotation": 180, "texture": "#0"}
			}
		}
	],
	"display": {
		"thirdperson_righthand": {
			"translation": [0, 0, 6.75],
			"scale": [4, 4, 4]
		},
		"ground": {
			"rotation": [-90, 0, 0],
			"translation": [0, 67.25, 0],
			"scale": [4, 4, 4]
		},
		"head": {
			"rotation": [-90, 0, 0],
			"translation": [25.25, 28.5, 0],
			"scale": [4, 4, 4]
		}
	},
	"groups": [
		{
			"name": "bone",
			"origin": [0, 0, 0],
			"color": 0,
			"nbt": "{}",
			"armAnimationEnabled": false,
			"children": [
				{
					"name": "bone10",
					"origin": [0.3487, -0.49437, -6.07899],
					"color": 0,
					"nbt": "{}",
					"armAnimationEnabled": false,
					"children": [0, 1, 2, 3, 4, 5, 6, 7, 8, 9, 10, 11, 12, 13, 14, 15]
				},
				{
					"name": "bone4",
					"origin": [0, 4.23464, -5.06751],
					"color": 0,
					"nbt": "{}",
					"armAnimationEnabled": false,
					"children": []
				},
				{
					"name": "bone3",
					"origin": [-5.01595, -7.65389, -7.81398],
					"color": 0,
					"nbt": "{}",
					"armAnimationEnabled": false,
					"children": [
						{
							"name": "bone7",
							"origin": [-10.0319, 4.23464, -5.06751],
							"color": 0,
							"nbt": "{}",
							"armAnimationEnabled": false,
							"children": [16, 17, 18, 19, 20, 21, 22, 23, 24, 25, 26, 27, 28, 29, 30, 31, 32, 33, 34, 35, 36, 37, 38, 39, 40, 41, 42, 43, 44, 45, 46, 47, 48, 49, 50, 51, 52, 53, 54, 55]
						}
					]
				},
				{
					"name": "bone5",
					"origin": [-5.35453, -7.65389, -7.81398],
					"color": 0,
					"nbt": "{}",
					"armAnimationEnabled": false,
					"children": []
				},
				{
					"name": "bone6",
					"origin": [5.42977, -7.65389, -7.81398],
					"color": 0,
					"nbt": "{}",
					"armAnimationEnabled": false,
					"children": []
				},
				{
					"name": "bone8",
					"origin": [5.33961, -7.67572, -7.83128],
					"color": 0,
					"nbt": "{}",
					"armAnimationEnabled": false,
					"children": [
						56,
						57,
						58,
						{
							"name": "bone9",
							"origin": [3.03465, -6.56348, 8.67488],
							"color": 0,
							"nbt": "{}",
							"armAnimationEnabled": false,
							"children": [59, 60, 61, 62, 63]
						},
						64,
						65,
						66,
						67,
						68,
						69,
						70,
						71,
						72,
						73,
						74,
						75,
						76,
						77,
						78,
						79,
						80,
						81,
						82,
						83,
						84,
						85,
						86,
						87,
						88,
						89,
						90,
						91,
						92,
						93,
						94,
						95,
						96,
						97,
						98,
						99,
						100,
						101,
						102,
						103,
						104,
						105,
						106,
						107,
						108,
						109,
						110,
						111,
						112,
						113,
						114,
						115,
						116,
						117,
						118,
						119,
						120,
						121,
						122,
						123,
						124,
						125,
						126,
						127,
						128,
						129,
						130,
						131,
						132,
						133,
						134,
						135,
						136,
						137,
						138,
						139,
						140,
						141,
						142,
						143,
						144,
						145,
						146,
						147,
						148,
						149,
						150,
						151
					]
				},
				{
					"name": "bone2",
					"origin": [1.26183, -15.20502, 14.85103],
					"color": 0,
					"nbt": "{}",
					"armAnimationEnabled": false,
					"children": [152, 153, 154, 155, 156, 157, 158, 159, 160, 161, 162, 163, 164, 165, 166, 167]
				}
			]
		}
	]
}