{
	"credit": "Made with Blockbench",
	"textures": {
		"0": "stand/the_world/skin",
		"particle": "stand/the_world/skin"
	},
	"elements": [
		{
			"from": [1, 1, 10],
			"to": [7, 17, 16],
			"faces": {
				"north": {"uv": [9.5, 12, 10, 13.25], "texture": "#0"},
				"east": {"uv": [9, 12, 9.5, 13.25], "texture": "#0"},
				"south": {"uv": [6, 13, 6.5, 14.25], "texture": "#0"},
				"west": {"uv": [6.5, 13, 7, 14.25], "texture": "#0"},
				"up": {"uv": [9.5, 12, 10, 13.25], "texture": "#0"},
				"down": {"uv": [9.5, 12, 10, 13.25], "texture": "#0"}
			}
		},
		{
			"from": [9, 1, 10],
			"to": [15, 17, 16],
			"faces": {
				"north": {"uv": [6.25, 13.25, 6.75, 14.5], "texture": "#0"},
				"east": {"uv": [5.75, 13.25, 6.25, 14.5], "texture": "#0"},
				"south": {"uv": [7, 13.25, 7.5, 14.5], "texture": "#0"},
				"west": {"uv": [6.5, 13.25, 7, 14.5], "texture": "#0"},
				"up": {"uv": [6.25, 13.25, 6.75, 14.5], "texture": "#0"},
				"down": {"uv": [6.25, 13.25, 6.75, 14.5], "texture": "#0"}
			}
		},
		{
			"from": [1.1, 0, 10.1],
			"to": [6.9, 18, 15.9],
			"faces": {
				"north": {"uv": [9.5, 12.5, 9.55, 12.55], "texture": "#0"},
				"east": {"uv": [9.5, 12.5, 9.55, 12.55], "texture": "#0"},
				"south": {"uv": [9.5, 12.5, 9.55, 12.55], "texture": "#0"},
				"west": {"uv": [9.5, 12.5, 9.55, 12.55], "texture": "#0"},
				"up": {"uv": [9.5, 12.5, 9.55, 12.55], "texture": "#0"},
				"down": {"uv": [9.5, 12.5, 9.55, 12.55], "texture": "#0"}
			}
		},
		{
			"from": [9.1, 0, 10.1],
			"to": [14.9, 18, 15.9],
			"faces": {
				"north": {"uv": [9.5, 12.5, 9.55, 12.55], "texture": "#0"},
				"east": {"uv": [9.5, 12.5, 9.55, 12.55], "texture": "#0"},
				"south": {"uv": [9.5, 12.5, 9.55, 12.55], "texture": "#0"},
				"west": {"uv": [9.5, 12.5, 9.55, 12.55], "texture": "#0"},
				"up": {"uv": [9.5, 12.5, 9.55, 12.55], "texture": "#0"},
				"down": {"uv": [9.5, 12.5, 9.55, 12.55], "texture": "#0"}
			}
		}
	],
	"display": {
		"head": {
			"translation": [0, -5.75, -5.75],
			"scale": [1.2, 1.1, 1.2]
		}
	}
}