{
	"credit": "Made with Blockbench",
	"texture_size": [64, 64],
	"textures": {
		"0": "stand/wonder_of_u/texture",
		"particle": "stand/wonder_of_u/texture"
	},
	"elements": [
		{
			"from": [4.25, 4.324, 5.95],
			"to": [11.75, 10.324, 13.95],
			"rotation": {"angle": 0, "axis": "y", "origin": [4, -13.676, 5.95]},
			"faces": {
				"north": {"uv": [0, 5.0225, 2, 6.465], "texture": "#0"},
				"east": {"uv": [0.1275, 6.5425, 1.83, 7.935], "texture": "#0"},
				"south": {"uv": [0.1275, 6.5425, 1.83, 7.935], "texture": "#0"},
				"west": {"uv": [0.1275, 6.5425, 1.83, 7.935], "texture": "#0"},
				"up": {"uv": [4.5, 2, 2.5, 0], "texture": "#0"},
				"down": {"uv": [4.4225, 2.3275, 2.63, 3.8425], "texture": "#0"}
			}
		},
		{
			"from": [3, 10.324, 4.95],
			"to": [13, 11.324, 14.95],
			"rotation": {"angle": 0, "axis": "y", "origin": [4, -14.676, 5.95]},
			"faces": {
				"north": {"uv": [2.2825, 2.2275, 0.38, 0.1625], "texture": "#0"},
				"east": {"uv": [2.2825, 2.2275, 0.38, 0.1625], "texture": "#0"},
				"south": {"uv": [2.2825, 2.2275, 0.38, 0.1625], "texture": "#0"},
				"west": {"uv": [2.2825, 2.2275, 0.38, 0.1625], "texture": "#0"},
				"up": {"uv": [2.2825, 2.2275, 0.38, 0.1625], "texture": "#0"},
				"down": {"uv": [2.2825, 2.2275, 0.38, 0.1625], "texture": "#0"}
			}
		},
		{
			"from": [4, 11.214, 5.95],
			"to": [12, 13.714, 13.95],
			"rotation": {"angle": 0, "axis": "y", "origin": [4, -14.676, 5.95]},
			"faces": {
				"north": {"uv": [6.0325, 7.76, 7.98, 8.4575], "texture": "#0"},
				"east": {"uv": [6.0325, 7.76, 7.98, 8.4575], "texture": "#0"},
				"south": {"uv": [6.0325, 7.76, 7.98, 8.4575], "texture": "#0"},
				"west": {"uv": [6.0325, 7.76, 7.98, 8.4575], "texture": "#0"},
				"up": {"uv": [4.4775, 5.955, 2.545, 4.0325], "texture": "#0"},
				"down": {"uv": [6.5, 0, 4.5, 2], "texture": "#0"}
			}
		},
		{
			"from": [6.0582, -1.07, 5.71927],
			"to": [8.0582, 3.18, 6.21927],
			"rotation": {"angle": 0, "axis": "y", "origin": [8.0782, -18, 4.46927]},
			"faces": {
				"north": {"uv": [2, 5, 2.5, 6], "texture": "#0"},
				"east": {"uv": [3, 9, 3.25, 10], "texture": "#0"},
				"south": {"uv": [4.75, 10.25, 5.25, 11.25], "texture": "#0"},
				"west": {"uv": [2.75, 10.5, 3, 11.5], "texture": "#0"},
				"up": {"uv": [4.75, 12, 4.25, 11.75], "texture": "#0"},
				"down": {"uv": [4.75, 12, 4.25, 12.25], "texture": "#0"}
			}
		},
		{
			"from": [14.8282, -4.25, 5.71927],
			"to": [17.8282, 1.75, 6.21927],
			"rotation": {"angle": 22.5, "axis": "z", "origin": [8.0782, -18, 4.46927]},
			"faces": {
				"north": {"uv": [4, 10.25, 4.75, 11.75], "texture": "#0"},
				"east": {"uv": [5.25, 12.5, 5.5, 14], "texture": "#0"},
				"south": {"uv": [10.25, 9.5, 11, 11], "texture": "#0"},
				"west": {"uv": [5.5, 12.5, 5.75, 14], "texture": "#0"},
				"up": {"uv": [10, 7.5, 9.25, 7.25], "texture": "#0"},
				"down": {"uv": [10, 7.5, 9.25, 7.75], "texture": "#0"}
			}
		},
		{
			"from": [7.42806, 1.25, 13.95148],
			"to": [12.42806, 4.25, 14.45148],
			"rotation": {"angle": 22.5, "axis": "y", "origin": [8.42806, -18, 13.45148]},
			"faces": {
				"north": {"uv": [11.5, 4.75, 12.75, 5.5], "texture": "#0"},
				"east": {"uv": [7.5, 8.5, 7.75, 9.25], "texture": "#0"},
				"south": {"uv": [11.76, 5.5, 12.98, 6.2125], "texture": "#0"},
				"west": {"uv": [4, 14, 3.75, 12.5], "texture": "#0"},
				"up": {"uv": [10, 3.5, 8.75, 3.25], "texture": "#0"},
				"down": {"uv": [13.5, 10.75, 12.25, 11], "texture": "#0"}
			}
		},
		{
			"from": [3.65015, 1.25, 12.42074],
			"to": [8.65015, 4.25, 12.92074],
			"rotation": {"angle": -22.5, "axis": "y", "origin": [3.65015, -18, 11.92074]},
			"faces": {
				"north": {"uv": [2.75, 11.75, 4, 12.5], "texture": "#0"},
				"east": {"uv": [4, 14, 3.75, 12.5], "texture": "#0"},
				"south": {"uv": [11.76, 5.5, 12.98, 6.2125], "texture": "#0"},
				"west": {"uv": [12.5, 8.25, 12.75, 9], "texture": "#0"},
				"up": {"uv": [7, 12.75, 5.75, 12.5], "texture": "#0"},
				"down": {"uv": [13.75, 6.25, 12.5, 6.5], "texture": "#0"}
			}
		},
		{
			"from": [12.26746, 1.25, 6.84462],
			"to": [12.51746, 4.25, 12.84462],
			"rotation": {"angle": 0, "axis": "y", "origin": [10.26746, -18, 6.34462]},
			"faces": {
				"north": {"uv": [10.275, 5.775, 11.7375, 6.475], "texture": "#0"},
				"east": {"uv": [10.275, 5.775, 11.7375, 6.475], "texture": "#0"},
				"south": {"uv": [4, 14, 3.75, 12.5], "texture": "#0"},
				"west": {"uv": [10.25, 8.75, 11.75, 9.5], "texture": "#0"},
				"up": {"uv": [4, 14, 3.75, 12.5], "texture": "#0"},
				"down": {"uv": [5.25, 12.5, 5, 14], "texture": "#0"}
			}
		},
		{
			"from": [3.26746, 1.25, 6.84462],
			"to": [3.51746, 4.25, 12.84462],
			"rotation": {"angle": 0, "axis": "y", "origin": [10.26746, -18, 6.34462]},
			"faces": {
				"north": {"uv": [12.5, 6.5, 12.75, 7.25], "texture": "#0"},
				"east": {"uv": [10, 3, 11.5, 3.75], "texture": "#0"},
				"south": {"uv": [7, 12.5, 7.25, 13.25], "texture": "#0"},
				"west": {"uv": [10.275, 5.775, 11.7375, 6.475], "texture": "#0"},
				"up": {"uv": [3.5, 14, 3.25, 12.5], "texture": "#0"},
				"down": {"uv": [3.75, 12.5, 3.5, 14], "texture": "#0"}
			}
		},
		{
			"from": [8.0782, 1.25, 4.96927],
			"to": [13.0782, 4.25, 5.46927],
			"rotation": {"angle": -22.5, "axis": "y", "origin": [8.0782, -18, 4.46927]},
			"faces": {
				"north": {"uv": [11.26, 11.53, 12.49, 12.2075], "texture": "#0"},
				"east": {"uv": [7.75, 12.5, 8, 13.25], "texture": "#0"},
				"south": {"uv": [0, 11.75, 1.25, 12.5], "texture": "#0"},
				"west": {"uv": [8, 12.5, 8.25, 13.25], "texture": "#0"},
				"up": {"uv": [13.5, 11.25, 12.25, 11], "texture": "#0"},
				"down": {"uv": [13.5, 11.25, 12.25, 11.5], "texture": "#0"}
			}
		},
		{
			"from": [3, 1.25, 6.5],
			"to": [8, 4.25, 7],
			"rotation": {"angle": 22.5, "axis": "y", "origin": [4, -18, 6]},
			"faces": {
				"north": {"uv": [11.5125, 4.025, 12.73, 4.73], "texture": "#0"},
				"east": {"uv": [8.5, 4.25, 8.75, 5], "texture": "#0"},
				"south": {"uv": [4.75, 11.5, 6, 12.25], "texture": "#0"},
				"west": {"uv": [7.25, 8.5, 7.5, 9.25], "texture": "#0"},
				"up": {"uv": [7.75, 6.5, 6.5, 6.25], "texture": "#0"},
				"down": {"uv": [10, 3, 8.75, 3.25], "texture": "#0"}
			}
		},
		{
			"from": [11, 3.574, 5.45],
			"to": [12, 10.324, 6.2],
			"rotation": {"angle": 0, "axis": "y", "origin": [4, -13.676, 5.95]},
			"faces": {
				"north": {"uv": [11.0425, 12.0425, 11.18, 13.7075], "texture": "#0"},
				"east": {"uv": [11.0425, 12.0425, 11.18, 13.7075], "texture": "#0"},
				"south": {"uv": [11.0425, 12.0425, 11.18, 13.7075], "texture": "#0"},
				"west": {"uv": [11.0425, 12.0425, 11.18, 13.7075], "texture": "#0"},
				"up": {"uv": [11.0425, 12.0425, 11.18, 13.7075], "texture": "#0"},
				"down": {"uv": [11.0425, 12.0425, 11.18, 13.7075], "texture": "#0"}
			}
		},
		{
			"from": [10, 4.074, 5.7],
			"to": [11, 10.324, 5.95],
			"rotation": {"angle": 0, "axis": "y", "origin": [4, -13.676, 5.95]},
			"faces": {
				"north": {"uv": [0.2875, 12.5575, 0.48, 13.98], "texture": "#0"},
				"east": {"uv": [0.2875, 12.5575, 0.48, 13.98], "texture": "#0"},
				"south": {"uv": [0.2875, 12.5575, 0.48, 13.98], "texture": "#0"},
				"west": {"uv": [0.2875, 12.5575, 0.48, 13.98], "texture": "#0"},
				"up": {"uv": [0.2875, 12.5575, 0.48, 13.98], "texture": "#0"},
				"down": {"uv": [0.2875, 12.5575, 0.48, 13.98], "texture": "#0"}
			}
		},
		{
			"from": [5, 4.074, 5.7],
			"to": [6, 10.324, 5.95],
			"rotation": {"angle": 0, "axis": "y", "origin": [4, -13.676, 5.95]},
			"faces": {
				"north": {"uv": [0.2875, 12.5575, 0.48, 13.98], "texture": "#0"},
				"east": {"uv": [0.2875, 12.5575, 0.48, 13.98], "texture": "#0"},
				"south": {"uv": [0.2875, 12.5575, 0.48, 13.98], "texture": "#0"},
				"west": {"uv": [0.2875, 12.5575, 0.48, 13.98], "texture": "#0"},
				"up": {"uv": [0.2875, 12.5575, 0.48, 13.98], "texture": "#0"},
				"down": {"uv": [0.2875, 12.5575, 0.48, 13.98], "texture": "#0"}
			}
		},
		{
			"from": [4, 3.574, 5.2],
			"to": [5, 10.324, 5.95],
			"rotation": {"angle": 0, "axis": "y", "origin": [4, -13.676, 5.95]},
			"faces": {
				"north": {"uv": [11.0425, 12.0425, 11.18, 13.7075], "texture": "#0"},
				"east": {"uv": [11.0425, 12.0425, 11.18, 13.7075], "texture": "#0"},
				"south": {"uv": [11.0425, 12.0425, 11.18, 13.7075], "texture": "#0"},
				"west": {"uv": [11.0425, 12.0425, 11.18, 13.7075], "texture": "#0"},
				"up": {"uv": [11.0425, 12.0425, 11.18, 13.7075], "texture": "#0"},
				"down": {"uv": [11.0425, 12.0425, 11.18, 13.7075], "texture": "#0"}
			}
		},
		{
			"from": [11.75, 8.574, 8.95],
			"to": [12.5, 9.324, 9.7],
			"rotation": {"angle": 0, "axis": "y", "origin": [4, -13.676, 5.95]},
			"faces": {
				"north": {"uv": [12.5, 9, 12.75, 9.25], "texture": "#0"},
				"east": {"uv": [9.5, 12.5, 9.75, 12.75], "texture": "#0"},
				"south": {"uv": [9.75, 12.5, 10, 12.75], "texture": "#0"},
				"west": {"uv": [12.5, 11.5, 12.75, 11.75], "texture": "#0"},
				"up": {"uv": [12.75, 12, 12.5, 11.75], "texture": "#0"},
				"down": {"uv": [12.75, 12, 12.5, 12.25], "texture": "#0"}
			}
		},
		{
			"from": [3.5, 8.574, 8.95],
			"to": [4.25, 9.324, 9.7],
			"rotation": {"angle": 0, "axis": "y", "origin": [4, -13.676, 5.95]},
			"faces": {
				"north": {"uv": [12.5, 12.25, 12.75, 12.5], "texture": "#0"},
				"east": {"uv": [12.5, 12.5, 12.75, 12.75], "texture": "#0"},
				"south": {"uv": [12.75, 1, 13, 1.25], "texture": "#0"},
				"west": {"uv": [12.75, 1.25, 13, 1.5], "texture": "#0"},
				"up": {"uv": [13, 1.75, 12.75, 1.5], "texture": "#0"},
				"down": {"uv": [13, 1.75, 12.75, 2], "texture": "#0"}
			}
		},
		{
			"from": [3.5, 5.324, 8.95],
			"to": [4.25, 6.074, 9.7],
			"rotation": {"angle": 0, "axis": "y", "origin": [4, -13.676, 5.95]},
			"faces": {
				"north": {"uv": [12.75, 2, 13, 2.25], "texture": "#0"},
				"east": {"uv": [12.75, 2.25, 13, 2.5], "texture": "#0"},
				"south": {"uv": [12.75, 2.5, 13, 2.75], "texture": "#0"},
				"west": {"uv": [12.75, 2.75, 13, 3], "texture": "#0"},
				"up": {"uv": [13, 3.25, 12.75, 3], "texture": "#0"},
				"down": {"uv": [13, 3.25, 12.75, 3.5], "texture": "#0"}
			}
		},
		{
			"from": [11.75, 5.324, 8.95],
			"to": [12.5, 6.074, 9.7],
			"rotation": {"angle": 0, "axis": "y", "origin": [4, -13.676, 5.95]},
			"faces": {
				"north": {"uv": [12.75, 3.5, 13, 3.75], "texture": "#0"},
				"east": {"uv": [12.75, 3.75, 13, 4], "texture": "#0"},
				"south": {"uv": [12.75, 4, 13, 4.25], "texture": "#0"},
				"west": {"uv": [12.75, 4.25, 13, 4.5], "texture": "#0"},
				"up": {"uv": [13, 4.75, 12.75, 4.5], "texture": "#0"},
				"down": {"uv": [13, 4.75, 12.75, 5], "texture": "#0"}
			}
		},
		{
			"from": [11.75, 6.824, 8.95],
			"to": [13.25, 7.824, 9.7],
			"rotation": {"angle": 0, "axis": "y", "origin": [4, -13.676, 5.95]},
			"faces": {
				"north": {"uv": [7.75, 6.25, 8.25, 6.5], "texture": "#0"},
				"east": {"uv": [12.75, 5, 13, 5.25], "texture": "#0"},
				"south": {"uv": [8, 4.75, 8.5, 5], "texture": "#0"},
				"west": {"uv": [12.75, 5.25, 13, 5.5], "texture": "#0"},
				"up": {"uv": [9.25, 6, 8.75, 5.75], "texture": "#0"},
				"down": {"uv": [9.25, 6, 8.75, 6.25], "texture": "#0"}
			}
		},
		{
			"from": [2.75, 6.824, 8.95],
			"to": [4.25, 7.824, 9.7],
			"rotation": {"angle": 0, "axis": "y", "origin": [4, -13.676, 5.95]},
			"faces": {
				"north": {"uv": [10, 3.75, 10.5, 4], "texture": "#0"},
				"east": {"uv": [5.75, 12.75, 6, 13], "texture": "#0"},
				"south": {"uv": [10, 4, 10.5, 4.25], "texture": "#0"},
				"west": {"uv": [6, 12.75, 6.25, 13], "texture": "#0"},
				"up": {"uv": [11.25, 5.5, 10.75, 5.25], "texture": "#0"},
				"down": {"uv": [11.25, 5.5, 10.75, 5.75], "texture": "#0"}
			}
		},
		{
			"from": [9, 7.824, 5.45],
			"to": [10.5, 9.324, 5.7],
			"rotation": {"angle": 0, "axis": "y", "origin": [4, -13.676, 5.95]},
			"faces": {
				"north": {"uv": [8.0125, 4.2675, 8.49, 4.7225], "texture": "#0"},
				"east": {"uv": [3.7675, 7.51, 3.995, 7.99], "texture": "#0"},
				"south": {"uv": [3.7675, 7.51, 3.995, 7.99], "texture": "#0"},
				"west": {"uv": [3.7675, 7.51, 3.995, 7.99], "texture": "#0"},
				"up": {"uv": [3.7675, 7.51, 3.995, 7.99], "texture": "#0"},
				"down": {"uv": [3.7675, 7.51, 3.995, 7.99], "texture": "#0"}
			}
		},
		{
			"from": [5.5, 7.824, 5.45],
			"to": [7, 9.324, 5.7],
			"rotation": {"angle": 0, "axis": "y", "origin": [4, -13.676, 5.95]},
			"faces": {
				"north": {"uv": [8.0125, 4.2675, 8.49, 4.7225], "texture": "#0"},
				"east": {"uv": [3.7675, 7.51, 3.995, 7.99], "texture": "#0"},
				"south": {"uv": [3.7675, 7.51, 3.995, 7.99], "texture": "#0"},
				"west": {"uv": [3.7675, 7.51, 3.995, 7.99], "texture": "#0"},
				"up": {"uv": [3.7675, 7.51, 3.995, 7.99], "texture": "#0"},
				"down": {"uv": [3.7675, 7.51, 3.995, 7.99], "texture": "#0"}
			}
		}
	],
	"display": {
		"head": {
			"translation": [0, 1.5, -3.5],
			"scale": [1.6, 1.6, 1.6]
		}
	},
	"groups": [
		{
			"name": "model",
			"origin": [0, 0, 0],
			"color": 0,
			"nbt": "{}",
			"armAnimationEnabled": false,
			"children": [
				{
					"name": "head",
					"origin": [0, 24, 0],
					"color": 0,
					"nbt": "{}",
					"armAnimationEnabled": false,
					"children": [
						0,
						{
							"name": "hat",
							"origin": [-4, 1, -4],
							"color": 0,
							"nbt": "{}",
							"armAnimationEnabled": false,
							"children": [1, 2, 3, 4, 5, 6, 7, 8, 9, 10]
						},
						11,
						12,
						13,
						14,
						15,
						16,
						17,
						18,
						19,
						20,
						21,
						22
					]
				},
				{
					"name": "body",
					"origin": [0, 12, 1.75],
					"color": 0,
					"nbt": "{}",
					"armAnimationEnabled": false,
					"children": [
						{
							"name": "bone",
							"origin": [0, 12, 1.75],
							"color": 0,
							"nbt": "{}",
							"armAnimationEnabled": false,
							"children": []
						},
						{
							"name": "bone2",
							"origin": [0, 18, 1.75],
							"color": 0,
							"nbt": "{}",
							"armAnimationEnabled": false,
							"children": [
								{
									"name": "scarf",
									"origin": [-4, 2, -4],
									"color": 0,
									"nbt": "{}",
									"armAnimationEnabled": false,
									"children": []
								}
							]
						}
					]
				},
				{
					"name": "rightarm",
					"origin": [4.5, 24, -0.25],
					"color": 0,
					"nbt": "{}",
					"armAnimationEnabled": false,
					"children": [
						{
							"name": "bone3",
							"origin": [4.5, 24, -0.25],
							"color": 0,
							"nbt": "{}",
							"armAnimationEnabled": false,
							"children": []
						},
						{
							"name": "bone4",
							"origin": [6.25, 18, 1.75],
							"color": 0,
							"nbt": "{}",
							"armAnimationEnabled": false,
							"children": [
								{
									"name": "cane",
									"origin": [6.25, 13.25, -2],
									"color": 0,
									"nbt": "{}",
									"armAnimationEnabled": false,
									"children": []
								}
							]
						}
					]
				},
				{
					"name": "leftarm",
					"origin": [-4.75, 24, -0.25],
					"color": 0,
					"nbt": "{}",
					"armAnimationEnabled": false,
					"children": [
						{
							"name": "bone5",
							"origin": [-4.75, 24, -0.25],
							"color": 0,
							"nbt": "{}",
							"armAnimationEnabled": false,
							"children": []
						},
						{
							"name": "bone6",
							"origin": [-7.75, 18, 1.75],
							"color": 0,
							"nbt": "{}",
							"armAnimationEnabled": false,
							"children": []
						}
					]
				},
				{
					"name": "rightleg",
					"origin": [2, 12, 2],
					"color": 0,
					"nbt": "{}",
					"armAnimationEnabled": false,
					"children": [
						{
							"name": "bone7",
							"origin": [2, 12, 2],
							"color": 0,
							"nbt": "{}",
							"armAnimationEnabled": false,
							"children": []
						},
						{
							"name": "bone8",
							"origin": [2, 6, -2.25],
							"color": 0,
							"nbt": "{}",
							"armAnimationEnabled": false,
							"children": []
						}
					]
				},
				{
					"name": "leftleg",
					"origin": [-2, 12, 1.75],
					"color": 0,
					"nbt": "{}",
					"armAnimationEnabled": false,
					"children": [
						{
							"name": "bone9",
							"origin": [-2, 12, 1.75],
							"color": 0,
							"nbt": "{}",
							"armAnimationEnabled": false,
							"children": []
						},
						{
							"name": "bone10",
							"origin": [-2, 6, -2.25],
							"color": 0,
							"nbt": "{}",
							"armAnimationEnabled": false,
							"children": []
						}
					]
				}
			]
		}
	]
}