{
	"credit": "Made with Blockbench",
	"textures": {
		"0": "stand/wonder_of_u/texture",
		"1": "block/spruce_log",
		"particle": "stand/wonder_of_u/texture"
	},
	"elements": [
		{
			"from": [5.8, 12.1, 4.7],
			"to": [10.2, 16.5, 17.9],
			"rotation": {"angle": 0, "axis": "y", "origin": [-0.8, 0, -0.8]},
			"faces": {
				"north": {"uv": [2.51758, 4.17008, 4.46582, 5.97824], "texture": "#0"},
				"east": {"uv": [2.51758, 4.17008, 4.46582, 5.97824], "texture": "#0"},
				"south": {"uv": [2.51758, 4.17008, 4.46582, 5.97824], "texture": "#0"},
				"west": {"uv": [2.51758, 4.17008, 4.46582, 5.97824], "texture": "#0"},
				"up": {"uv": [2.51758, 4.17008, 4.46582, 5.97824], "texture": "#0"},
				"down": {"uv": [2.51758, 4.17008, 4.46582, 5.97824], "texture": "#0"}
			}
		},
		{
			"from": [6.526, 12.1, 2.5],
			"to": [10.2, 16.5, 4.7],
			"rotation": {"angle": 0, "axis": "y", "origin": [-0.8, 0, -0.8]},
			"faces": {
				"north": {"uv": [11.0125, 9.5325, 11.9475, 10.4575], "texture": "#0"},
				"east": {"uv": [11.0125, 9.5325, 11.9475, 10.4575], "texture": "#0"},
				"south": {"uv": [11.0125, 9.5325, 11.9475, 10.4575], "texture": "#0"},
				"west": {"uv": [11.0125, 9.5325, 11.9475, 10.4575], "texture": "#0"},
				"up": {"uv": [11.0125, 9.5325, 11.9475, 10.4575], "texture": "#0"},
				"down": {"uv": [11.0125, 9.5325, 11.9475, 10.4575], "texture": "#0"}
			}
		},
		{
			"from": [10.1572, 13.97757, 3.25625],
			"to": [10.2342, 14.69944, 3.94375],
			"rotation": {"angle": -45, "axis": "x", "origin": [10.2, 14.3385, 3.6]},
			"faces": {
				"north": {"uv": [12.2, 14.1975, 12.5525, 14.565], "texture": "#0"},
				"east": {"uv": [12.2, 14.1975, 12.5525, 14.565], "texture": "#0"},
				"south": {"uv": [12.2, 14.1975, 12.5525, 14.565], "texture": "#0"},
				"west": {"uv": [12.2, 14.1975, 12.5525, 14.565], "texture": "#0"},
				"up": {"uv": [12.2, 14.1975, 12.5525, 14.565], "texture": "#0"},
				"down": {"uv": [12.2, 14.1975, 12.5525, 14.565], "texture": "#0"}
			}
		},
		{
			"from": [10.1615, 13.97757, 3.25625],
			"to": [10.2385, 14.69944, 3.94375],
			"rotation": {"angle": 0, "axis": "z", "origin": [10.2, 14.3385, 3.6]},
			"faces": {
				"north": {"uv": [12.2, 14.1975, 12.5525, 14.565], "texture": "#0"},
				"east": {"uv": [12.2, 14.1975, 12.5525, 14.565], "texture": "#0"},
				"south": {"uv": [12.2, 14.1975, 12.5525, 14.565], "texture": "#0"},
				"west": {"uv": [12.2, 14.1975, 12.5525, 14.565], "texture": "#0"},
				"up": {"uv": [12.2, 14.1975, 12.5525, 14.565], "texture": "#0"},
				"down": {"uv": [12.2, 14.1975, 12.5525, 14.565], "texture": "#0"}
			}
		},
		{
			"from": [10.1615, 15.35257, 3.25625],
			"to": [10.2385, 16.07444, 3.94375],
			"rotation": {"angle": 0, "axis": "z", "origin": [10.2, 15.7135, 3.6]},
			"faces": {
				"north": {"uv": [12.2, 14.1975, 12.5525, 14.565], "texture": "#0"},
				"east": {"uv": [12.2, 14.1975, 12.5525, 14.565], "texture": "#0"},
				"south": {"uv": [12.2, 14.1975, 12.5525, 14.565], "texture": "#0"},
				"west": {"uv": [12.2, 14.1975, 12.5525, 14.565], "texture": "#0"},
				"up": {"uv": [12.2, 14.1975, 12.5525, 14.565], "texture": "#0"},
				"down": {"uv": [12.2, 14.1975, 12.5525, 14.565], "texture": "#0"}
			}
		},
		{
			"from": [10.1572, 15.35257, 3.25625],
			"to": [10.2342, 16.07444, 3.94375],
			"rotation": {"angle": -45, "axis": "x", "origin": [10.2, 15.7135, 3.6]},
			"faces": {
				"north": {"uv": [12.2, 14.1975, 12.5525, 14.565], "texture": "#0"},
				"east": {"uv": [12.2, 14.1975, 12.5525, 14.565], "texture": "#0"},
				"south": {"uv": [12.2, 14.1975, 12.5525, 14.565], "texture": "#0"},
				"west": {"uv": [12.2, 14.1975, 12.5525, 14.565], "texture": "#0"},
				"up": {"uv": [12.2, 14.1975, 12.5525, 14.565], "texture": "#0"},
				"down": {"uv": [12.2, 14.1975, 12.5525, 14.565], "texture": "#0"}
			}
		},
		{
			"from": [10.1615, 12.60257, 3.25625],
			"to": [10.2385, 13.32444, 3.94375],
			"rotation": {"angle": 0, "axis": "z", "origin": [10.2, 12.9635, 3.6]},
			"faces": {
				"north": {"uv": [12.2, 14.1975, 12.5525, 14.565], "texture": "#0"},
				"east": {"uv": [12.2, 14.1975, 12.5525, 14.565], "texture": "#0"},
				"south": {"uv": [12.2, 14.1975, 12.5525, 14.565], "texture": "#0"},
				"west": {"uv": [12.2, 14.1975, 12.5525, 14.565], "texture": "#0"},
				"up": {"uv": [12.2, 14.1975, 12.5525, 14.565], "texture": "#0"},
				"down": {"uv": [12.2, 14.1975, 12.5525, 14.565], "texture": "#0"}
			}
		},
		{
			"from": [10.1572, 12.60257, 3.25625],
			"to": [10.2342, 13.32444, 3.94375],
			"rotation": {"angle": -45, "axis": "x", "origin": [10.2, 12.9635, 3.6]},
			"faces": {
				"north": {"uv": [12.2, 14.1975, 12.5525, 14.565], "texture": "#0"},
				"east": {"uv": [12.2, 14.1975, 12.5525, 14.565], "texture": "#0"},
				"south": {"uv": [12.2, 14.1975, 12.5525, 14.565], "texture": "#0"},
				"west": {"uv": [12.2, 14.1975, 12.5525, 14.565], "texture": "#0"},
				"up": {"uv": [12.2, 14.1975, 12.5525, 14.565], "texture": "#0"},
				"down": {"uv": [12.2, 14.1975, 12.5525, 14.565], "texture": "#0"}
			}
		},
		{
			"from": [5.525, 11.825, 8],
			"to": [10.475, 16.775, 9.1],
			"rotation": {"angle": 0, "axis": "y", "origin": [-0.8, 0, -0.8]},
			"faces": {
				"north": {"uv": [12.015, 14.205, 12.725, 14.54], "texture": "#0"},
				"east": {"uv": [12.015, 14.205, 12.725, 14.54], "texture": "#0"},
				"south": {"uv": [12.015, 14.205, 12.725, 14.54], "texture": "#0"},
				"west": {"uv": [12.015, 14.205, 12.725, 14.54], "texture": "#0"},
				"up": {"uv": [12.22, 14.035, 12.5325, 14.7375], "texture": "#0"},
				"down": {"uv": [12.22, 14.035, 12.5325, 14.7375], "texture": "#0"}
			}
		},
		{
			"from": [5.525, 11.825, 5.8],
			"to": [10.475, 16.775, 6.9],
			"rotation": {"angle": 0, "axis": "y", "origin": [-0.8, 0, -0.8]},
			"faces": {
				"north": {"uv": [12.015, 14.205, 12.725, 14.54], "texture": "#0"},
				"east": {"uv": [12.015, 14.205, 12.725, 14.54], "texture": "#0"},
				"south": {"uv": [12.015, 14.205, 12.725, 14.54], "texture": "#0"},
				"west": {"uv": [12.015, 14.205, 12.725, 14.54], "texture": "#0"},
				"up": {"uv": [12.22, 14.035, 12.5325, 14.7375], "texture": "#0"},
				"down": {"uv": [12.22, 14.035, 12.5325, 14.7375], "texture": "#0"}
			}
		},
		{
			"from": [5.525, 11.825, 16.987],
			"to": [10.475, 16.775, 18.087],
			"rotation": {"angle": 0, "axis": "y", "origin": [-0.8, 0, -0.8]},
			"faces": {
				"north": {"uv": [2.51758, 4.06258, 4.46582, 5.97824], "texture": "#0"},
				"east": {"uv": [2.51758, 4.06258, 4.46582, 5.97824], "texture": "#0"},
				"south": {"uv": [2.51758, 4.06258, 4.46582, 5.97824], "texture": "#0"},
				"west": {"uv": [2.51758, 4.06258, 4.46582, 5.97824], "texture": "#0"},
				"up": {"uv": [2.51758, 4.06258, 4.46582, 5.97824], "texture": "#0"},
				"down": {"uv": [2.51758, 4.06258, 4.46582, 5.97824], "texture": "#0"}
			}
		},
		{
			"from": [6.383, -4.213, -2.285],
			"to": [7.307, 13.519, -1.361],
			"rotation": {"angle": 22.5, "axis": "x", "origin": [6.845, 10.44655, 0.57849]},
			"faces": {
				"north": {"uv": [2, 0, 4, 16], "texture": "#1"},
				"east": {"uv": [4, 0, 6, 16], "texture": "#1"},
				"south": {"uv": [6, 0, 8, 16], "texture": "#1"},
				"west": {"uv": [0, 0, 2, 16], "texture": "#1"},
				"up": {"uv": [0, 0, 1, 1], "texture": "#1"},
				"down": {"uv": [0, 0, 1, 1], "texture": "#1"}
			}
		},
		{
			"from": [6.383, 12.19578, -3.24534],
			"to": [7.307, 13.49847, -2.32134],
			"rotation": {"angle": 45, "axis": "x", "origin": [6.845, 10.44655, 0.57849]},
			"faces": {
				"north": {"uv": [0, 1, 2, 2.40984], "texture": "#1"},
				"east": {"uv": [0, 0, 2, 1.40984], "texture": "#1"},
				"south": {"uv": [0, 3, 2, 4.40984], "texture": "#1"},
				"west": {"uv": [0, 2, 2, 3.40984], "texture": "#1"},
				"up": {"uv": [0, 0, 1, 1], "texture": "#1"},
				"down": {"uv": [2, 0, 4, 1], "texture": "#1"}
			}
		},
		{
			"from": [6.383, 14.2257, 1.93767],
			"to": [7.307, 15.1497, 3.24037],
			"rotation": {"angle": -22.5, "axis": "x", "origin": [6.845, 10.44655, 0.57849]},
			"faces": {
				"north": {"uv": [0, 0, 2, 1], "rotation": 180, "texture": "#1"},
				"east": {"uv": [2, 2, 4, 3.40984], "rotation": 270, "texture": "#1"},
				"south": {"uv": [0, 1, 2, 2], "texture": "#1"},
				"west": {"uv": [2, 0, 4, 1.40984], "rotation": 90, "texture": "#1"},
				"up": {"uv": [0, 4, 2, 5.40984], "rotation": 180, "texture": "#1"},
				"down": {"uv": [0, 2, 2, 3.40984], "texture": "#1"}
			}
		},
		{
			"from": [6.383, 14.88521, 1.2372],
			"to": [7.307, 15.80921, 2.5399],
			"rotation": {"angle": 0, "axis": "x", "origin": [6.845, 10.44655, 0.57849]},
			"faces": {
				"north": {"uv": [0, 0, 1, 1], "rotation": 180, "texture": "#1"},
				"east": {"uv": [0, 0, 1, 1.40984], "rotation": 270, "texture": "#1"},
				"south": {"uv": [0, 0, 2, 1], "texture": "#1"},
				"west": {"uv": [0, 1, 2, 2.40984], "rotation": 90, "texture": "#1"},
				"up": {"uv": [0, 3, 2, 4.40984], "rotation": 180, "texture": "#1"},
				"down": {"uv": [0, 2, 2, 3.40984], "texture": "#1"}
			}
		},
		{
			"from": [6.383, 15.20061, -0.62147],
			"to": [7.307, 16.12461, 0.68123],
			"rotation": {"angle": 45, "axis": "x", "origin": [6.845, 10.44655, 0.57849]},
			"faces": {
				"north": {"uv": [1, 0, 2, 1], "texture": "#1"},
				"east": {"uv": [0, 5.40984, 2, 6.81969], "rotation": 270, "texture": "#1"},
				"south": {"uv": [1, 0, 2, 1], "rotation": 180, "texture": "#1"},
				"west": {"uv": [0, 3.40984, 2, 4.81969], "rotation": 90, "texture": "#1"},
				"up": {"uv": [3, 3.40984, 5, 4.81969], "rotation": 180, "texture": "#1"},
				"down": {"uv": [3, 1.40984, 5, 2.81969], "texture": "#1"}
			}
		},
		{
			"from": [6.383, 11.22294, 4.94043],
			"to": [7.307, 12.52563, 5.86443],
			"rotation": {"angle": -22.5, "axis": "x", "origin": [6.845, 10.44655, 0.57849]},
			"faces": {
				"north": {"uv": [3, 1, 5, 2.40984], "texture": "#1"},
				"east": {"uv": [5, 3, 7, 4.40984], "texture": "#1"},
				"south": {"uv": [6, 1, 8, 2.40984], "texture": "#1"},
				"west": {"uv": [2, 3, 4, 4.40984], "texture": "#1"},
				"up": {"uv": [0, 1, 1, 2], "texture": "#1"},
				"down": {"uv": [0, 1, 1, 2], "texture": "#1"}
			}
		},
		{
			"from": [6.383, 15.22809, 0.33861],
			"to": [7.307, 16.15209, 1.64131],
			"rotation": {"angle": 22.5, "axis": "x", "origin": [6.845, 10.44655, 0.57849]},
			"faces": {
				"north": {"uv": [0, 0, 1, 1], "rotation": 180, "texture": "#1"},
				"east": {"uv": [0, 0, 2, 1.40984], "rotation": 270, "texture": "#1"},
				"south": {"uv": [0, 0, 1, 1], "texture": "#1"},
				"west": {"uv": [2, 0, 4, 1.40984], "rotation": 90, "texture": "#1"},
				"up": {"uv": [0, 2, 2, 3.40984], "rotation": 180, "texture": "#1"},
				"down": {"uv": [2, 2, 4, 3.40984], "texture": "#1"}
			}
		}
	],
	"display": {
		"thirdperson_righthand": {
			"translation": [1, -8, 3]
		}
	},
	"groups": [
		0,
		1,
		2,
		3,
		4,
		5,
		6,
		7,
		8,
		9,
		10,
		{
			"name": "cane",
			"origin": [8, 8, 8],
			"color": 0,
			"nbt": "{}",
			"armAnimationEnabled": false,
			"children": [11, 12, 13, 14, 15, 16, 17]
		}
	]
}