{
	"format_version": "1.8.0",
	"animations": {
		"idle": {
			"loop": true,
			"animation_length": 8.2,
			"bones": {
				"body3": {
					"rotation": {
						"3.4": [-5.5, 0, 0],
						"8.15": [-7.5, 0, 0]
					},
					"position": {
						"0.0": [0, -2, 0.9],
						"3.4": [0, -1, 1],
						"3.5": [0, -1.03, 0.8],
						"8.15": [0, -2, 1.1]
					}
				},
				"SoftAndWet3": {
					"position": {
						"0.0": [0, 0, 0],
						"3.4": [0, 2, 0],
						"4.0": [0, 2.2, 0],
						"4.65": [0, 2, 0],
						"8.0": [0, 0, 0],
						"8.15": [0, 0, 0]
					}
				},
				"head2": {
					"rotation": {
						"3.4": [3.27868, -0.32382, -1.81572],
						"7.85": [2.5, 0, 0],
						"8.2": [3.27963, 0.16443, -2.89116]
					},
					"position": {
						"0.0": [0, -1.7, 1.7],
						"8.15": [0, -1.7, 1.7]
					}
				},
				"leg4": {
					"rotation": {
						"0.15": [5, 0, 0],
						"8.15": [5, 0, 0]
					}
				},
				"Left8": {
					"rotation": {
						"0.15": [4.88206, 1.08089, -12.45392],
						"3.4": [6.09368, 0.99637, -16.1579],
						"8.15": [4.88206, 1.08089, -12.45392]
					},
					"position": {
						"0.15": [0, 0, -1],
						"3.5": [0, 0, 0.2],
						"8.15": [0, 0, -1]
					}
				},
				"Right8": {
					"rotation": {
						"0.15": [-2.61794, -1.08089, 12.45392],
						"3.4": [3.38206, -1.08089, 12.45392],
						"8.15": [-2.61794, -1.08089, 12.45392]
					}
				},
				"bottom7": {
					"rotation": {
						"0.15": [7.92572, 17.63392, 1.41226],
						"8.15": [7.92572, 17.63392, 1.41226]
					},
					"position": {
						"0.15": [0, 0.2, 0],
						"8.15": [0, 0.2, 0]
					}
				},
				"Left7": {
					"rotation": {
						"0.15": [-14.15997, 0.76837, 21.69456],
						"3.4": [-20.5047, 4.14415, 27.10187],
						"8.15": [-14.15997, 0.76837, 21.69456]
					}
				},
				"botom8": {
					"rotation": {
						"0.0": [-10.58504, -1.321, 7.36647],
						"6.3": [-67.93133, 78.57035, -60.40921],
						"8.15": [-108.84629, 78.81082, -102.06536]
					},
					"position": [-0.3, 0, 0]
				},
				"Right7": {
					"rotation": {
						"0.15": [-13.87711, 0.61784, -20.80619],
						"3.4": [-6.37711, 0.61784, -20.80619],
						"8.15": [-13.87711, 0.61784, -20.80619]
					}
				},
				"botom7": {
					"rotation": {
						"0.0": [-4.25772, 0.3211, -2.43212],
						"5.55": [-7.25772, 0.3211, -2.43212],
						"6.3": [-6.39603, -0.23608, -7.401],
						"8.0": [-4.25772, 0.3211, -2.43212]
					}
				},
				"leftears": {
					"rotation": {
						"0.0": [0, 0, 0],
						"6.3": [-42.5, 0, 0],
						"8.0": [0, 0, 0],
						"8.15": [0, 0, 0]
					},
					"position": {
						"0.0": [0, 0.1, 0],
						"6.3": [0, 0, 0],
						"8.0": [0, 0.1, 0],
						"8.15": [0, 0.1, 0]
					}
				},
				"top": {
					"rotation": [4, 0, 0]
				},
				"bottom": {
					"rotation": {
						"0.0": [17.5, 0, 0],
						"8.15": [17.5, 0, 0]
					},
					"position": {
						"0.0": [0, 0.4, 0],
						"8.15": [0, 0.4, 0]
					}
				},
				"rightears": {
					"rotation": {
						"0.0": [2, 0, 0],
						"6.3": [12, 0, 0],
						"8.0": [2, 0, 0],
						"8.15": [2, 0, 0]
					},
					"position": {
						"0.0": [0, 0, -0.1],
						"6.3": [0, -0.6, 0],
						"8.0": [0, 0.1, 0],
						"8.15": [0, 0, -0.1]
					}
				},
				"Eye5": {
					"position": {
						"0.0": [0, 0, -0.2],
						"2.75": [0, 0, -0.1],
						"8.1": [0, 0, -0.2],
						"8.15": [0, 0, -0.2]
					}
				},
				"Eye4": {
					"position": {
						"0.0": [0, 0, -0.2],
						"2.75": [0, 0, -0.1],
						"8.1": [0, 0, -0.2]
					}
				}
			}
		},
		"sit": {
			"loop": true,
			"animation_length": 7.95,
			"bones": {
				"SoftAndWet3": {
					"position": {
						"0.0": [0, -4, -2],
						"7.4": [0, -4, -2]
					}
				},
				"head2": {
					"rotation": {
						"0.0": [-4.8636, 1.1607, -0.08707],
						"3.95": [-4.90944, 0.94771, -2.57841],
						"7.45": [-4.8636, 1.1607, -0.08707]
					},
					"position": {
						"0.0": [0, 0, 5.6],
						"7.45": [0, 0, 5.6]
					}
				},
				"leftears": {
					"rotation": {
						"0.85": [-25, 0, 0],
						"2.0": [-30, 0, 0],
						"3.05": [-17.5, 0, 0]
					}
				},
				"rightears": {
					"rotation": {
						"0.85": [20, 0, 0],
						"2.0": [32.5, 0, 0],
						"3.05": [25, 0, 0]
					}
				},
				"body3": {
					"rotation": {
						"0.0": [-11.4658, -0.77226, 0.93375],
						"1.75": [-15.4658, -0.77226, 0.93375],
						"6.15": [-13.4658, -0.77226, 0.93375],
						"7.4": [-11.4658, -0.77226, 0.93375]
					},
					"position": {
						"0.0": [0, 1, 4],
						"7.4": [0, 1, 4]
					}
				},
				"leg4": {
					"rotation": {
						"0.0": [315.34335, -2.25519, -1.62262],
						"7.4": [315.34335, -2.25519, -1.62262]
					},
					"position": {
						"0.0": [0, 3, 0],
						"7.4": [0, 3, 0]
					}
				},
				"Left8": {
					"rotation": {
						"0.0": [-36.80868, -31.94715, 6.31274],
						"3.55": [-28.80868, -31.94715, 6.31274],
						"7.4": [-36.80868, -31.94715, 6.31274],
						"7.45": [-36.80868, -31.94715, 6.31274]
					},
					"position": {
						"0.0": [1, 0, 0],
						"7.4": [1, 0, 0],
						"7.45": [1, 0, 0]
					}
				},
				"bottom": {
					"rotation": {
						"0.0": [36.75769, 26.12603, 3.09792],
						"2.8": [42.75769, 26.12603, 3.09792],
						"7.4": [36.75769, 26.12603, 3.09792],
						"7.45": [36.75769, 26.12603, 3.09792]
					},
					"position": {
						"0.0": [0, 0.8, 0],
						"7.4": [0, 0.8, 0],
						"7.45": [0, 0.8, 0]
					}
				},
				"Right8": {
					"rotation": {
						"0.0": [-30, 0, 15],
						"1.8": [-30.21036, -3.32407, 19.23799],
						"7.45": [-30, 0, 15]
					}
				},
				"bottom7": {
					"rotation": {
						"0.0": [58.09997, 4.39129, -5.1031],
						"2.8": [58.06612, -4.10753, -18.67179],
						"7.45": [58.09997, 4.39129, -5.1031]
					},
					"position": {
						"0.0": [0, 1.4, 0.9],
						"7.45": [0, 1.4, 0.9]
					}
				},
				"Left7": {
					"rotation": {
						"0.0": [8.38071, -9.01652, 26.84987],
						"7.4": [8.38071, -9.01652, 26.84987]
					},
					"position": {
						"0.0": [0, 0.2, 4.8],
						"7.4": [0, 0.2, 4.8]
					}
				},
				"botom8": {
					"rotation": {
						"0.0": [-145.98242, -11.53303, 162.03637],
						"7.4": [-145.98242, -11.53303, 162.03637]
					},
					"position": {
						"0.0": [0, 0.4, 0.2],
						"1.75": [0, 1.1, -0.5],
						"7.4": [0, 0.4, 0.2]
					}
				},
				"Top14": {
					"rotation": {
						"0.0": [0, 10, 0],
						"1.75": [-8, 10, 0],
						"7.4": [0, 10, 0]
					},
					"position": {
						"0.0": [0, 0, 0],
						"7.4": [0, 0, 0]
					}
				},
				"Right7": {
					"rotation": {
						"0.0": [-7.85609, -3.53896, -13.52737],
						"7.4": [-7.85609, -3.53896, -13.52737]
					},
					"position": {
						"0.0": [0.2, 0.5, 4.3],
						"7.4": [0.2, 0.5, 4.3]
					}
				},
				"botom7": {
					"rotation": {
						"0.0": [-30.5, 0, 0],
						"7.4": [-30.5, 0, 0]
					}
				}
			}
		},
		"summon": {
			"loop": "hold_on_last_frame",
			"animation_length": 1.41667,
			"bones": {
				"SoftAndWet3": {
					"rotation": {
						"0.0": [15, 0, 0],
						"0.1": [10, 0, 0],
						"0.75": [9, 0, 0]
					},
					"position": {
						"0.0": [0, -2, 1],
						"0.1": [0, 0, -5],
						"0.25": [0, 0.9, -6.7],
						"0.35": [0, 1.1, -6.9],
						"0.4": [0, 0.6, -6.7],
						"0.65": [0, -0.4, -5.7],
						"0.7": [0, -0.25, -4.95],
						"0.75": [0, -0.1, -3.6],
						"0.85": [0, 0.4, -2.2],
						"1.15": [0, 2.5, -1.2]
					}
				},
				"head2": {
					"rotation": {
						"0.0": [-7, 0, 0],
						"0.1": [-3, 0, 0],
						"0.25": [-8, 0, 0],
						"0.75": [-6, 0, 0],
						"0.85": [-4, 0, 0]
					},
					"position": {
						"0.0": [0.5, 0, 0],
						"0.4": [0.5, -0.2, 0.2],
						"1.25": [0, -1.9, 2.5]
					}
				},
				"head": {
					"rotation": {
						"0.4": [-5, 0, 0],
						"1.35": [4, 0, 0]
					}
				},
				"leftears": {
					"rotation": [0, 0, 0],
					"position": [0, 0.1, 0]
				},
				"rightears": {
					"rotation": [2, 0, 0],
					"position": [0, 0, -0.1]
				},
				"Eye5": {
					"position": {
						"1.35": [0, 0, -0.2],
						"1.4": [0, 0, -0.2]
					}
				},
				"Eye4": {
					"position": [0, 0, -0.2]
				},
				"body3": {
					"rotation": {
						"0.0": [-3.19717, -4.23687, 2.63306],
						"0.4": [-18.19717, -4.23687, 2.63306],
						"0.75": [-16.19717, -4.23687, 2.63306],
						"0.85": [-19.19717, -4.23687, 2.63306],
						"1.35": [-14.5, 0, 0]
					},
					"position": {
						"0.0": [0, 0.3, -0.9],
						"1.35": [0, -2, 1.1],
						"1.4": [0, -2, 0.9]
					}
				},
				"leg4": {
					"rotation": {
						"0.4": [-23, 0, 0],
						"0.65": [-34, 0, 0],
						"1.35": [5, 0, 0]
					},
					"position": [0, 0, -3.5]
				},
				"Left8": {
					"rotation": {
						"0.0": [40.21122, -5.35678, -4.51268],
						"0.1": [34.21122, -5.35678, -4.51268],
						"0.25": [21.21122, -5.35678, -4.51268],
						"0.4": [11.21122, -5.35678, -4.51268],
						"1.35": [4.88206, 1.08089, -12.45392]
					},
					"position": {
						"0.4": [0, 0, -0.6],
						"1.35": [0, 0, -1]
					}
				},
				"bottom": {
					"rotation": {
						"0.0": [25, 0, 0],
						"0.1": [15, 0, 0],
						"0.25": [5, 0, 0],
						"0.4": [-72.9584, -69.18726, 74.53661],
						"0.65": [-44.76493, -61.15701, 43.67579],
						"1.2": [17.5, 0, 0],
						"1.25": [5.62332, 6.67451, 2.11452]
					},
					"position": {
						"0.0": [0, 0.7, 0],
						"0.25": [0, 0.7, -0.8],
						"0.4": [0, 0.7, -3.4],
						"1.2": [0, 0.4, 0],
						"1.25": [0, 0.4, 0]
					}
				},
				"top": {
					"rotation": {
						"0.25": [-8, 0, 0],
						"0.4": [-23, 0, 0]
					},
					"position": {
						"0.4": [0, 0, -1.3],
						"1.2": [0, -0.7, 1.6]
					}
				},
				"Right8": {
					"rotation": {
						"0.0": [4.70487, -7.72135, 5.32753],
						"0.1": [-6.29513, -7.72135, 5.32753],
						"0.25": [-10.29513, -7.72135, 5.32753],
						"0.4": [-17.59696, -15.62472, 14.07031],
						"1.35": [-2.61794, -1.08089, 12.45392]
					},
					"position": {
						"0.0": [0, 0.8, 2.7],
						"1.35": [0, -1.7, 2.7]
					}
				},
				"bottom7": {
					"rotation": {
						"0.0": [26, 0, 0],
						"0.1": [8, 0, 0],
						"0.25": [4, 0, 0],
						"0.4": [4.19344, 17.456, 1.25997],
						"1.35": [7.92572, 17.63392, 1.41226]
					},
					"position": [0, 0.2, 0]
				},
				"Left7": {
					"rotation": {
						"0.0": [14.34108, 0.97415, 8.65605],
						"0.1": [13.36787, 1.70999, 15.52628],
						"0.25": [1.36787, 1.70999, 15.52628],
						"0.4": [-13.92604, 14.22074, 11.27819],
						"0.65": [-13.16768, 14.92363, 14.29167],
						"0.75": [-32.16768, 14.92363, 14.29167],
						"0.85": [-50.16768, 14.92363, 14.29167],
						"1.35": [-14.15997, 0.76837, 21.69456]
					},
					"position": [0, 0, 2.4]
				},
				"botom8": {
					"rotation": {
						"0.0": [26.25402, 0.32233, 0.91262],
						"0.1": [12.25402, 0.32233, 0.91262],
						"0.25": [-25.74598, 0.32233, 0.91262],
						"0.4": [-41.74598, 0.32233, 0.91262],
						"0.85": [-32.74598, 0.32233, 0.91262],
						"1.35": [-108.84629, 78.81082, -102.06536]
					},
					"position": [-0.3, 0, 0]
				},
				"Right7": {
					"rotation": {
						"0.0": [0, 15, -12],
						"0.1": [5.79654, 15.96257, -20.2415],
						"0.25": [2.86513, 16.71989, -30.63378],
						"0.4": [-14.96861, 21.76609, -40.05072],
						"0.65": [-11.96861, 21.76609, -40.05072],
						"0.75": [-30.96861, 21.76609, -40.05072],
						"0.85": [-56.28246, 12.10225, -43.79584],
						"1.35": [-13.87711, 0.61784, -20.80619]
					},
					"position": {
						"0.75": [0, -1, 0],
						"1.35": [0, -1, 1.9]
					}
				},
				"botom7": {
					"rotation": {
						"0.0": [-37.60264, -4.59965, 5.09818],
						"0.4": [-41.01336, -4.66549, 7.48082],
						"1.4": [-4.25772, 0.3211, -2.43212]
					},
					"position": {
						"0.0": [0, 0.8, 0],
						"1.35": [0, -0.2, 0]
					}
				}
			}
		},
		"punch": {
			"loop": "hold_on_last_frame",
			"animation_length": 0.3,
			"bones": {
				"SoftAndWet3": {
					"rotation": {
						"0.0": [0, 18, 0],
						"0.1": [0, -18, 0]
					},
					"position": {
						"0.0": [0, 0, 5.3],
						"0.05": [-0.7, 0.4, -3],
						"0.1": [-0.7, 0.4, -4.9]
					}
				},
				"head2": {
					"rotation": {
						"0.0": [13, 0, 0],
						"0.05": [13.03883, 4.38444, 1.01426],
						"0.1": [13.50505, 15.57936, 3.69068]
					}
				},
				"body3": {
					"rotation": {
						"0.0": [0, 20, 0],
						"0.05": [0, 12, 0],
						"0.1": [0, -22, 0],
						"0.15": [0, -17, 0]
					},
					"position": [0, 0, -0.2]
				},
				"leg4": {
					"rotation": [0, 25, 0],
					"position": [0, 0, -0.3]
				},
				"Left8": {
					"rotation": {
						"0.0": [-4, 0, 0],
						"0.05": [-4.18213, -16.95733, 1.22174],
						"0.1": [-4.61631, -29.91945, 2.30628],
						"0.15": [1.38369, -29.91945, 2.30628]
					},
					"position": [0, 0, 0.7]
				},
				"bottom": {
					"rotation": [24, 0, 0],
					"position": [0, 0.9, 2.1]
				},
				"top": {
					"rotation": [15, 0, 0]
				},
				"Right8": {
					"rotation": [-1, -10, 0]
				},
				"bottom7": {
					"rotation": {
						"0.0": [13, 0, 0],
						"0.1": [18, 0, 0]
					}
				},
				"Top16": {
					"rotation": [0, -12, 0]
				},
				"Left7": {
					"rotation": {
						"0.0": [-80.41765, 33.27045, 20.45117],
						"0.1": [-80.1882, 35.24188, 20.85873]
					},
					"position": {
						"0.05": [0, 0, -2.2],
						"0.1": [0, 0, -6.9],
						"0.15": [0, 0, -4.9]
					}
				},
				"botom8": {
					"rotation": {
						"0.0": [0, -40, 0],
						"0.15": [0, -2.5, 0],
						"0.2": [0, -42.5, 0]
					},
					"position": {
						"0.0": [-1.5, 5, 0],
						"0.05": [0.5, 4.3, 0],
						"0.15": [0.5, 0.6, 0]
					}
				},
				"Top14": {
					"rotation": {
						"0.0": [0, 0, 17],
						"0.05": [0, 0, -11]
					},
					"position": {
						"0.0": [0, 4, 0],
						"0.15": [0, 0.1, 0]
					}
				},
				"Right7": {
					"rotation": {
						"0.0": [-76.11345, -1.65813, 7.82737],
						"0.05": [-75.45761, -17.17457, 3.85701],
						"0.1": [-45.51241, -44.01827, -5.57787]
					}
				},
				"botom7": {
					"rotation": {
						"0.0": [32, 0, 7],
						"0.05": [40, 0, 28],
						"0.1": [21, 0, 2]
					},
					"position": {
						"0.0": [0.6, 0.5, 2.7],
						"0.05": [0.6, 0.5, 1.4],
						"0.1": [0, 0.5, 1.4]
					}
				},
				"Top13": {
					"rotation": {
						"0.05": [29, 0, 0],
						"0.1": [14, 0, 0]
					}
				}
			}
		},
		"punch1": {
			"loop": "hold_on_last_frame",
			"animation_length": 0.2,
			"bones": {
				"SoftAndWet3": {
					"rotation": {
						"0.0": [0, -18, 0],
						"0.05": [0, -10, 0]
					},
					"position": {
						"0.0": [-0.7, 0.4, -2.9],
						"0.05": [-0.7, 0.4, -6],
						"0.1": [-0.7, 0.4, -8.1]
					}
				},
				"head2": {
					"rotation": {
						"0.0": [13.50505, 15.57936, 3.69068],
						"0.05": [8.50505, 15.57936, 3.69068]
					},
					"position": {
						"0.0": [0, 0, -1],
						"0.05": [0, -0.2, -2.3]
					}
				},
				"body3": {
					"rotation": {
						"0.0": [0, -22, 0],
						"0.05": [0, 14, 0],
						"0.1": [0, 31.5, 0]
					},
					"position": {
						"0.0": [0, 0, -1.2],
						"0.05": [0, 0, -2.3]
					}
				},
				"leg4": {
					"rotation": {
						"0.0": [0, 25, 0],
						"0.05": [0, 52, 0],
						"0.1": [0, 67, 0]
					},
					"position": {
						"0.0": [0, 0, -0.3],
						"0.1": [0.4, 0, -0.3]
					}
				},
				"Left8": {
					"rotation": {
						"0.0": [-4.61631, -29.91945, 2.30628],
						"0.05": [1.38369, -29.91945, 2.30628]
					},
					"position": {
						"0.0": [0, 0, 0.7],
						"0.05": [0, 0, -0.9]
					}
				},
				"bottom": {
					"rotation": [24, 0, 0],
					"position": [0, 0.9, 2.1]
				},
				"top": {
					"rotation": [15, 0, 0]
				},
				"Right8": {
					"rotation": [-0.98481, -0.00149, -0.17364],
					"position": {
						"0.0": [0, 0, -1.5],
						"0.05": [0, 0, -3]
					}
				},
				"bottom7": {
					"rotation": [18, 0, 0]
				},
				"Top16": {
					"rotation": [0, -12, 0]
				},
				"Left7": {
					"rotation": {
						"0.0": [-80.1882, 35.24188, 20.85873],
						"0.05": [-79.00928, 43.11125, 22.72046]
					},
					"position": {
						"0.0": [0, 0, -6.9],
						"0.05": [0, 0, -0.9],
						"0.1": [0, 0, 1.5]
					}
				},
				"botom8": {
					"rotation": {
						"0.0": [0, -42.5, 0],
						"0.05": [0.81438, -2.36372, -19.0168],
						"0.1": [-3.70984, -45.04572, -19.11354]
					},
					"position": {
						"0.0": [0.5, 0.3, 0],
						"0.05": [0.5, 0.6, 0],
						"0.1": [-1.2, 1, -0.1]
					}
				},
				"Top14": {
					"rotation": {
						"0.0": [0, 0, -11],
						"0.1": [0, 0, 7]
					},
					"position": {
						"0.0": [0, 0.1, 0],
						"0.05": [0, 0.1, 0]
					}
				},
				"Right7": {
					"rotation": {
						"0.0": [-45.51241, -44.01827, -5.57787],
						"0.05": [-117.95761, -17.17457, 3.85701]
					},
					"position": {
						"0.0": [0.5, 0, -1.1],
						"0.05": [-2.5, 0, -5.2],
						"0.1": [-3.7, 0, -7.9]
					}
				},
				"botom7": {
					"rotation": {
						"0.0": [21, 0, 2],
						"0.05": [18.21305, -10.63625, 31.29032],
						"0.15": [27.24635, -47.85808, 13.86733],
						"0.2": [85.92844, -72.06376, -50.95552]
					},
					"position": {
						"0.0": [0, 0.5, 1.4],
						"0.05": [-1.8, 0.8, 1.4],
						"0.1": [-1.8, 0.5, 0.6]
					}
				},
				"Top13": {
					"rotation": {
						"0.0": [14, 0, 0],
						"0.05": [12.73316, -5.86821, 24.34467],
						"0.1": [17.73316, -5.86821, 24.34467]
					},
					"position": [0, -1.4, -0.4]
				}
			}
		},
		"barrage": {
			"animation_length": 0.3
		}
	}
}