{
	"credit": "Made with Blockbench",
	"textures": {
		"0": "stand/kingcrimson/texture",
		"particle": "stand/kingcrimson/texture"
	},
	"elements": [
		{
			"from": [6, 2, 6],
			"to": [10, 14, 10],
			"rotation": {"angle": 0, "axis": "y", "origin": [8, 8, 8]},
			"faces": {
				"north": {"uv": [12, 5, 13, 8], "texture": "#0"},
				"east": {"uv": [11, 5, 12, 8], "texture": "#0"},
				"south": {"uv": [10, 5, 11, 8], "texture": "#0"},
				"west": {"uv": [13, 5, 14, 8], "texture": "#0"},
				"up": {"uv": [11, 4, 12, 5], "rotation": 270, "texture": "#0"},
				"down": {"uv": [11, 8, 12, 9], "rotation": 90, "texture": "#0"}
			}
		},
		{
			"from": [5.75, 1.75, 5.75],
			"to": [10.25, 14.25, 10.25],
			"rotation": {"angle": 0, "axis": "y", "origin": [8, 8, 8]},
			"faces": {
				"north": {"uv": [12, 13, 13, 16], "texture": "#0"},
				"east": {"uv": [13, 13, 14, 16], "texture": "#0"},
				"south": {"uv": [14, 13, 15, 16], "texture": "#0"},
				"west": {"uv": [15, 13, 16, 16], "texture": "#0"},
				"up": {"uv": [13, 12, 14, 13], "rotation": 90, "texture": "#0"},
				"down": {"uv": [13, 12, 14, 13], "rotation": 270, "texture": "#0"}
			}
		},
		{
			"from": [9.05859, 1.05, 5.83],
			"to": [10.05859, 2, 10.33],
			"faces": {
				"north": {"uv": [11.5325, 7.22, 11.6725, 7.035], "texture": "#0"},
				"east": {"uv": [11.5325, 7.22, 11.6725, 7.035], "texture": "#0"},
				"south": {"uv": [11.5325, 7.22, 11.6725, 7.035], "texture": "#0"},
				"west": {"uv": [11.5325, 7.22, 11.6725, 7.035], "texture": "#0"},
				"up": {"uv": [11.5325, 7.22, 11.6725, 7.035], "texture": "#0"},
				"down": {"uv": [11.5325, 7.22, 11.6725, 7.035], "texture": "#0"}
			}
		},
		{
			"from": [7.01953, 1.05, 5.83],
			"to": [8.01953, 2, 10.33],
			"faces": {
				"north": {"uv": [11.5325, 7.22, 11.6725, 7.035], "texture": "#0"},
				"east": {"uv": [11.5325, 7.22, 11.6725, 7.035], "texture": "#0"},
				"south": {"uv": [11.5325, 7.22, 11.6725, 7.035], "texture": "#0"},
				"west": {"uv": [11.5325, 7.22, 11.6725, 7.035], "texture": "#0"},
				"up": {"uv": [11.5325, 7.22, 11.6725, 7.035], "texture": "#0"},
				"down": {"uv": [11.5325, 7.22, 11.6725, 7.035], "texture": "#0"}
			}
		},
		{
			"from": [6, 1, 5.83],
			"to": [7, 2, 10.39],
			"faces": {
				"north": {"uv": [11.2825, 7.22, 11.435, 7.035], "texture": "#0"},
				"east": {"uv": [11.2825, 7.22, 11.435, 7.035], "texture": "#0"},
				"south": {"uv": [11.2825, 7.22, 11.435, 7.035], "texture": "#0"},
				"west": {"uv": [11.2825, 7.22, 11.435, 7.035], "texture": "#0"},
				"up": {"uv": [11.2825, 7.22, 11.435, 7.035], "texture": "#0"},
				"down": {"uv": [11.2825, 7.22, 11.435, 7.035], "texture": "#0"}
			}
		},
		{
			"from": [8.03906, 1, 5.83],
			"to": [9.03906, 2, 10.39],
			"faces": {
				"north": {"uv": [11.2825, 7.22, 11.435, 7.035], "texture": "#0"},
				"east": {"uv": [11.2825, 7.22, 11.435, 7.035], "texture": "#0"},
				"south": {"uv": [11.2825, 7.22, 11.435, 7.035], "texture": "#0"},
				"west": {"uv": [11.2825, 7.22, 11.435, 7.035], "texture": "#0"},
				"up": {"uv": [11.2825, 7.22, 11.435, 7.035], "texture": "#0"},
				"down": {"uv": [11.2825, 7.22, 11.435, 7.035], "texture": "#0"}
			}
		},
		{
			"from": [6.15, 0.75, 6],
			"to": [6.9, 1.75, 6.75],
			"faces": {
				"north": {"uv": [10.79, 12.765, 10.975, 12.97], "texture": "#0"},
				"east": {"uv": [10.79, 12.765, 10.975, 12.97], "texture": "#0"},
				"south": {"uv": [10.79, 12.765, 10.975, 12.97], "texture": "#0"},
				"west": {"uv": [10.79, 12.765, 10.975, 12.97], "texture": "#0"},
				"up": {"uv": [10.79, 12.765, 10.975, 12.97], "texture": "#0"},
				"down": {"uv": [10.79, 12.765, 10.975, 12.97], "texture": "#0"}
			}
		},
		{
			"from": [7.15, 0.82, 6],
			"to": [7.9, 1.82, 6.75],
			"faces": {
				"north": {"uv": [10.775, 12.525, 10.965, 12.73], "texture": "#0"},
				"east": {"uv": [10.775, 12.525, 10.965, 12.73], "texture": "#0"},
				"south": {"uv": [10.775, 12.525, 10.965, 12.73], "texture": "#0"},
				"west": {"uv": [10.775, 12.525, 10.965, 12.73], "texture": "#0"},
				"up": {"uv": [10.775, 12.525, 10.965, 12.73], "texture": "#0"},
				"down": {"uv": [10.775, 12.525, 10.965, 12.73], "texture": "#0"}
			}
		},
		{
			"from": [8.15, 0.75, 6],
			"to": [8.9, 1.75, 6.75],
			"faces": {
				"north": {"uv": [10.79, 12.765, 10.975, 12.97], "texture": "#0"},
				"east": {"uv": [10.79, 12.765, 10.975, 12.97], "texture": "#0"},
				"south": {"uv": [10.79, 12.765, 10.975, 12.97], "texture": "#0"},
				"west": {"uv": [10.79, 12.765, 10.975, 12.97], "texture": "#0"},
				"up": {"uv": [10.79, 12.765, 10.975, 12.97], "texture": "#0"},
				"down": {"uv": [10.79, 12.765, 10.975, 12.97], "texture": "#0"}
			}
		},
		{
			"from": [9.15, 0.82, 6],
			"to": [9.9, 1.82, 6.75],
			"rotation": {"angle": 0, "axis": "y", "origin": [9.375, 1.25, 6.375]},
			"faces": {
				"north": {"uv": [10.775, 12.525, 10.965, 12.73], "texture": "#0"},
				"east": {"uv": [10.775, 12.525, 10.965, 12.73], "texture": "#0"},
				"south": {"uv": [10.775, 12.525, 10.965, 12.73], "texture": "#0"},
				"west": {"uv": [10.775, 12.525, 10.965, 12.73], "texture": "#0"},
				"up": {"uv": [10.775, 12.525, 10.965, 12.73], "texture": "#0"},
				"down": {"uv": [10.775, 12.525, 10.965, 12.73], "texture": "#0"}
			}
		},
		{
			"from": [5, 13, 5],
			"to": [11, 15, 11],
			"faces": {
				"north": {"uv": [15.25, 13, 15.5, 13.5], "texture": "#0"},
				"east": {"uv": [12.75, 13, 13.88, 13.5], "texture": "#0"},
				"south": {"uv": [15.5, 13, 16, 13.5], "texture": "#0"},
				"west": {"uv": [15, 13, 16, 13.5], "texture": "#0"},
				"up": {"uv": [15, 13, 15.5, 13.5], "texture": "#0"},
				"down": {"uv": [15, 13, 16, 13.5], "texture": "#0"}
			}
		},
		{
			"from": [5, 10, 5],
			"to": [11, 13, 7],
			"faces": {
				"north": {"uv": [15, 13.5, 15.25, 14], "texture": "#0"},
				"east": {"uv": [13.5, 13.5, 14, 14], "texture": "#0"},
				"south": {"uv": [15.25, 13.75, 15.5, 14], "texture": "#0"},
				"west": {"uv": [15, 13.5, 15.5, 14], "texture": "#0"},
				"up": {"uv": [15, 13.5, 15.5, 14], "texture": "#0"},
				"down": {"uv": [15, 13.5, 15.5, 14], "texture": "#0"}
			}
		},
		{
			"from": [5, 12, 7],
			"to": [11, 13, 9],
			"faces": {
				"north": {"uv": [15.5, 13.5, 16, 13.75], "texture": "#0"},
				"east": {"uv": [12.75, 13.5, 13.25, 13.75], "texture": "#0"},
				"south": {"uv": [15.75, 13.5, 16, 13.75], "texture": "#0"},
				"west": {"uv": [15.5, 13.5, 16, 13.75], "texture": "#0"},
				"up": {"uv": [15.5, 13.5, 16, 13.75], "texture": "#0"},
				"down": {"uv": [15.5, 13.5, 16, 13.75], "texture": "#0"}
			}
		},
		{
			"from": [5, 11, 7],
			"to": [11, 12, 8],
			"faces": {
				"north": {"uv": [15.5, 13.75, 15.75, 14], "texture": "#0"},
				"east": {"uv": [15.5, 13.75, 15.75, 14], "texture": "#0"},
				"south": {"uv": [15.5, 13.75, 15.75, 14], "texture": "#0"},
				"west": {"uv": [15.5, 13.75, 15.75, 14], "texture": "#0"},
				"up": {"uv": [15.5, 13.75, 15.75, 14], "texture": "#0"},
				"down": {"uv": [15.5, 13.75, 15.75, 14], "texture": "#0"}
			}
		}
	],
	"display": {
		"thirdperson_righthand": {
			"rotation": [90, -90, 0],
			"translation": [1, -2, 5.5]
		},
		"thirdperson_lefthand": {
			"rotation": [90, -90, 0],
			"translation": [1, -2, 5.5]
		},
		"firstperson_righthand": {
			"translation": [2.25, 5, 0]
		}
	}
}