{
	"credit": "Made with Blockbench",
	"texture_size": [64, 64],
	"textures": {
		"0": "stand/grateful_dead/grateful",
		"particle": "stand/grateful_dead/grateful"
	},
	"elements": [
		{
			"from": [-1.29864, -4.74233, 10.70481],
			"to": [-0.29864, -3.74233, 12.70481],
			"rotation": {"angle": 22.5, "axis": "x", "origin": [-0.79864, -4.60233, 11.70481]},
			"faces": {
				"north": {"uv": [10.75, 14.5, 11, 14.75], "texture": "#0", "cullface": "down"},
				"east": {"uv": [14.25, 1.5, 14.75, 1.75], "texture": "#0", "cullface": "down"},
				"south": {"uv": [11, 14.5, 11.25, 14.75], "texture": "#0", "cullface": "down"},
				"west": {"uv": [14.25, 1.75, 14.75, 2], "texture": "#0", "cullface": "down"},
				"up": {"uv": [4.25, 13.25, 4, 12.75], "texture": "#0", "cullface": "down"},
				"down": {"uv": [14, 3.5, 13.75, 4], "texture": "#0", "cullface": "down"}
			}
		},
		{
			"from": [-1.26864, -4.94233, 9.40481],
			"to": [-0.32864, -4.11233, 11.40481],
			"rotation": {"angle": -22.5, "axis": "x", "origin": [-0.79864, -4.78733, 9.70481]},
			"faces": {
				"north": {"uv": [11.25, 14.5, 11.5, 14.75], "texture": "#0", "cullface": "down"},
				"east": {"uv": [2, 14.25, 2.5, 14.5], "texture": "#0", "cullface": "down"},
				"south": {"uv": [11.5, 14.5, 11.75, 14.75], "texture": "#0", "cullface": "down"},
				"west": {"uv": [14.25, 2, 14.75, 2.25], "texture": "#0", "cullface": "down"},
				"up": {"uv": [5.75, 14.5, 5.5, 14], "texture": "#0", "cullface": "down"},
				"down": {"uv": [14.5, 2.25, 14.25, 2.75], "texture": "#0", "cullface": "down"}
			}
		},
		{
			"from": [-1.14864, -5.36233, 8.85481],
			"to": [-0.44864, -4.74233, 9.49481],
			"rotation": {"angle": -22.5, "axis": "x", "origin": [-0.79864, -5.00233, 8.34481]},
			"faces": {
				"north": {"uv": [11.75, 14.5, 12, 14.75], "texture": "#0", "cullface": "down"},
				"east": {"uv": [14.5, 11.75, 14.75, 12], "texture": "#0", "cullface": "down"},
				"south": {"uv": [0, 0, 0, 0], "texture": "#0"},
				"west": {"uv": [14.5, 12, 14.75, 12.25], "texture": "#0", "cullface": "down"},
				"up": {"uv": [12.5, 14.75, 12.25, 14.5], "texture": "#0", "cullface": "down"},
				"down": {"uv": [14.75, 12.25, 14.5, 12.5], "texture": "#0", "cullface": "down"}
			}
		},
		{
			"from": [-1.08864, -5.36233, 8.19481],
			"to": [-0.50864, -4.84233, 8.86481],
			"rotation": {"angle": -22.5, "axis": "x", "origin": [-0.79864, -5.00233, 8.34481]},
			"faces": {
				"north": {"uv": [12.5, 14.5, 12.75, 14.75], "texture": "#0", "cullface": "down"},
				"east": {"uv": [14.5, 12.5, 14.75, 12.75], "texture": "#0", "cullface": "down"},
				"south": {"uv": [0, 0, 0, 0], "texture": "#0"},
				"west": {"uv": [14.5, 12.75, 14.75, 13], "texture": "#0", "cullface": "down"},
				"up": {"uv": [13.25, 14.75, 13, 14.5], "texture": "#0", "cullface": "down"},
				"down": {"uv": [14.75, 13, 14.5, 13.25], "texture": "#0", "cullface": "down"}
			}
		},
		{
			"from": [3.55364, -5.10233, 13.6702],
			"to": [4.19364, -4.48233, 14.3702],
			"rotation": {"angle": -22.5, "axis": "z", "origin": [4.19614, -4.81733, 14.0202]},
			"faces": {
				"north": {"uv": [14.75, 0.5, 15, 0.75], "texture": "#0", "cullface": "down"},
				"east": {"uv": [0.75, 14.75, 1, 15], "texture": "#0", "cullface": "down"},
				"south": {"uv": [14.75, 0.75, 15, 1], "texture": "#0", "cullface": "down"},
				"west": {"uv": [0, 0, 0, 0], "texture": "#0"},
				"up": {"uv": [15, 1.25, 14.75, 1], "texture": "#0", "cullface": "down"},
				"down": {"uv": [1.5, 14.75, 1.25, 15], "texture": "#0", "cullface": "down"}
			}
		},
		{
			"from": [0.45564, -4.06642, 13.5202],
			"to": [2.45564, -3.06642, 14.5202],
			"rotation": {"angle": 22.5, "axis": "z", "origin": [3.09864, -4.54591, 14.0202]},
			"faces": {
				"north": {"uv": [5.75, 14.25, 6.25, 14.5], "texture": "#0", "cullface": "down"},
				"east": {"uv": [14.75, 1.25, 15, 1.5], "texture": "#0", "cullface": "down"},
				"south": {"uv": [6.25, 14.25, 6.75, 14.5], "texture": "#0", "cullface": "down"},
				"west": {"uv": [14.75, 1.5, 15, 1.75], "texture": "#0", "cullface": "down"},
				"up": {"uv": [14.75, 6.5, 14.25, 6.25], "texture": "#0", "cullface": "down"},
				"down": {"uv": [14.75, 6.5, 14.25, 6.75], "texture": "#0", "cullface": "down"}
			}
		},
		{
			"from": [4.18364, -5.10233, 13.7302],
			"to": [4.85364, -4.58233, 14.3102],
			"rotation": {"angle": -22.5, "axis": "z", "origin": [4.19614, -4.81733, 14.0202]},
			"faces": {
				"north": {"uv": [14.75, 1.75, 15, 2], "texture": "#0", "cullface": "down"},
				"east": {"uv": [2, 14.75, 2.25, 15], "texture": "#0", "cullface": "down"},
				"south": {"uv": [14.75, 2, 15, 2.25], "texture": "#0", "cullface": "down"},
				"west": {"uv": [0, 0, 0, 0], "texture": "#0"},
				"up": {"uv": [15, 2.5, 14.75, 2.25], "texture": "#0", "cullface": "down"},
				"down": {"uv": [2.75, 14.75, 2.5, 15], "texture": "#0", "cullface": "down"}
			}
		},
		{
			"from": [1.71738, -4.83019, 13.5502],
			"to": [3.71738, -4.00019, 14.4902],
			"rotation": {"angle": -22.5, "axis": "z", "origin": [3.09864, -4.54591, 14.0202]},
			"faces": {
				"north": {"uv": [6.75, 14.25, 7.25, 14.5], "texture": "#0", "cullface": "down"},
				"east": {"uv": [14.75, 2.5, 15, 2.75], "texture": "#0", "cullface": "down"},
				"south": {"uv": [14.25, 6.75, 14.75, 7], "texture": "#0", "cullface": "down"},
				"west": {"uv": [2.75, 14.75, 3, 15], "texture": "#0", "cullface": "down"},
				"up": {"uv": [14.75, 7.25, 14.25, 7], "texture": "#0", "cullface": "down"},
				"down": {"uv": [14.75, 7.25, 14.25, 7.5], "texture": "#0", "cullface": "down"}
			}
		},
		{
			"from": [-2.60364, -3.34233, 11.32981],
			"to": [0.21636, 3.65767, 14.06981],
			"rotation": {"angle": -22.5, "axis": "x", "origin": [-17.63864, -0.43233, 10.75981]},
			"faces": {
				"north": {"uv": [7.75, 0, 8.5, 1.75], "texture": "#0"},
				"east": {"uv": [2.5, 7.75, 3.25, 9.5], "texture": "#0"},
				"south": {"uv": [3.25, 7.75, 4, 9.5], "texture": "#0"},
				"west": {"uv": [4, 7.75, 4.75, 9.5], "texture": "#0"},
				"up": {"uv": [13.5, 9.25, 12.75, 8.5], "texture": "#0"},
				"down": {"uv": [13.5, 9.25, 12.75, 10], "texture": "#0", "cullface": "down"}
			}
		},
		{
			"from": [-2.35136, -5.10233, 12.44481],
			"to": [0.64864, -4.10233, 14.77481],
			"rotation": {"angle": 45, "axis": "y", "origin": [-0.78136, -4.60233, 13.75981]},
			"faces": {
				"north": {"uv": [12.5, 3, 13.25, 3.25], "texture": "#0", "cullface": "down"},
				"east": {"uv": [14.25, 9.25, 14.75, 9.5], "texture": "#0", "cullface": "down"},
				"south": {"uv": [4.75, 14, 5.5, 14.25], "texture": "#0", "cullface": "down"},
				"west": {"uv": [14.25, 9.5, 14.75, 9.75], "texture": "#0", "cullface": "down"},
				"up": {"uv": [14.25, 7.25, 13.5, 6.75], "texture": "#0", "cullface": "down"},
				"down": {"uv": [14.25, 7.25, 13.5, 7.75], "texture": "#0", "cullface": "down"}
			}
		},
		{
			"from": [-2.05136, -4.01233, 12.76481],
			"to": [0.48864, -3.01233, 14.75481],
			"rotation": {"angle": -22.5, "axis": "y", "origin": [-0.78136, -3.51233, 13.75981]},
			"faces": {
				"north": {"uv": [14, 5, 14.75, 5.25], "texture": "#0", "cullface": "down"},
				"east": {"uv": [14.25, 9.75, 14.75, 10], "texture": "#0", "cullface": "down"},
				"south": {"uv": [14, 5.25, 14.75, 5.5], "texture": "#0", "cullface": "down"},
				"west": {"uv": [10, 14.25, 10.5, 14.5], "texture": "#0", "cullface": "down"},
				"up": {"uv": [14.25, 8.25, 13.5, 7.75], "texture": "#0", "cullface": "down"},
				"down": {"uv": [14.25, 8.25, 13.5, 8.75], "texture": "#0", "cullface": "down"}
			}
		},
		{
			"from": [-1.63136, -4.14233, 13.14481],
			"to": [0.06864, -2.93233, 14.37481],
			"rotation": {"angle": 0, "axis": "y", "origin": [1.71864, -5.10233, 3.92481]},
			"faces": {
				"north": {"uv": [14.25, 10, 14.75, 10.25], "texture": "#0", "cullface": "down"},
				"east": {"uv": [14.75, 5.75, 15, 6], "texture": "#0", "cullface": "down"},
				"south": {"uv": [14.25, 10.25, 14.75, 10.5], "texture": "#0", "cullface": "down"},
				"west": {"uv": [6, 14.75, 6.25, 15], "texture": "#0", "cullface": "down"},
				"up": {"uv": [11, 14.5, 10.5, 14.25], "texture": "#0", "cullface": "down"},
				"down": {"uv": [14.75, 10.5, 14.25, 10.75], "texture": "#0", "cullface": "down"}
			}
		},
		{
			"from": [-1.81636, -2.93233, 12.69981],
			"to": [0.25364, -1.93233, 14.81981],
			"rotation": {"angle": 45, "axis": "y", "origin": [-0.78136, -2.43233, 13.75981]},
			"faces": {
				"north": {"uv": [14.25, 10.75, 14.75, 11], "texture": "#0", "cullface": "down"},
				"east": {"uv": [11, 14.25, 11.5, 14.5], "texture": "#0", "cullface": "down"},
				"south": {"uv": [14.25, 11, 14.75, 11.25], "texture": "#0", "cullface": "down"},
				"west": {"uv": [14.25, 11.25, 14.75, 11.5], "texture": "#0", "cullface": "down"},
				"up": {"uv": [14.25, 6.75, 13.75, 6.25], "texture": "#0", "cullface": "down"},
				"down": {"uv": [4, 14, 3.5, 14.5], "texture": "#0", "cullface": "down"}
			}
		},
		{
			"from": [-2.21636, 4.51767, 9.98981],
			"to": [0.04364, 8.51767, 12.39981],
			"rotation": {"angle": -22.5, "axis": "y", "origin": [-0.78136, 6.51767, 10.75981]},
			"faces": {
				"north": {"uv": [2, 13.25, 2.5, 14.25], "texture": "#0"},
				"east": {"uv": [2.5, 13.25, 3, 14.25], "texture": "#0"},
				"south": {"uv": [13.25, 3, 13.75, 4], "texture": "#0"},
				"west": {"uv": [5.75, 13.25, 6.25, 14.25], "texture": "#0"},
				"up": {"uv": [14.5, 4.5, 14, 4], "texture": "#0"},
				"down": {"uv": [14.5, 4.5, 14, 5], "texture": "#0"}
			}
		},
		{
			"from": [-1.57636, 3.52767, 10.50981],
			"to": [0.00364, 5.06767, 11.98981],
			"rotation": {"angle": -45, "axis": "y", "origin": [-0.78136, 7.06767, 10.75981]},
			"faces": {
				"north": {"uv": [11.5, 14.25, 12, 14.5], "texture": "#0"},
				"east": {"uv": [14.75, 6, 15, 6.25], "texture": "#0"},
				"south": {"uv": [14.25, 11.5, 14.75, 11.75], "texture": "#0"},
				"west": {"uv": [6.25, 14.75, 6.5, 15], "texture": "#0"},
				"up": {"uv": [12.5, 14.5, 12, 14.25], "texture": "#0"},
				"down": {"uv": [13.5, 14.25, 13, 14.5], "texture": "#0"}
			}
		},
		{
			"from": [-2.90906, 7.42055, 6.14034],
			"to": [-0.35431, 10.43111, 11.46792],
			"rotation": {"angle": -45, "axis": "x", "origin": [-1.62973, 8.92583, 8.80413]},
			"faces": {
				"north": {"uv": [13.5, 11.5, 12.75, 12.25], "texture": "#0"},
				"east": {"uv": [10.75, 1.75, 9.5, 2.5], "texture": "#0"},
				"south": {"uv": [11.75, 12.75, 11, 13.5], "texture": "#0"},
				"west": {"uv": [13, 0, 11.75, 0.75], "texture": "#0"},
				"up": {"uv": [12, 2, 12.75, 0.75], "rotation": 180, "texture": "#0"},
				"down": {"uv": [2.25, 12, 3, 13.25], "rotation": 180, "texture": "#0"}
			}
		},
		{
			"from": [-2.90515, 5.97832, 7.96086],
			"to": [-0.3504, 11.87334, 9.6474],
			"rotation": {"angle": 0, "axis": "y", "origin": [-1.62973, 8.92583, 8.80413]},
			"faces": {
				"north": {"uv": [3, 10.5, 2.25, 12], "texture": "#0"},
				"east": {"uv": [12.75, 7.75, 12.25, 9.25], "texture": "#0"},
				"south": {"uv": [11, 6.75, 10.25, 8.25], "texture": "#0"},
				"west": {"uv": [12.75, 9.25, 12.25, 10.75], "texture": "#0"},
				"up": {"uv": [13.5, 10.25, 14.25, 9.75], "rotation": 180, "texture": "#0"},
				"down": {"uv": [13.5, 10.25, 14.25, 10.75], "rotation": 180, "texture": "#0"}
			}
		},
		{
			"from": [-2.90906, 7.42055, 6.12458],
			"to": [-0.35431, 10.43111, 11.48369],
			"rotation": {"angle": 45, "axis": "x", "origin": [-1.62973, 8.92583, 8.80413]},
			"faces": {
				"north": {"uv": [12.75, 10.75, 13.5, 10], "texture": "#0"},
				"east": {"uv": [1.5, 13, 2.25, 11.75], "rotation": 270, "texture": "#0"},
				"south": {"uv": [12.75, 10.75, 13.5, 11.5], "rotation": 180, "texture": "#0"},
				"west": {"uv": [10.25, 13, 11, 11.75], "rotation": 90, "texture": "#0"},
				"up": {"uv": [1.5, 11.75, 0.75, 13], "texture": "#0"},
				"down": {"uv": [12.5, 2, 11.75, 3.25], "rotation": 180, "texture": "#0"}
			}
		},
		{
			"from": [-2.90515, 8.09832, 5.85662],
			"to": [-0.3504, 9.75334, 11.75164],
			"rotation": {"angle": 0, "axis": "y", "origin": [-1.62973, 8.92583, 8.80413]},
			"faces": {
				"north": {"uv": [14.25, 9.25, 13.5, 9.75], "texture": "#0"},
				"east": {"uv": [13.5, 6.75, 12, 7.25], "texture": "#0"},
				"south": {"uv": [14.25, 8.75, 13.5, 9.25], "texture": "#0"},
				"west": {"uv": [13.5, 7.25, 12, 7.75], "texture": "#0"},
				"up": {"uv": [0.75, 11.75, 1.5, 10.25], "rotation": 180, "texture": "#0"},
				"down": {"uv": [1.5, 10.25, 2.25, 11.75], "rotation": 180, "texture": "#0"}
			}
		},
		{
			"from": [-6.55364, -5.10233, 13.6598],
			"to": [-5.88364, -4.58233, 14.2398],
			"rotation": {"angle": 22.5, "axis": "z", "origin": [-5.89614, -4.81733, 13.9498]},
			"faces": {
				"north": {"uv": [14.5, 14.5, 14.75, 14.75], "texture": "#0", "cullface": "down"},
				"east": {"uv": [0, 0, 0, 0], "texture": "#0"},
				"south": {"uv": [14.75, 0, 15, 0.25], "texture": "#0", "cullface": "down"},
				"west": {"uv": [0.25, 14.75, 0.5, 15], "texture": "#0", "cullface": "down"},
				"up": {"uv": [15, 0.5, 14.75, 0.25], "texture": "#0", "cullface": "down"},
				"down": {"uv": [0.75, 14.75, 0.5, 15], "texture": "#0", "cullface": "down"}
			}
		},
		{
			"from": [-5.89364, -5.10233, 13.5998],
			"to": [-5.25364, -4.48233, 14.2998],
			"rotation": {"angle": 22.5, "axis": "z", "origin": [-5.89614, -4.81733, 13.9498]},
			"faces": {
				"north": {"uv": [13.75, 14.5, 14, 14.75], "texture": "#0", "cullface": "down"},
				"east": {"uv": [0, 0, 0, 0], "texture": "#0"},
				"south": {"uv": [14, 14.5, 14.25, 14.75], "texture": "#0", "cullface": "down"},
				"west": {"uv": [14.5, 14, 14.75, 14.25], "texture": "#0", "cullface": "down"},
				"up": {"uv": [14.5, 14.75, 14.25, 14.5], "texture": "#0", "cullface": "down"},
				"down": {"uv": [14.75, 14.25, 14.5, 14.5], "texture": "#0", "cullface": "down"}
			}
		},
		{
			"from": [-5.41738, -4.83019, 13.4798],
			"to": [-3.41738, -4.00019, 14.4198],
			"rotation": {"angle": 22.5, "axis": "z", "origin": [-4.79864, -4.54591, 13.9498]},
			"faces": {
				"north": {"uv": [14.25, 3.5, 14.75, 3.75], "texture": "#0", "cullface": "down"},
				"east": {"uv": [13.5, 14.5, 13.75, 14.75], "texture": "#0", "cullface": "down"},
				"south": {"uv": [14.25, 3.75, 14.75, 4], "texture": "#0", "cullface": "down"},
				"west": {"uv": [14.5, 13.5, 14.75, 13.75], "texture": "#0", "cullface": "down"},
				"up": {"uv": [4.5, 14.5, 4, 14.25], "texture": "#0", "cullface": "down"},
				"down": {"uv": [5.25, 14.25, 4.75, 14.5], "texture": "#0", "cullface": "down"}
			}
		},
		{
			"from": [-4.15564, -4.06642, 13.4498],
			"to": [-2.15564, -3.06642, 14.4498],
			"rotation": {"angle": -22.5, "axis": "z", "origin": [-4.79864, -4.54591, 13.9498]},
			"faces": {
				"north": {"uv": [2.5, 14.25, 3, 14.5], "texture": "#0", "cullface": "down"},
				"east": {"uv": [13.25, 14.5, 13.5, 14.75], "texture": "#0", "cullface": "down"},
				"south": {"uv": [14.25, 2.75, 14.75, 3], "texture": "#0", "cullface": "down"},
				"west": {"uv": [14.5, 13.25, 14.75, 13.5], "texture": "#0", "cullface": "down"},
				"up": {"uv": [14.75, 3.25, 14.25, 3], "texture": "#0", "cullface": "down"},
				"down": {"uv": [14.75, 3.25, 14.25, 3.5], "texture": "#0", "cullface": "down"}
			}
		},
		{
			"from": [13.48136, -5.47233, 1.23481],
			"to": [14.48136, -4.47233, 3.23481],
			"rotation": {"angle": 22.5, "axis": "x", "origin": [13.98136, -5.33233, 2.23481]},
			"faces": {
				"north": {"uv": [5.25, 3.5, 5.5, 3.75], "texture": "#0", "cullface": "west"},
				"east": {"uv": [7, 7.5, 7.5, 7.75], "texture": "#0", "cullface": "west"},
				"south": {"uv": [2.5, 7.5, 2.75, 7.75], "texture": "#0", "cullface": "west"},
				"west": {"uv": [4.75, 7.75, 5.25, 8], "texture": "#0", "cullface": "west"},
				"up": {"uv": [6, 10.5, 5.75, 10], "texture": "#0", "cullface": "west"},
				"down": {"uv": [5, 11, 4.75, 11.5], "texture": "#0", "cullface": "west"}
			}
		},
		{
			"from": [13.51136, -5.67233, -0.06519],
			"to": [14.45136, -4.84233, 1.93481],
			"rotation": {"angle": -22.5, "axis": "x", "origin": [13.98136, -5.51733, 0.23481]},
			"faces": {
				"north": {"uv": [0.75, 9, 1, 9.25], "texture": "#0", "cullface": "west"},
				"east": {"uv": [8.75, 5.75, 9.25, 6], "texture": "#0", "cullface": "west"},
				"south": {"uv": [9.75, 4.5, 10, 4.75], "texture": "#0", "cullface": "west"},
				"west": {"uv": [9, 8.75, 9.5, 9], "texture": "#0", "cullface": "west"},
				"up": {"uv": [11.25, 12.25, 11, 11.75], "texture": "#0", "cullface": "west"},
				"down": {"uv": [10.25, 12.25, 10, 12.75], "texture": "#0", "cullface": "west"}
			}
		},
		{
			"from": [13.63136, -6.09233, -0.61519],
			"to": [14.33136, -5.47233, 0.02481],
			"rotation": {"angle": -22.5, "axis": "x", "origin": [13.98136, -5.73233, -1.12519]},
			"faces": {
				"north": {"uv": [2.25, 10.25, 2.5, 10.5], "texture": "#0", "cullface": "west"},
				"east": {"uv": [10.75, 1.75, 11, 2], "texture": "#0", "cullface": "west"},
				"south": {"uv": [0, 0, 0, 0], "texture": "#0"},
				"west": {"uv": [11.75, 3.25, 12, 3.5], "texture": "#0", "cullface": "west"},
				"up": {"uv": [12.25, 5.5, 12, 5.25], "texture": "#0", "cullface": "west"},
				"down": {"uv": [10.25, 12.75, 10, 13], "texture": "#0", "cullface": "west"}
			}
		},
		{
			"from": [12.55136, -5.83233, 2.97481],
			"to": [15.55136, -4.83233, 5.30481],
			"rotation": {"angle": -45, "axis": "y", "origin": [13.98136, -5.33233, 4.28981]},
			"faces": {
				"north": {"uv": [2.75, 6.25, 3.5, 6.5], "texture": "#0", "cullface": "west"},
				"east": {"uv": [11, 5.5, 11.5, 5.75], "texture": "#0", "cullface": "west"},
				"south": {"uv": [0, 9, 0.75, 9.25], "texture": "#0", "cullface": "west"},
				"west": {"uv": [13.25, 1.75, 13.75, 2], "texture": "#0", "cullface": "west"},
				"up": {"uv": [8.75, 4, 8, 3.5], "texture": "#0", "cullface": "west"},
				"down": {"uv": [9, 7.25, 8.25, 7.75], "texture": "#0", "cullface": "west"}
			}
		},
		{
			"from": [12.71136, -4.74233, 3.29481],
			"to": [15.25136, -3.74233, 5.28481],
			"rotation": {"angle": 22.5, "axis": "y", "origin": [13.98136, -4.24233, 4.28981]},
			"faces": {
				"north": {"uv": [9.5, 1, 10.25, 1.25], "texture": "#0", "cullface": "west"},
				"east": {"uv": [14, 5.5, 14.5, 5.75], "texture": "#0", "cullface": "west"},
				"south": {"uv": [10.25, 1, 11, 1.25], "texture": "#0", "cullface": "west"},
				"west": {"uv": [14, 5.75, 14.5, 6], "texture": "#0", "cullface": "west"},
				"up": {"uv": [8, 13.75, 7.25, 13.25], "texture": "#0", "cullface": "west"},
				"down": {"uv": [8.75, 13.25, 8, 13.75], "texture": "#0", "cullface": "west"}
			}
		},
		{
			"from": [13.13136, -4.87233, 3.67481],
			"to": [14.83136, -3.66233, 4.90481],
			"rotation": {"angle": 0, "axis": "y", "origin": [11.48136, -5.83233, -5.54519]},
			"faces": {
				"north": {"uv": [14, 6, 14.5, 6.25], "texture": "#0", "cullface": "west"},
				"east": {"uv": [2, 13, 2.25, 13.25], "texture": "#0", "cullface": "west"},
				"south": {"uv": [8.75, 14, 9.25, 14.25], "texture": "#0", "cullface": "west"},
				"west": {"uv": [4, 13.25, 4.25, 13.5], "texture": "#0", "cullface": "west"},
				"up": {"uv": [10.5, 14.25, 10, 14], "texture": "#0", "cullface": "west"},
				"down": {"uv": [11, 14, 10.5, 14.25], "texture": "#0", "cullface": "west"}
			}
		},
		{
			"from": [12.94636, -3.66233, 3.22981],
			"to": [15.01636, -2.66233, 5.34981],
			"rotation": {"angle": -45, "axis": "y", "origin": [13.98136, -3.16233, 4.28981]},
			"faces": {
				"north": {"uv": [11, 14, 11.5, 14.25], "texture": "#0", "cullface": "west"},
				"east": {"uv": [11.5, 14, 12, 14.25], "texture": "#0", "cullface": "west"},
				"south": {"uv": [14, 11.75, 14.5, 12], "texture": "#0", "cullface": "west"},
				"west": {"uv": [12, 14, 12.5, 14.25], "texture": "#0", "cullface": "west"},
				"up": {"uv": [7, 11, 6.5, 10.5], "texture": "#0", "cullface": "west"},
				"down": {"uv": [11.25, 10.25, 10.75, 10.75], "texture": "#0", "cullface": "west"}
			}
		},
		{
			"from": [13.69136, -6.09233, -1.27519],
			"to": [14.27136, -5.57233, -0.60519],
			"rotation": {"angle": -22.5, "axis": "x", "origin": [13.98136, -5.73233, -1.12519]},
			"faces": {
				"north": {"uv": [13.5, 14.25, 13.75, 14.5], "texture": "#0", "cullface": "west"},
				"east": {"uv": [13.75, 14.25, 14, 14.5], "texture": "#0", "cullface": "west"},
				"south": {"uv": [0, 0, 0, 0], "texture": "#0"},
				"west": {"uv": [14.25, 14.25, 14.5, 14.5], "texture": "#0", "cullface": "west"},
				"up": {"uv": [2.25, 14.75, 2, 14.5], "texture": "#0", "cullface": "west"},
				"down": {"uv": [2.5, 14.5, 2.25, 14.75], "texture": "#0", "cullface": "west"}
			}
		},
		{
			"from": [10.62436, -4.79642, 3.9798],
			"to": [12.62436, -3.79642, 4.9798],
			"rotation": {"angle": -22.5, "axis": "z", "origin": [9.98136, -5.27591, 4.4798]},
			"faces": {
				"north": {"uv": [14, 12, 14.5, 12.25], "texture": "#0", "cullface": "west"},
				"east": {"uv": [14.5, 2.25, 14.75, 2.5], "texture": "#0", "cullface": "west"},
				"south": {"uv": [14, 12.25, 14.5, 12.5], "texture": "#0", "cullface": "west"},
				"west": {"uv": [2.5, 14.5, 2.75, 14.75], "texture": "#0", "cullface": "west"},
				"up": {"uv": [14.5, 12.75, 14, 12.5], "texture": "#0", "cullface": "west"},
				"down": {"uv": [14.5, 12.75, 14, 13], "texture": "#0", "cullface": "west"}
			}
		},
		{
			"from": [9.36262, -5.56019, 4.0098],
			"to": [11.36262, -4.73019, 4.9498],
			"rotation": {"angle": 22.5, "axis": "z", "origin": [9.98136, -5.27591, 4.4798]},
			"faces": {
				"north": {"uv": [13, 14, 13.5, 14.25], "texture": "#0", "cullface": "west"},
				"east": {"uv": [14.5, 2.5, 14.75, 2.75], "texture": "#0", "cullface": "west"},
				"south": {"uv": [14, 13, 14.5, 13.25], "texture": "#0", "cullface": "west"},
				"west": {"uv": [2.75, 14.5, 3, 14.75], "texture": "#0", "cullface": "west"},
				"up": {"uv": [14.5, 13.5, 14, 13.25], "texture": "#0", "cullface": "west"},
				"down": {"uv": [14.5, 13.5, 14, 13.75], "texture": "#0", "cullface": "west"}
			}
		},
		{
			"from": [8.88636, -5.83233, 4.1298],
			"to": [9.52636, -5.21233, 4.8298],
			"rotation": {"angle": 22.5, "axis": "z", "origin": [8.88386, -5.54733, 4.4798]},
			"faces": {
				"north": {"uv": [3.5, 14.5, 3.75, 14.75], "texture": "#0", "cullface": "west"},
				"east": {"uv": [0, 0, 0, 0], "texture": "#0"},
				"south": {"uv": [4, 14.5, 4.25, 14.75], "texture": "#0", "cullface": "west"},
				"west": {"uv": [14.5, 4, 14.75, 4.25], "texture": "#0", "cullface": "west"},
				"up": {"uv": [4.5, 14.75, 4.25, 14.5], "texture": "#0", "cullface": "west"},
				"down": {"uv": [14.75, 4.25, 14.5, 4.5], "texture": "#0", "cullface": "west"}
			}
		},
		{
			"from": [8.22636, -5.83233, 4.1898],
			"to": [8.89636, -5.31233, 4.7698],
			"rotation": {"angle": 22.5, "axis": "z", "origin": [8.88386, -5.54733, 4.4798]},
			"faces": {
				"north": {"uv": [14.5, 4.5, 14.75, 4.75], "texture": "#0", "cullface": "west"},
				"east": {"uv": [0, 0, 0, 0], "texture": "#0"},
				"south": {"uv": [14.5, 4.75, 14.75, 5], "texture": "#0", "cullface": "west"},
				"west": {"uv": [5, 14.5, 5.25, 14.75], "texture": "#0", "cullface": "west"},
				"up": {"uv": [5.75, 14.75, 5.5, 14.5], "texture": "#0", "cullface": "west"},
				"down": {"uv": [14.75, 5.5, 14.5, 5.75], "texture": "#0", "cullface": "west"}
			}
		},
		{
			"from": [12.64636, -3.44233, 3.52981],
			"to": [15.46636, 3.55767, 6.26981],
			"rotation": {"angle": 22.5, "axis": "x", "origin": [13.47136, -1.42233, 5.36981]},
			"faces": {
				"north": {"uv": [1, 7.5, 1.75, 9.25], "texture": "#0", "cullface": "west"},
				"east": {"uv": [1.75, 7.5, 2.5, 9.25], "texture": "#0", "cullface": "west"},
				"south": {"uv": [7.5, 6, 8.25, 7.75], "texture": "#0", "cullface": "west"},
				"west": {"uv": [6.25, 7.5, 7, 9.25], "texture": "#0", "cullface": "west"},
				"up": {"uv": [13.5, 6.25, 12.75, 5.5], "texture": "#0", "cullface": "west"},
				"down": {"uv": [13.5, 7.75, 12.75, 8.5], "texture": "#0", "cullface": "west"}
			}
		},
		{
			"from": [11.88636, 3.99767, 5.89981],
			"to": [14.33636, 7.99767, 8.34981],
			"rotation": {"angle": 22.5, "axis": "y", "origin": [13.47136, 5.52767, 5.36981]},
			"faces": {
				"north": {"uv": [6.5, 2.5, 7, 3.5], "texture": "#0", "cullface": "west"},
				"east": {"uv": [1.5, 13, 2, 14], "texture": "#0"},
				"south": {"uv": [10, 13, 10.5, 14], "texture": "#0"},
				"west": {"uv": [10.5, 13, 11, 14], "texture": "#0", "cullface": "west"},
				"up": {"uv": [11.5, 8.25, 11, 7.75], "texture": "#0"},
				"down": {"uv": [14, 11.75, 13.5, 12.25], "texture": "#0"}
			}
		},
		{
			"from": [13.01485, 8.09832, 5.00662],
			"to": [15.5696, 9.75334, 10.90164],
			"rotation": {"angle": 0, "axis": "x", "origin": [14.29418, 8.92583, 7.95413]},
			"faces": {
				"north": {"uv": [14.25, 8.75, 13.5, 9.25], "texture": "#0", "cullface": "west"},
				"east": {"uv": [13.5, 7.25, 12, 7.75], "texture": "#0", "cullface": "west"},
				"south": {"uv": [14.25, 9.25, 13.5, 9.75], "texture": "#0", "cullface": "west"},
				"west": {"uv": [13.5, 6.75, 12, 7.25], "texture": "#0", "cullface": "west"},
				"up": {"uv": [0.75, 11.75, 1.5, 10.25], "texture": "#0", "cullface": "west"},
				"down": {"uv": [1.5, 10.25, 2.25, 11.75], "texture": "#0", "cullface": "west"}
			}
		},
		{
			"from": [13.01876, 6.24627, 6.44885],
			"to": [15.57351, 11.60538, 9.45941],
			"rotation": {"angle": 45, "axis": "x", "origin": [14.29418, 8.92583, 7.95413]},
			"faces": {
				"north": {"uv": [1.5, 11.75, 0.75, 13], "texture": "#0", "cullface": "west"},
				"east": {"uv": [11, 11.75, 10.25, 13], "texture": "#0", "cullface": "west"},
				"south": {"uv": [12.5, 2, 11.75, 3.25], "texture": "#0", "cullface": "west"},
				"west": {"uv": [2.25, 11.75, 1.5, 13], "texture": "#0", "cullface": "west"},
				"up": {"uv": [12.75, 10.75, 13.5, 10], "texture": "#0", "cullface": "west"},
				"down": {"uv": [12.75, 10.75, 13.5, 11.5], "texture": "#0", "cullface": "west"}
			}
		},
		{
			"from": [13.01876, 7.42055, 5.29034],
			"to": [15.57351, 10.43111, 10.61792],
			"rotation": {"angle": 45, "axis": "x", "origin": [14.29418, 8.92583, 7.95413]},
			"faces": {
				"north": {"uv": [11.75, 12.75, 11, 13.5], "texture": "#0", "cullface": "west"},
				"east": {"uv": [13, 0, 11.75, 0.75], "texture": "#0", "cullface": "west"},
				"south": {"uv": [13.5, 11.5, 12.75, 12.25], "texture": "#0", "cullface": "west"},
				"west": {"uv": [10.75, 1.75, 9.5, 2.5], "texture": "#0", "cullface": "west"},
				"up": {"uv": [12, 2, 12.75, 0.75], "texture": "#0", "cullface": "west"},
				"down": {"uv": [2.25, 12, 3, 13.25], "texture": "#0", "cullface": "west"}
			}
		},
		{
			"from": [13.01485, 5.97832, 7.11086],
			"to": [15.5696, 11.87334, 8.7974],
			"rotation": {"angle": 0, "axis": "y", "origin": [14.29418, 8.92583, 7.95413]},
			"faces": {
				"north": {"uv": [11, 6.75, 10.25, 8.25], "texture": "#0", "cullface": "west"},
				"east": {"uv": [12.75, 9.25, 12.25, 10.75], "texture": "#0", "cullface": "west"},
				"south": {"uv": [3, 10.5, 2.25, 12], "texture": "#0", "cullface": "west"},
				"west": {"uv": [12.75, 7.75, 12.25, 9.25], "texture": "#0", "cullface": "west"},
				"up": {"uv": [13.5, 10.25, 14.25, 9.75], "texture": "#0", "cullface": "west"},
				"down": {"uv": [13.5, 10.25, 14.25, 10.75], "texture": "#0", "cullface": "west"}
			}
		},
		{
			"from": [15.23564, -4.79642, 4.0502],
			"to": [17.23564, -3.79642, 5.0502],
			"rotation": {"angle": 22.5, "axis": "z", "origin": [17.87864, -5.27591, 4.5502]},
			"faces": {
				"north": {"uv": [14, 13.75, 14.5, 14], "texture": "#0", "cullface": "down"},
				"east": {"uv": [6.75, 14.5, 7, 14.75], "texture": "#0", "cullface": "down"},
				"south": {"uv": [14, 14, 14.5, 14.25], "texture": "#0", "cullface": "down"},
				"west": {"uv": [7, 14.5, 7.25, 14.75], "texture": "#0", "cullface": "west"},
				"up": {"uv": [14.75, 0.25, 14.25, 0], "texture": "#0", "cullface": "down"},
				"down": {"uv": [14.75, 0.25, 14.25, 0.5], "texture": "#0", "cullface": "down"}
			}
		},
		{
			"from": [16.49738, -5.56019, 4.0802],
			"to": [18.49738, -4.73019, 5.0202],
			"rotation": {"angle": -22.5, "axis": "z", "origin": [17.87864, -5.27591, 4.5502]},
			"faces": {
				"north": {"uv": [14.25, 0.5, 14.75, 0.75], "texture": "#0", "cullface": "down"},
				"east": {"uv": [8.75, 14.5, 9, 14.75], "texture": "#0", "cullface": "down"},
				"south": {"uv": [14.25, 0.75, 14.75, 1], "texture": "#0", "cullface": "down"},
				"west": {"uv": [14.5, 8.75, 14.75, 9], "texture": "#0", "cullface": "down"},
				"up": {"uv": [14.75, 1.25, 14.25, 1], "texture": "#0", "cullface": "down"},
				"down": {"uv": [14.75, 1.25, 14.25, 1.5], "texture": "#0", "cullface": "down"}
			}
		},
		{
			"from": [18.33364, -5.83233, 4.2002],
			"to": [18.97364, -5.21233, 4.9002],
			"rotation": {"angle": -22.5, "axis": "z", "origin": [18.97614, -5.54733, 4.5502]},
			"faces": {
				"north": {"uv": [9, 14.5, 9.25, 14.75], "texture": "#0", "cullface": "down"},
				"east": {"uv": [14.5, 9, 14.75, 9.25], "texture": "#0", "cullface": "down"},
				"south": {"uv": [9.25, 14.5, 9.5, 14.75], "texture": "#0", "cullface": "down"},
				"west": {"uv": [0, 0, 0, 0], "texture": "#0"},
				"up": {"uv": [10.5, 14.75, 10.25, 14.5], "texture": "#0", "cullface": "down"},
				"down": {"uv": [10.75, 14.5, 10.5, 14.75], "texture": "#0", "cullface": "down"}
			}
		},
		{
			"from": [18.96364, -5.83233, 4.2602],
			"to": [19.63364, -5.31233, 4.8402],
			"rotation": {"angle": -22.5, "axis": "z", "origin": [18.97614, -5.54733, 4.5502]},
			"faces": {
				"north": {"uv": [5.75, 14.5, 6, 14.75], "texture": "#0", "cullface": "down"},
				"east": {"uv": [14.5, 5.75, 14.75, 6], "texture": "#0", "cullface": "down"},
				"south": {"uv": [6, 14.5, 6.25, 14.75], "texture": "#0", "cullface": "down"},
				"west": {"uv": [0, 0, 0, 0], "texture": "#0"},
				"up": {"uv": [6.5, 14.75, 6.25, 14.5], "texture": "#0", "cullface": "down"},
				"down": {"uv": [6.75, 14.5, 6.5, 14.75], "texture": "#0", "cullface": "down"}
			}
		},
		{
			"from": [12.31636, 3.07767, 5.89981],
			"to": [13.89636, 4.07767, 7.37981],
			"rotation": {"angle": 45, "axis": "y", "origin": [13.47136, 6.07767, 5.36981]},
			"faces": {
				"north": {"uv": [14.25, 7.5, 14.75, 7.75], "texture": "#0", "cullface": "west"},
				"east": {"uv": [14.75, 2.75, 15, 3], "texture": "#0", "cullface": "west"},
				"south": {"uv": [14.25, 7.75, 14.75, 8], "texture": "#0", "cullface": "west"},
				"west": {"uv": [14.75, 3, 15, 3.25], "texture": "#0", "cullface": "west"},
				"up": {"uv": [14.75, 8.25, 14.25, 8], "texture": "#0", "cullface": "west"},
				"down": {"uv": [14.75, 8.25, 14.25, 8.5], "texture": "#0", "cullface": "west"}
			}
		},
		{
			"from": [-1, 5.84, 7.37657],
			"to": [4.34, 10.84, 11.35391],
			"rotation": {"angle": 0, "axis": "y", "origin": [0, 0.73, 0]},
			"faces": {
				"north": {"uv": [1.5, 6.25, 2.75, 7.5], "texture": "#0"},
				"east": {"uv": [0, 0, 0, 0], "texture": "#0"},
				"south": {"uv": [6.5, 0, 7.75, 1.25], "texture": "#0"},
				"west": {"uv": [7, 7.75, 8, 9], "texture": "#0", "cullface": "west"},
				"up": {"uv": [9.25, 3.5, 8, 2.5], "texture": "#0", "cullface": "west"},
				"down": {"uv": [6, 8, 4.75, 9], "texture": "#0"}
			}
		},
		{
			"from": [2.83, 1.73, 8],
			"to": [10.14, 7.73, 11],
			"rotation": {"angle": 0, "axis": "y", "origin": [0, 0.73, 0]},
			"faces": {
				"north": {"uv": [0, 4.75, 1.75, 6.25], "texture": "#0"},
				"east": {"uv": [0, 4.75, 1.75, 6.25], "texture": "#0"},
				"south": {"uv": [0, 4.75, 1.75, 6.25], "texture": "#0"},
				"west": {"uv": [0, 4.75, 1.75, 6.25], "texture": "#0"},
				"up": {"uv": [0, 4.75, 1.75, 6.25], "texture": "#0"},
				"down": {"uv": [0, 4.75, 1.75, 6.25], "texture": "#0"}
			}
		},
		{
			"from": [0.98, 5.16, 7.73985],
			"to": [11.95, 10.16, 11.35782],
			"rotation": {"angle": 0, "axis": "y", "origin": [13.67, 7.23, 9.5]},
			"faces": {
				"north": {"uv": [0, 1.25, 2.75, 2.5], "texture": "#0"},
				"east": {"uv": [0, 1.25, 2.75, 2.5], "texture": "#0"},
				"south": {"uv": [0, 1.25, 2.75, 2.5], "texture": "#0"},
				"west": {"uv": [0, 1.25, 2.75, 2.5], "texture": "#0"},
				"up": {"uv": [0, 1.25, 2.75, 2.5], "texture": "#0"},
				"down": {"uv": [0, 1.25, 2.75, 2.5], "texture": "#0"}
			}
		},
		{
			"from": [8.66, 5.84, 7.525],
			"to": [13.95, 10.84, 11.35391],
			"rotation": {"angle": 0, "axis": "y", "origin": [13.67, 7.23, 9.5]},
			"faces": {
				"north": {"uv": [6.5, 1.25, 7.75, 2.5], "texture": "#0"},
				"east": {"uv": [8.5, 0, 9.5, 1.25], "texture": "#0"},
				"south": {"uv": [2.75, 6.5, 4, 7.75], "texture": "#0"},
				"west": {"uv": [0, 0, 0, 0], "texture": "#0"},
				"up": {"uv": [10, 5.75, 8.75, 4.75], "texture": "#0"},
				"down": {"uv": [6, 9, 4.75, 10], "texture": "#0"}
			}
		},
		{
			"from": [0.09, 1.8, 7.99609],
			"to": [2.09, 6.8, 10.99609],
			"rotation": {"angle": 22.5, "axis": "z", "origin": [2, 7.25, 9.49609]},
			"faces": {
				"north": {"uv": [12.5, 12.25, 13, 13.5], "texture": "#0"},
				"east": {"uv": [0, 0, 0, 0], "texture": "#0"},
				"south": {"uv": [12.75, 0.75, 13.25, 2], "texture": "#0"},
				"west": {"uv": [11.5, 7.75, 12.25, 9], "texture": "#0"},
				"up": {"uv": [0, 0, 0, 0], "texture": "#0"},
				"down": {"uv": [0, 0, 0, 0], "texture": "#0"}
			}
		},
		{
			"from": [10.94, 0.98, 7.99609],
			"to": [12.94, 5.98, 10.99609],
			"rotation": {"angle": -22.5, "axis": "z", "origin": [12.92, 7.25, 9.49609]},
			"faces": {
				"north": {"uv": [3, 12.75, 3.5, 14], "texture": "#0"},
				"east": {"uv": [11.5, 9, 12.25, 10.25], "texture": "#0"},
				"south": {"uv": [3.5, 12.75, 4, 14], "texture": "#0"},
				"west": {"uv": [0, 0, 0, 0], "texture": "#0"},
				"up": {"uv": [0, 0, 0, 0], "texture": "#0"},
				"down": {"uv": [0, 0, 0, 0], "texture": "#0"}
			}
		},
		{
			"from": [3.11, 1.81, 7.31],
			"to": [5.11, 7.81, 11.76],
			"rotation": {"angle": -22.5, "axis": "z", "origin": [2, 4.21, 8.81]},
			"faces": {
				"north": {"uv": [4.25, 12, 4.75, 13.5], "texture": "#0"},
				"east": {"uv": [4.25, 12, 4.75, 13.5], "texture": "#0"},
				"south": {"uv": [5, 12.5, 5.5, 14], "texture": "#0"},
				"west": {"uv": [4.25, 12, 4.75, 13.5], "texture": "#0"},
				"up": {"uv": [4.25, 12, 4.75, 13.5], "texture": "#0"},
				"down": {"uv": [4.25, 12, 4.75, 13.5], "texture": "#0"}
			}
		},
		{
			"from": [4.35486, 5.4016, 7.04],
			"to": [8.59486, 6.3916, 11.36],
			"rotation": {"angle": 0, "axis": "z", "origin": [8.84486, 3.9616, 9.47]},
			"faces": {
				"north": {"uv": [9.25, 6.75, 10.25, 7.25], "texture": "#0"},
				"east": {"uv": [0, 0, 0, 0], "texture": "#0"},
				"south": {"uv": [10.75, 2, 11.75, 2.5], "texture": "#0"},
				"west": {"uv": [12.75, 6.25, 13.75, 6.75], "texture": "#0"},
				"up": {"uv": [11.5, 6.75, 10.5, 5.75], "texture": "#0"},
				"down": {"uv": [11.75, 0, 10.75, 1], "texture": "#0"}
			}
		},
		{
			"from": [-0.06514, 7.5616, 7.31],
			"to": [4.48486, 11.1716, 11.49],
			"rotation": {"angle": -22.5, "axis": "z", "origin": [1.82486, 8.0916, 9.47]},
			"faces": {
				"north": {"uv": [7, 9, 8.25, 10], "texture": "#0"},
				"east": {"uv": [10.25, 10.75, 11.25, 11.75], "texture": "#0"},
				"south": {"uv": [9, 7.25, 10.25, 8.25], "texture": "#0"},
				"west": {"uv": [11, 1, 12, 2], "texture": "#0"},
				"up": {"uv": [9.5, 10, 8.25, 9], "texture": "#0"},
				"down": {"uv": [1.25, 9.25, 0, 10.25], "texture": "#0"}
			}
		},
		{
			"from": [8.71514, 8.6616, 7.31],
			"to": [13.17514, 12.2716, 11.49],
			"rotation": {"angle": 22.5, "axis": "z", "origin": [14.17514, 8.0916, 9.47]},
			"faces": {
				"north": {"uv": [11, 3.5, 12, 4.5], "texture": "#0"},
				"east": {"uv": [3.75, 11, 4.75, 12], "texture": "#0"},
				"south": {"uv": [11, 4.5, 12, 5.5], "texture": "#0"},
				"west": {"uv": [6.5, 11, 7.5, 12], "texture": "#0"},
				"up": {"uv": [12, 7.75, 11, 6.75], "texture": "#0"},
				"down": {"uv": [8.5, 11, 7.5, 12], "texture": "#0"}
			}
		},
		{
			"from": [1.63, 0.29, 7.14],
			"to": [11.34, 1.83, 11.86],
			"rotation": {"angle": 0, "axis": "y", "origin": [0, 0.73, 0]},
			"faces": {
				"north": {"uv": [8.5, 1.25, 11, 1.75], "texture": "#0"},
				"east": {"uv": [12.5, 2.5, 13.75, 3], "texture": "#0"},
				"south": {"uv": [9, 8.25, 11.5, 8.75], "texture": "#0"},
				"west": {"uv": [12.75, 4, 14, 4.5], "texture": "#0"},
				"up": {"uv": [2.5, 3.75, 0, 2.5], "texture": "#0"},
				"down": {"uv": [5, 2.5, 2.5, 3.75], "texture": "#0"}
			}
		},
		{
			"from": [5.79, -5.3, 8.41],
			"to": [6.61, -1.74, 9.15],
			"rotation": {"angle": 22.5, "axis": "z", "origin": [6.82, -0.48, 8.78]},
			"faces": {
				"north": {"uv": [6.25, 6.5, 6.5, 7.5], "texture": "#0", "cullface": "down"},
				"east": {"uv": [13.5, 12.25, 13.75, 13.25], "texture": "#0", "cullface": "down"},
				"south": {"uv": [12.5, 13.5, 12.75, 14.5], "texture": "#0", "cullface": "down"},
				"west": {"uv": [12.75, 13.5, 13, 14.5], "texture": "#0", "cullface": "down"},
				"up": {"uv": [15, 3.5, 14.75, 3.25], "texture": "#0", "cullface": "down"},
				"down": {"uv": [3.75, 14.75, 3.5, 15], "texture": "#0", "cullface": "down"}
			}
		},
		{
			"from": [6.41, -2.26, 8.41],
			"to": [7.23, 1.3, 9.15],
			"rotation": {"angle": 0, "axis": "y", "origin": [6.82, -0.48, 8.78]},
			"faces": {
				"north": {"uv": [13.5, 13.25, 13.75, 14.25], "texture": "#0"},
				"east": {"uv": [0, 13.75, 0.25, 14.75], "texture": "#0"},
				"south": {"uv": [13.75, 0, 14, 1], "texture": "#0"},
				"west": {"uv": [0.25, 13.75, 0.5, 14.75], "texture": "#0"},
				"up": {"uv": [0, 0, 0, 0], "texture": "#0"},
				"down": {"uv": [4, 14.75, 3.75, 15], "texture": "#0", "cullface": "down"}
			}
		},
		{
			"from": [3.3, -4.26, 9.33],
			"to": [4.04, -0.7, 10.15],
			"rotation": {"angle": -22.5, "axis": "x", "origin": [3.67, 0.67, 10.36]},
			"faces": {
				"north": {"uv": [0.5, 13.75, 0.75, 14.75], "texture": "#0", "cullface": "down"},
				"east": {"uv": [0.75, 13.75, 1, 14.75], "texture": "#0", "cullface": "down"},
				"south": {"uv": [1, 13.75, 1.25, 14.75], "texture": "#0", "cullface": "down"},
				"west": {"uv": [13.75, 1, 14, 2], "texture": "#0", "cullface": "down"},
				"up": {"uv": [15, 4, 14.75, 3.75], "texture": "#0", "cullface": "down"},
				"down": {"uv": [4.25, 14.75, 4, 15], "texture": "#0", "cullface": "down"}
			}
		},
		{
			"from": [3.3, -1.11, 9.95],
			"to": [4.04, 2.45, 10.77],
			"rotation": {"angle": 0, "axis": "y", "origin": [3.67, 0.67, 10.36]},
			"faces": {
				"north": {"uv": [1.25, 13.75, 1.5, 14.75], "texture": "#0"},
				"east": {"uv": [13.75, 2.5, 14, 3.5], "texture": "#0"},
				"south": {"uv": [7.25, 13.75, 7.5, 14.75], "texture": "#0"},
				"west": {"uv": [7.5, 13.75, 7.75, 14.75], "texture": "#0"},
				"up": {"uv": [0, 0, 0, 0], "texture": "#0"},
				"down": {"uv": [4.5, 14.75, 4.25, 15], "texture": "#0", "cullface": "down"}
			}
		},
		{
			"from": [8.75, -3.445, 8.065],
			"to": [9.49, -2.735, 9.895],
			"rotation": {"angle": -22.5, "axis": "x", "origin": [9.12, -1.085, 9.77]},
			"faces": {
				"north": {"uv": [14.75, 4.25, 15, 4.5], "texture": "#0", "cullface": "down"},
				"east": {"uv": [14.25, 8.5, 14.75, 8.75], "texture": "#0", "cullface": "down"},
				"south": {"uv": [4.5, 14.75, 4.75, 15], "texture": "#0", "cullface": "down"},
				"west": {"uv": [8.75, 14.25, 9.25, 14.5], "texture": "#0", "cullface": "down"},
				"up": {"uv": [5.5, 14.75, 5.25, 14.25], "texture": "#0", "cullface": "down"},
				"down": {"uv": [14.5, 8.75, 14.25, 9.25], "texture": "#0", "cullface": "down"}
			}
		},
		{
			"from": [8.71, -3.47, 9.4],
			"to": [9.53, 1.3, 10.14],
			"rotation": {"angle": -22.5, "axis": "y", "origin": [6.82, -0.48, 9.77]},
			"faces": {
				"north": {"uv": [5, 2.5, 5.25, 3.75], "texture": "#0"},
				"east": {"uv": [6, 8, 6.25, 9.25], "texture": "#0"},
				"south": {"uv": [9.25, 13.25, 9.5, 14.5], "texture": "#0"},
				"west": {"uv": [4.5, 13.5, 4.75, 14.75], "texture": "#0"},
				"up": {"uv": [15, 4.75, 14.75, 4.5], "texture": "#0"},
				"down": {"uv": [5, 14.75, 4.75, 15], "texture": "#0", "cullface": "down"}
			}
		},
		{
			"from": [7.45, -1.97, 9.75],
			"to": [8.27, 1.59, 10.49],
			"rotation": {"angle": 0, "axis": "x", "origin": [6.82, -0.48, 8.78]},
			"faces": {
				"north": {"uv": [7.75, 13.75, 8, 14.75], "texture": "#0"},
				"east": {"uv": [8, 13.75, 8.25, 14.75], "texture": "#0"},
				"south": {"uv": [8.25, 13.75, 8.5, 14.75], "texture": "#0"},
				"west": {"uv": [8.5, 13.75, 8.75, 14.75], "texture": "#0"},
				"up": {"uv": [0, 0, 0, 0], "texture": "#0"},
				"down": {"uv": [5.25, 14.75, 5, 15], "texture": "#0", "cullface": "down"}
			}
		},
		{
			"from": [7.45, -4.65, 8.86],
			"to": [8.27, -1.09, 9.6],
			"rotation": {"angle": -45, "axis": "x", "origin": [7.86, -0.48, 10.12]},
			"faces": {
				"north": {"uv": [9.5, 13.75, 9.75, 14.75], "texture": "#0", "cullface": "down"},
				"east": {"uv": [9.75, 13.75, 10, 14.75], "texture": "#0", "cullface": "down"},
				"south": {"uv": [13.75, 12.25, 14, 13.25], "texture": "#0", "cullface": "down"},
				"west": {"uv": [13.75, 13.25, 14, 14.25], "texture": "#0", "cullface": "down"},
				"up": {"uv": [15, 5.25, 14.75, 5], "texture": "#0", "cullface": "down"},
				"down": {"uv": [5.5, 14.75, 5.25, 15], "texture": "#0", "cullface": "down"}
			}
		},
		{
			"from": [4.82, -6.08, 9.36],
			"to": [5.56, -2.52, 10.18],
			"rotation": {"angle": -22.5, "axis": "x", "origin": [5.19, -0.48, 8.98]},
			"faces": {
				"north": {"uv": [14, 0, 14.25, 1], "texture": "#0", "cullface": "down"},
				"east": {"uv": [14, 1, 14.25, 2], "texture": "#0", "cullface": "down"},
				"south": {"uv": [1.5, 14, 1.75, 15], "texture": "#0", "cullface": "down"},
				"west": {"uv": [1.75, 14, 2, 15], "texture": "#0", "cullface": "down"},
				"up": {"uv": [15, 5.5, 14.75, 5.25], "texture": "#0", "cullface": "down"},
				"down": {"uv": [5.75, 14.75, 5.5, 15], "texture": "#0", "cullface": "down"}
			}
		},
		{
			"from": [4.82, -2.93, 8.57],
			"to": [5.56, 1.3, 9.39],
			"rotation": {"angle": -45, "axis": "x", "origin": [5.19, -0.48, 8.98]},
			"faces": {
				"north": {"uv": [14, 2, 14.25, 3], "texture": "#0"},
				"east": {"uv": [3, 14, 3.25, 15], "texture": "#0"},
				"south": {"uv": [14, 3, 14.25, 4], "texture": "#0"},
				"west": {"uv": [3.25, 14, 3.5, 15], "texture": "#0"},
				"up": {"uv": [0, 0, 0, 0], "texture": "#0"},
				"down": {"uv": [6, 14.75, 5.75, 15], "texture": "#0", "cullface": "down"}
			}
		},
		{
			"from": [9.12, 8.36, 7.65],
			"to": [14.41, 12.03, 11.14],
			"rotation": {"angle": -22.5, "axis": "z", "origin": [11.305, 12.655, 9.5]},
			"faces": {
				"north": {"uv": [1.25, 9.25, 2.5, 10.25], "texture": "#0"},
				"east": {"uv": [8.5, 11, 9.5, 12], "texture": "#0"},
				"south": {"uv": [9.25, 5.75, 10.5, 6.75], "texture": "#0"},
				"west": {"uv": [0, 0, 0, 0], "texture": "#0"},
				"up": {"uv": [10.75, 1, 9.5, 0], "texture": "#0"},
				"down": {"uv": [0, 0, 0, 0], "texture": "#0"}
			}
		},
		{
			"from": [-1, 9.38, 7.65],
			"to": [4.29, 13.05, 11.14],
			"rotation": {"angle": 22.5, "axis": "z", "origin": [4.695, 12.655, 9.5]},
			"faces": {
				"north": {"uv": [9.5, 8.75, 10.75, 9.75], "texture": "#0"},
				"east": {"uv": [0, 0, 0, 0], "texture": "#0"},
				"south": {"uv": [9.75, 3.5, 11, 4.5], "texture": "#0"},
				"west": {"uv": [4.75, 11.5, 5.75, 12.5], "texture": "#0", "cullface": "west"},
				"up": {"uv": [10.75, 10.75, 9.5, 9.75], "texture": "#0"},
				"down": {"uv": [0, 0, 0, 0], "texture": "#0"}
			}
		},
		{
			"from": [3.78, 7.92, 7.65],
			"to": [9.15, 12.92, 11.35],
			"rotation": {"angle": 0, "axis": "y", "origin": [13.67, 7.23, 9.5]},
			"faces": {
				"north": {"uv": [1, 0.25, 1.25, 0.5], "texture": "#0"},
				"east": {"uv": [1, 0.25, 1.25, 0.5], "texture": "#0"},
				"south": {"uv": [1, 0.25, 1.25, 0.5], "texture": "#0"},
				"west": {"uv": [1, 0.25, 1.25, 0.5], "texture": "#0"},
				"up": {"uv": [1, 0.25, 1.25, 0.5], "texture": "#0"},
				"down": {"uv": [1, 0.25, 1.25, 0.5], "texture": "#0"}
			}
		},
		{
			"from": [3.33, 9.86, 3.14],
			"to": [9.6, 16.86, 8.32],
			"rotation": {"angle": 0, "axis": "x", "origin": [13.67, 7.23, 9.5]},
			"faces": {
				"north": {"uv": [3.5, 4.75, 5, 6.5], "texture": "#0"},
				"east": {"uv": [5.25, 0, 6.5, 1.75], "texture": "#0"},
				"south": {"uv": [5, 4.75, 6.5, 6.5], "texture": "#0"},
				"west": {"uv": [5.25, 1.75, 6.5, 3.5], "texture": "#0"},
				"up": {"uv": [7, 4.75, 5.5, 3.5], "texture": "#0", "cullface": "up"},
				"down": {"uv": [1.5, 6.25, 0, 7.5], "texture": "#0"}
			}
		},
		{
			"from": [8.16, 2.98, 7.31],
			"to": [10.16, 8.98, 11.76],
			"rotation": {"angle": 22.5, "axis": "z", "origin": [14, 4.21, 8.81]},
			"faces": {
				"north": {"uv": [4.75, 12.5, 5.25, 14], "texture": "#0"},
				"east": {"uv": [7, 2.5, 8, 4], "texture": "#0"},
				"south": {"uv": [5.25, 12.5, 5.75, 14], "texture": "#0"},
				"west": {"uv": [0, 7.5, 1, 9], "texture": "#0"},
				"up": {"uv": [6.75, 14.25, 6.25, 13.25], "texture": "#0"},
				"down": {"uv": [0, 0, 0, 0], "texture": "#0"}
			}
		},
		{
			"from": [2.55, 8.83328, 7.19528],
			"to": [4, 8.97328, 7.56528],
			"rotation": {"angle": 22.5, "axis": "z", "origin": [2.61083, 9.179, 7.37428]},
			"faces": {
				"north": {"uv": [14.75, 13.75, 15, 14], "texture": "#0"},
				"east": {"uv": [14, 14.75, 14.25, 15], "texture": "#0"},
				"south": {"uv": [14.75, 14, 15, 14.25], "texture": "#0"},
				"west": {"uv": [14.25, 14.75, 14.5, 15], "texture": "#0"},
				"up": {"uv": [15, 14.5, 14.75, 14.25], "texture": "#0"},
				"down": {"uv": [14.75, 14.75, 14.5, 15], "texture": "#0"}
			}
		},
		{
			"from": [1.24496, 8.83843, 7.19528],
			"to": [2.69496, 8.97843, 7.56528],
			"rotation": {"angle": 0, "axis": "z", "origin": [2.61083, 9.179, 7.37428]},
			"faces": {
				"north": {"uv": [14.75, 14.5, 15, 14.75], "texture": "#0"},
				"east": {"uv": [14.75, 14.75, 15, 15], "texture": "#0"},
				"south": {"uv": [0, 15, 0.25, 15.25], "texture": "#0"},
				"west": {"uv": [15, 0, 15.25, 0.25], "texture": "#0"},
				"up": {"uv": [0.5, 15.25, 0.25, 15], "texture": "#0"},
				"down": {"uv": [15.25, 0.25, 15, 0.5], "texture": "#0"}
			}
		},
		{
			"from": [2.52552, 9.3786, 7.19528],
			"to": [3.97552, 9.5186, 7.56528],
			"rotation": {"angle": 0, "axis": "z", "origin": [2.61083, 9.179, 7.37428]},
			"faces": {
				"north": {"uv": [0.5, 15, 0.75, 15.25], "texture": "#0"},
				"east": {"uv": [15, 0.5, 15.25, 0.75], "texture": "#0"},
				"south": {"uv": [0.75, 15, 1, 15.25], "texture": "#0"},
				"west": {"uv": [15, 0.75, 15.25, 1], "texture": "#0"},
				"up": {"uv": [1.25, 15.25, 1, 15], "texture": "#0"},
				"down": {"uv": [15.25, 1, 15, 1.25], "texture": "#0"}
			}
		},
		{
			"from": [1.2202, 9.38428, 7.19528],
			"to": [2.6702, 9.52428, 7.56528],
			"rotation": {"angle": 22.5, "axis": "z", "origin": [2.61083, 9.179, 7.37428]},
			"faces": {
				"north": {"uv": [1.25, 15, 1.5, 15.25], "texture": "#0"},
				"east": {"uv": [15, 1.25, 15.25, 1.5], "texture": "#0"},
				"south": {"uv": [1.5, 15, 1.75, 15.25], "texture": "#0"},
				"west": {"uv": [15, 1.5, 15.25, 1.75], "texture": "#0"},
				"up": {"uv": [2, 15.25, 1.75, 15], "texture": "#0"},
				"down": {"uv": [15.25, 1.75, 15, 2], "texture": "#0"}
			}
		},
		{
			"from": [2.41226, 8.98168, 7.19528],
			"to": [2.81226, 9.38168, 7.50528],
			"rotation": {"angle": -22.5, "axis": "z", "origin": [2.61083, 9.179, 7.37428]},
			"faces": {
				"north": {"uv": [2, 15, 2.25, 15.25], "texture": "#0"},
				"east": {"uv": [15, 2, 15.25, 2.25], "texture": "#0"},
				"south": {"uv": [0, 0, 0, 0], "texture": "#0"},
				"west": {"uv": [15, 2.25, 15.25, 2.5], "texture": "#0"},
				"up": {"uv": [2.75, 15.25, 2.5, 15], "texture": "#0"},
				"down": {"uv": [15.25, 2.5, 15, 2.75], "texture": "#0"}
			}
		},
		{
			"from": [9.12, 8.83328, 7.19528],
			"to": [10.57, 8.97328, 7.56528],
			"rotation": {"angle": -22.5, "axis": "z", "origin": [10.50917, 9.179, 7.37428]},
			"faces": {
				"north": {"uv": [2.75, 15, 3, 15.25], "texture": "#0"},
				"east": {"uv": [15, 2.75, 15.25, 3], "texture": "#0"},
				"south": {"uv": [3, 15, 3.25, 15.25], "texture": "#0"},
				"west": {"uv": [15, 3, 15.25, 3.25], "texture": "#0"},
				"up": {"uv": [3.5, 15.25, 3.25, 15], "texture": "#0"},
				"down": {"uv": [15.25, 3.25, 15, 3.5], "texture": "#0"}
			}
		},
		{
			"from": [10.42504, 8.83843, 7.19528],
			"to": [11.87504, 8.97843, 7.56528],
			"rotation": {"angle": 0, "axis": "z", "origin": [10.50917, 9.179, 7.37428]},
			"faces": {
				"north": {"uv": [3.5, 15, 3.75, 15.25], "texture": "#0"},
				"east": {"uv": [15, 3.5, 15.25, 3.75], "texture": "#0"},
				"south": {"uv": [3.75, 15, 4, 15.25], "texture": "#0"},
				"west": {"uv": [15, 3.75, 15.25, 4], "texture": "#0"},
				"up": {"uv": [4.25, 15.25, 4, 15], "texture": "#0"},
				"down": {"uv": [15.25, 4, 15, 4.25], "texture": "#0"}
			}
		},
		{
			"from": [9.14448, 9.3786, 7.19528],
			"to": [10.59448, 9.5186, 7.56528],
			"rotation": {"angle": 0, "axis": "z", "origin": [10.50917, 9.179, 7.37428]},
			"faces": {
				"north": {"uv": [4.25, 15, 4.5, 15.25], "texture": "#0"},
				"east": {"uv": [15, 4.25, 15.25, 4.5], "texture": "#0"},
				"south": {"uv": [4.5, 15, 4.75, 15.25], "texture": "#0"},
				"west": {"uv": [15, 4.5, 15.25, 4.75], "texture": "#0"},
				"up": {"uv": [5, 15.25, 4.75, 15], "texture": "#0"},
				"down": {"uv": [15.25, 4.75, 15, 5], "texture": "#0"}
			}
		},
		{
			"from": [10.4498, 9.38428, 7.19528],
			"to": [11.8998, 9.52428, 7.56528],
			"rotation": {"angle": -22.5, "axis": "z", "origin": [10.50917, 9.179, 7.37428]},
			"faces": {
				"north": {"uv": [5, 15, 5.25, 15.25], "texture": "#0"},
				"east": {"uv": [15, 5, 15.25, 5.25], "texture": "#0"},
				"south": {"uv": [5.25, 15, 5.5, 15.25], "texture": "#0"},
				"west": {"uv": [15, 5.25, 15.25, 5.5], "texture": "#0"},
				"up": {"uv": [5.75, 15.25, 5.5, 15], "texture": "#0"},
				"down": {"uv": [15.25, 5.5, 15, 5.75], "texture": "#0"}
			}
		},
		{
			"from": [10.30774, 8.98168, 7.19528],
			"to": [10.70774, 9.38168, 7.50528],
			"rotation": {"angle": 22.5, "axis": "z", "origin": [10.50917, 9.179, 7.37428]},
			"faces": {
				"north": {"uv": [5.75, 15, 6, 15.25], "texture": "#0"},
				"east": {"uv": [15, 5.75, 15.25, 6], "texture": "#0"},
				"south": {"uv": [0, 0, 0, 0], "texture": "#0"},
				"west": {"uv": [15, 6, 15.25, 6.25], "texture": "#0"},
				"up": {"uv": [6.5, 15.25, 6.25, 15], "texture": "#0"},
				"down": {"uv": [15.25, 6.25, 15, 6.5], "texture": "#0"}
			}
		},
		{
			"from": [4.16, 7.26328, 7.09528],
			"to": [5.61, 7.40328, 7.46528],
			"rotation": {"angle": 0, "axis": "z", "origin": [4.22083, 7.609, 7.27428]},
			"faces": {
				"north": {"uv": [14.75, 6.25, 15, 6.5], "texture": "#0"},
				"east": {"uv": [6.5, 14.75, 6.75, 15], "texture": "#0"},
				"south": {"uv": [14.75, 6.5, 15, 6.75], "texture": "#0"},
				"west": {"uv": [6.75, 14.75, 7, 15], "texture": "#0"},
				"up": {"uv": [15, 7, 14.75, 6.75], "texture": "#0"},
				"down": {"uv": [7.25, 14.75, 7, 15], "texture": "#0"}
			}
		},
		{
			"from": [2.85496, 7.26843, 7.09528],
			"to": [4.30496, 7.40843, 7.46528],
			"rotation": {"angle": -22.5, "axis": "z", "origin": [4.22083, 7.609, 7.27428]},
			"faces": {
				"north": {"uv": [14.75, 7, 15, 7.25], "texture": "#0"},
				"east": {"uv": [7.25, 14.75, 7.5, 15], "texture": "#0"},
				"south": {"uv": [0, 0, 0, 0], "texture": "#0"},
				"west": {"uv": [7.5, 14.75, 7.75, 15], "texture": "#0"},
				"up": {"uv": [15, 7.75, 14.75, 7.5], "texture": "#0"},
				"down": {"uv": [8, 14.75, 7.75, 15], "texture": "#0"}
			}
		},
		{
			"from": [4.13552, 7.8086, 7.09528],
			"to": [5.58552, 7.9486, 7.46528],
			"rotation": {"angle": -22.5, "axis": "z", "origin": [4.22083, 7.609, 7.27428]},
			"faces": {
				"north": {"uv": [14.75, 7.75, 15, 8], "texture": "#0"},
				"east": {"uv": [8, 14.75, 8.25, 15], "texture": "#0"},
				"south": {"uv": [14.75, 8, 15, 8.25], "texture": "#0"},
				"west": {"uv": [8.25, 14.75, 8.5, 15], "texture": "#0"},
				"up": {"uv": [15, 8.5, 14.75, 8.25], "texture": "#0"},
				"down": {"uv": [8.75, 14.75, 8.5, 15], "texture": "#0"}
			}
		},
		{
			"from": [2.8302, 7.81428, 7.09528],
			"to": [4.2802, 7.95428, 7.46528],
			"rotation": {"angle": 0, "axis": "z", "origin": [4.22083, 7.609, 7.27428]},
			"faces": {
				"north": {"uv": [14.75, 8.5, 15, 8.75], "texture": "#0"},
				"east": {"uv": [8.75, 14.75, 9, 15], "texture": "#0"},
				"south": {"uv": [14.75, 8.75, 15, 9], "texture": "#0"},
				"west": {"uv": [9, 14.75, 9.25, 15], "texture": "#0"},
				"up": {"uv": [15, 9.25, 14.75, 9], "texture": "#0"},
				"down": {"uv": [9.5, 14.75, 9.25, 15], "texture": "#0"}
			}
		},
		{
			"from": [4.02351, 7.40757, 7.09528],
			"to": [4.42351, 7.80757, 7.40528],
			"rotation": {"angle": 45, "axis": "z", "origin": [4.22083, 7.609, 7.27428]},
			"faces": {
				"north": {"uv": [14.75, 9.25, 15, 9.5], "texture": "#0"},
				"east": {"uv": [9.5, 14.75, 9.75, 15], "texture": "#0"},
				"south": {"uv": [14.75, 9.5, 15, 9.75], "texture": "#0"},
				"west": {"uv": [9.75, 14.75, 10, 15], "texture": "#0"},
				"up": {"uv": [15, 10, 14.75, 9.75], "texture": "#0"},
				"down": {"uv": [10.25, 14.75, 10, 15], "texture": "#0"}
			}
		},
		{
			"from": [7.51, 7.26328, 7.09528],
			"to": [8.96, 7.40328, 7.46528],
			"rotation": {"angle": 0, "axis": "z", "origin": [8.89917, 7.609, 7.27428]},
			"faces": {
				"north": {"uv": [14.75, 10, 15, 10.25], "texture": "#0"},
				"east": {"uv": [10.25, 14.75, 10.5, 15], "texture": "#0"},
				"south": {"uv": [14.75, 10.25, 15, 10.5], "texture": "#0"},
				"west": {"uv": [10.5, 14.75, 10.75, 15], "texture": "#0"},
				"up": {"uv": [15, 10.75, 14.75, 10.5], "texture": "#0"},
				"down": {"uv": [11, 14.75, 10.75, 15], "texture": "#0"}
			}
		},
		{
			"from": [8.81504, 7.26843, 7.09528],
			"to": [10.26504, 7.40843, 7.46528],
			"rotation": {"angle": 22.5, "axis": "z", "origin": [8.89917, 7.609, 7.27428]},
			"faces": {
				"north": {"uv": [14.75, 10.75, 15, 11], "texture": "#0"},
				"east": {"uv": [11, 14.75, 11.25, 15], "texture": "#0"},
				"south": {"uv": [0, 0, 0, 0], "texture": "#0"},
				"west": {"uv": [11.25, 14.75, 11.5, 15], "texture": "#0"},
				"up": {"uv": [15, 11.5, 14.75, 11.25], "texture": "#0"},
				"down": {"uv": [11.75, 14.75, 11.5, 15], "texture": "#0"}
			}
		},
		{
			"from": [7.53448, 7.8086, 7.09528],
			"to": [8.98448, 7.9486, 7.46528],
			"rotation": {"angle": 22.5, "axis": "z", "origin": [8.89917, 7.609, 7.27428]},
			"faces": {
				"north": {"uv": [14.75, 11.5, 15, 11.75], "texture": "#0"},
				"east": {"uv": [11.75, 14.75, 12, 15], "texture": "#0"},
				"south": {"uv": [14.75, 11.75, 15, 12], "texture": "#0"},
				"west": {"uv": [12, 14.75, 12.25, 15], "texture": "#0"},
				"up": {"uv": [15, 12.25, 14.75, 12], "texture": "#0"},
				"down": {"uv": [12.5, 14.75, 12.25, 15], "texture": "#0"}
			}
		},
		{
			"from": [8.8398, 7.81428, 7.09528],
			"to": [10.2898, 7.95428, 7.46528],
			"rotation": {"angle": 0, "axis": "z", "origin": [8.89917, 7.609, 7.27428]},
			"faces": {
				"north": {"uv": [14.75, 12.25, 15, 12.5], "texture": "#0"},
				"east": {"uv": [12.5, 14.75, 12.75, 15], "texture": "#0"},
				"south": {"uv": [14.75, 12.5, 15, 12.75], "texture": "#0"},
				"west": {"uv": [12.75, 14.75, 13, 15], "texture": "#0"},
				"up": {"uv": [15, 13, 14.75, 12.75], "texture": "#0"},
				"down": {"uv": [13.25, 14.75, 13, 15], "texture": "#0"}
			}
		},
		{
			"from": [8.69649, 7.40757, 7.09528],
			"to": [9.09649, 7.80757, 7.40528],
			"rotation": {"angle": -45, "axis": "z", "origin": [8.89917, 7.609, 7.27428]},
			"faces": {
				"north": {"uv": [14.75, 13, 15, 13.25], "texture": "#0"},
				"east": {"uv": [13.25, 14.75, 13.5, 15], "texture": "#0"},
				"south": {"uv": [14.75, 13.25, 15, 13.5], "texture": "#0"},
				"west": {"uv": [13.5, 14.75, 13.75, 15], "texture": "#0"},
				"up": {"uv": [15, 13.75, 14.75, 13.5], "texture": "#0"},
				"down": {"uv": [14, 14.75, 13.75, 15], "texture": "#0"}
			}
		}
	],
	"display": {
		"head": {
			"translation": [3.5, -11.5, -2.25],
			"scale": [2, 2, 2]
		}
	},
	"groups": [
		{
			"name": "group",
			"origin": [14, 4.21, 8.81],
			"color": 0,
			"nbt": "{}",
			"armAnimationEnabled": false,
			"children": [
				0,
				1,
				2,
				3,
				{
					"name": "group",
					"origin": [10.83136, -6.53591, 7.9598],
					"color": 0,
					"nbt": "{}",
					"armAnimationEnabled": false,
					"children": [4, 5, 6, 7, 8, 9, 10, 11, 12, 13, 14, 15, 16, 17, 18, 19, 20, 21, 22]
				},
				{
					"name": "group",
					"origin": [-2.00864, 6.07767, 7.76981],
					"color": 0,
					"nbt": "{}",
					"armAnimationEnabled": false,
					"children": [23, 24, 25, 26, 27, 28, 29, 30, 31, 32, 33, 34, 35, 36, 37, 38, 39, 40, 41, 42, 43, 44, 45]
				},
				46,
				47,
				48,
				49,
				50,
				51,
				52,
				53,
				54,
				55,
				56,
				57,
				58,
				59,
				60,
				61,
				62,
				63,
				64,
				65,
				66,
				67,
				68,
				69,
				70,
				71
			]
		},
		{
			"name": "group",
			"origin": [8, 8, 8],
			"color": 0,
			"nbt": "{}",
			"armAnimationEnabled": false,
			"children": [72, 73, 74, 75, 76, 77, 78, 79, 80, 81]
		},
		{
			"name": "group",
			"origin": [8, 8, 8],
			"color": 0,
			"nbt": "{}",
			"armAnimationEnabled": false,
			"children": [82, 83, 84, 85, 86, 87, 88, 89, 90, 91]
		}
	]
}