{
	"credit": "Made with Blockbench",
	"texture_size": [64, 64],
	"textures": {
		"0": "stand/grateful_dead/grateful",
		"particle": "stand/grateful_dead/grateful"
	},
	"elements": [
		{
			"from": [14.33136, -4.74233, 9.90481],
			"to": [15.33136, -3.74233, 11.90481],
			"rotation": {"angle": 22.5, "axis": "x", "origin": [14.83136, -4.60233, 10.90481]},
			"faces": {
				"north": {"uv": [10.75, 14.5, 11, 14.75], "texture": "#0", "cullface": "down"},
				"east": {"uv": [14.25, 1.5, 14.75, 1.75], "texture": "#0", "cullface": "down"},
				"south": {"uv": [11, 14.5, 11.25, 14.75], "texture": "#0", "cullface": "down"},
				"west": {"uv": [14.25, 1.75, 14.75, 2], "texture": "#0", "cullface": "down"},
				"up": {"uv": [4.25, 13.25, 4, 12.75], "texture": "#0", "cullface": "down"},
				"down": {"uv": [14, 3.5, 13.75, 4], "texture": "#0", "cullface": "down"}
			}
		},
		{
			"from": [14.36136, -4.94233, 8.60481],
			"to": [15.30136, -4.11233, 10.60481],
			"rotation": {"angle": -22.5, "axis": "x", "origin": [14.83136, -4.78733, 8.90481]},
			"faces": {
				"north": {"uv": [11.25, 14.5, 11.5, 14.75], "texture": "#0", "cullface": "down"},
				"east": {"uv": [2, 14.25, 2.5, 14.5], "texture": "#0", "cullface": "down"},
				"south": {"uv": [11.5, 14.5, 11.75, 14.75], "texture": "#0", "cullface": "down"},
				"west": {"uv": [14.25, 2, 14.75, 2.25], "texture": "#0", "cullface": "down"},
				"up": {"uv": [5.75, 14.5, 5.5, 14], "texture": "#0", "cullface": "down"},
				"down": {"uv": [14.5, 2.25, 14.25, 2.75], "texture": "#0", "cullface": "down"}
			}
		},
		{
			"from": [14.48136, -5.36233, 8.05481],
			"to": [15.18136, -4.74233, 8.69481],
			"rotation": {"angle": -22.5, "axis": "x", "origin": [14.83136, -5.00233, 7.54481]},
			"faces": {
				"north": {"uv": [11.75, 14.5, 12, 14.75], "texture": "#0", "cullface": "down"},
				"east": {"uv": [14.5, 11.75, 14.75, 12], "texture": "#0", "cullface": "down"},
				"south": {"uv": [0, 0, 0, 0], "texture": "#0"},
				"west": {"uv": [14.5, 12, 14.75, 12.25], "texture": "#0", "cullface": "down"},
				"up": {"uv": [12.5, 14.75, 12.25, 14.5], "texture": "#0", "cullface": "down"},
				"down": {"uv": [14.75, 12.25, 14.5, 12.5], "texture": "#0", "cullface": "down"}
			}
		},
		{
			"from": [14.54136, -5.36233, 7.39481],
			"to": [15.12136, -4.84233, 8.06481],
			"rotation": {"angle": -22.5, "axis": "x", "origin": [14.83136, -5.00233, 7.54481]},
			"faces": {
				"north": {"uv": [12.5, 14.5, 12.75, 14.75], "texture": "#0", "cullface": "down"},
				"east": {"uv": [14.5, 12.5, 14.75, 12.75], "texture": "#0", "cullface": "down"},
				"south": {"uv": [0, 0, 0, 0], "texture": "#0"},
				"west": {"uv": [14.5, 12.75, 14.75, 13], "texture": "#0", "cullface": "down"},
				"up": {"uv": [13.25, 14.75, 13, 14.5], "texture": "#0", "cullface": "down"},
				"down": {"uv": [14.75, 13, 14.5, 13.25], "texture": "#0", "cullface": "down"}
			}
		},
		{
			"from": [19.18364, -5.10233, 12.8702],
			"to": [19.82364, -4.48233, 13.5702],
			"rotation": {"angle": -22.5, "axis": "z", "origin": [19.82614, -4.81733, 13.2202]},
			"faces": {
				"north": {"uv": [14.75, 0.5, 15, 0.75], "texture": "#0", "cullface": "down"},
				"east": {"uv": [0.75, 14.75, 1, 15], "texture": "#0", "cullface": "down"},
				"south": {"uv": [14.75, 0.75, 15, 1], "texture": "#0", "cullface": "down"},
				"west": {"uv": [0, 0, 0, 0], "texture": "#0"},
				"up": {"uv": [15, 1.25, 14.75, 1], "texture": "#0", "cullface": "down"},
				"down": {"uv": [1.5, 14.75, 1.25, 15], "texture": "#0", "cullface": "down"}
			}
		},
		{
			"from": [16.08564, -4.06642, 12.7202],
			"to": [18.08564, -3.06642, 13.7202],
			"rotation": {"angle": 22.5, "axis": "z", "origin": [18.72864, -4.54591, 13.2202]},
			"faces": {
				"north": {"uv": [5.75, 14.25, 6.25, 14.5], "texture": "#0", "cullface": "down"},
				"east": {"uv": [14.75, 1.25, 15, 1.5], "texture": "#0", "cullface": "down"},
				"south": {"uv": [6.25, 14.25, 6.75, 14.5], "texture": "#0", "cullface": "down"},
				"west": {"uv": [14.75, 1.5, 15, 1.75], "texture": "#0", "cullface": "down"},
				"up": {"uv": [14.75, 6.5, 14.25, 6.25], "texture": "#0", "cullface": "down"},
				"down": {"uv": [14.75, 6.5, 14.25, 6.75], "texture": "#0", "cullface": "down"}
			}
		},
		{
			"from": [19.81364, -5.10233, 12.9302],
			"to": [20.48364, -4.58233, 13.5102],
			"rotation": {"angle": -22.5, "axis": "z", "origin": [19.82614, -4.81733, 13.2202]},
			"faces": {
				"north": {"uv": [14.75, 1.75, 15, 2], "texture": "#0", "cullface": "down"},
				"east": {"uv": [2, 14.75, 2.25, 15], "texture": "#0", "cullface": "down"},
				"south": {"uv": [14.75, 2, 15, 2.25], "texture": "#0", "cullface": "down"},
				"west": {"uv": [0, 0, 0, 0], "texture": "#0"},
				"up": {"uv": [15, 2.5, 14.75, 2.25], "texture": "#0", "cullface": "down"},
				"down": {"uv": [2.75, 14.75, 2.5, 15], "texture": "#0", "cullface": "down"}
			}
		},
		{
			"from": [17.34738, -4.83019, 12.7502],
			"to": [19.34738, -4.00019, 13.6902],
			"rotation": {"angle": -22.5, "axis": "z", "origin": [18.72864, -4.54591, 13.2202]},
			"faces": {
				"north": {"uv": [6.75, 14.25, 7.25, 14.5], "texture": "#0", "cullface": "down"},
				"east": {"uv": [14.75, 2.5, 15, 2.75], "texture": "#0", "cullface": "down"},
				"south": {"uv": [14.25, 6.75, 14.75, 7], "texture": "#0", "cullface": "down"},
				"west": {"uv": [2.75, 14.75, 3, 15], "texture": "#0", "cullface": "down"},
				"up": {"uv": [14.75, 7.25, 14.25, 7], "texture": "#0", "cullface": "down"},
				"down": {"uv": [14.75, 7.25, 14.25, 7.5], "texture": "#0", "cullface": "down"}
			}
		},
		{
			"from": [13.02636, -3.34233, 10.52981],
			"to": [15.84636, 3.65767, 13.26981],
			"rotation": {"angle": -22.5, "axis": "x", "origin": [-2.00864, -0.43233, 9.95981]},
			"faces": {
				"north": {"uv": [7.75, 0, 8.5, 1.75], "texture": "#0"},
				"east": {"uv": [2.5, 7.75, 3.25, 9.5], "texture": "#0"},
				"south": {"uv": [3.25, 7.75, 4, 9.5], "texture": "#0"},
				"west": {"uv": [4, 7.75, 4.75, 9.5], "texture": "#0"},
				"up": {"uv": [13.5, 9.25, 12.75, 8.5], "texture": "#0"},
				"down": {"uv": [13.5, 9.25, 12.75, 10], "texture": "#0", "cullface": "down"}
			}
		},
		{
			"from": [13.27864, -5.10233, 11.64481],
			"to": [16.27864, -4.10233, 13.97481],
			"rotation": {"angle": 45, "axis": "y", "origin": [14.84864, -4.60233, 12.95981]},
			"faces": {
				"north": {"uv": [12.5, 3, 13.25, 3.25], "texture": "#0", "cullface": "down"},
				"east": {"uv": [14.25, 9.25, 14.75, 9.5], "texture": "#0", "cullface": "down"},
				"south": {"uv": [4.75, 14, 5.5, 14.25], "texture": "#0", "cullface": "down"},
				"west": {"uv": [14.25, 9.5, 14.75, 9.75], "texture": "#0", "cullface": "down"},
				"up": {"uv": [14.25, 7.25, 13.5, 6.75], "texture": "#0", "cullface": "down"},
				"down": {"uv": [14.25, 7.25, 13.5, 7.75], "texture": "#0", "cullface": "down"}
			}
		},
		{
			"from": [13.57864, -4.01233, 11.96481],
			"to": [16.11864, -3.01233, 13.95481],
			"rotation": {"angle": -22.5, "axis": "y", "origin": [14.84864, -3.51233, 12.95981]},
			"faces": {
				"north": {"uv": [14, 5, 14.75, 5.25], "texture": "#0", "cullface": "down"},
				"east": {"uv": [14.25, 9.75, 14.75, 10], "texture": "#0", "cullface": "down"},
				"south": {"uv": [14, 5.25, 14.75, 5.5], "texture": "#0", "cullface": "down"},
				"west": {"uv": [10, 14.25, 10.5, 14.5], "texture": "#0", "cullface": "down"},
				"up": {"uv": [14.25, 8.25, 13.5, 7.75], "texture": "#0", "cullface": "down"},
				"down": {"uv": [14.25, 8.25, 13.5, 8.75], "texture": "#0", "cullface": "down"}
			}
		},
		{
			"from": [13.99864, -4.14233, 12.34481],
			"to": [15.69864, -2.93233, 13.57481],
			"rotation": {"angle": 0, "axis": "y", "origin": [17.34864, -5.10233, 3.12481]},
			"faces": {
				"north": {"uv": [14.25, 10, 14.75, 10.25], "texture": "#0", "cullface": "down"},
				"east": {"uv": [14.75, 5.75, 15, 6], "texture": "#0", "cullface": "down"},
				"south": {"uv": [14.25, 10.25, 14.75, 10.5], "texture": "#0", "cullface": "down"},
				"west": {"uv": [6, 14.75, 6.25, 15], "texture": "#0", "cullface": "down"},
				"up": {"uv": [11, 14.5, 10.5, 14.25], "texture": "#0", "cullface": "down"},
				"down": {"uv": [14.75, 10.5, 14.25, 10.75], "texture": "#0", "cullface": "down"}
			}
		},
		{
			"from": [13.81364, -2.93233, 11.89981],
			"to": [15.88364, -1.93233, 14.01981],
			"rotation": {"angle": 45, "axis": "y", "origin": [14.84864, -2.43233, 12.95981]},
			"faces": {
				"north": {"uv": [14.25, 10.75, 14.75, 11], "texture": "#0", "cullface": "down"},
				"east": {"uv": [11, 14.25, 11.5, 14.5], "texture": "#0", "cullface": "down"},
				"south": {"uv": [14.25, 11, 14.75, 11.25], "texture": "#0", "cullface": "down"},
				"west": {"uv": [14.25, 11.25, 14.75, 11.5], "texture": "#0", "cullface": "down"},
				"up": {"uv": [14.25, 6.75, 13.75, 6.25], "texture": "#0", "cullface": "down"},
				"down": {"uv": [4, 14, 3.5, 14.5], "texture": "#0", "cullface": "down"}
			}
		},
		{
			"from": [13.41364, 4.51767, 9.18981],
			"to": [15.67364, 8.51767, 11.59981],
			"rotation": {"angle": -22.5, "axis": "y", "origin": [14.84864, 6.51767, 9.95981]},
			"faces": {
				"north": {"uv": [2, 13.25, 2.5, 14.25], "texture": "#0"},
				"east": {"uv": [2.5, 13.25, 3, 14.25], "texture": "#0"},
				"south": {"uv": [13.25, 3, 13.75, 4], "texture": "#0"},
				"west": {"uv": [5.75, 13.25, 6.25, 14.25], "texture": "#0"},
				"up": {"uv": [14.5, 4.5, 14, 4], "texture": "#0"},
				"down": {"uv": [14.5, 4.5, 14, 5], "texture": "#0"}
			}
		},
		{
			"from": [14.05364, 3.52767, 9.70981],
			"to": [15.63364, 5.06767, 11.18981],
			"rotation": {"angle": -45, "axis": "y", "origin": [14.84864, 7.06767, 9.95981]},
			"faces": {
				"north": {"uv": [11.5, 14.25, 12, 14.5], "texture": "#0"},
				"east": {"uv": [14.75, 6, 15, 6.25], "texture": "#0"},
				"south": {"uv": [14.25, 11.5, 14.75, 11.75], "texture": "#0"},
				"west": {"uv": [6.25, 14.75, 6.5, 15], "texture": "#0"},
				"up": {"uv": [12.5, 14.5, 12, 14.25], "texture": "#0"},
				"down": {"uv": [13.5, 14.25, 13, 14.5], "texture": "#0"}
			}
		},
		{
			"from": [13.35431, 7.42055, 6.14034],
			"to": [15.90906, 10.43111, 11.46792],
			"rotation": {"angle": -45, "axis": "x", "origin": [14.63169, 8.92583, 8.80413]},
			"faces": {
				"north": {"uv": [12.75, 11.5, 13.5, 12.25], "texture": "#0"},
				"east": {"uv": [11.75, 0, 13, 0.75], "texture": "#0"},
				"south": {"uv": [11, 12.75, 11.75, 13.5], "texture": "#0"},
				"west": {"uv": [9.5, 1.75, 10.75, 2.5], "texture": "#0"},
				"up": {"uv": [12.75, 2, 12, 0.75], "rotation": 180, "texture": "#0"},
				"down": {"uv": [3, 12, 2.25, 13.25], "rotation": 180, "texture": "#0"}
			}
		},
		{
			"from": [13.3504, 5.97832, 7.96086],
			"to": [15.90515, 11.87334, 9.6474],
			"rotation": {"angle": 0, "axis": "y", "origin": [14.62778, 8.92583, 8.80413]},
			"faces": {
				"north": {"uv": [2.25, 10.5, 3, 12], "texture": "#0"},
				"east": {"uv": [12.25, 9.25, 12.75, 10.75], "texture": "#0"},
				"south": {"uv": [10.25, 6.75, 11, 8.25], "texture": "#0"},
				"west": {"uv": [12.25, 7.75, 12.75, 9.25], "texture": "#0"},
				"up": {"uv": [14.25, 10.25, 13.5, 9.75], "rotation": 180, "texture": "#0"},
				"down": {"uv": [14.25, 10.25, 13.5, 10.75], "rotation": 180, "texture": "#0"}
			}
		},
		{
			"from": [13.35431, 7.42055, 6.12458],
			"to": [15.90906, 10.43111, 11.48369],
			"rotation": {"angle": 45, "axis": "x", "origin": [14.63169, 8.92583, 8.80413]},
			"faces": {
				"north": {"uv": [13.5, 10.75, 12.75, 10], "texture": "#0"},
				"east": {"uv": [10.25, 11.75, 11, 13], "rotation": 90, "texture": "#0"},
				"south": {"uv": [13.5, 10.75, 12.75, 11.5], "rotation": 180, "texture": "#0"},
				"west": {"uv": [1.5, 11.75, 2.25, 13], "rotation": 270, "texture": "#0"},
				"up": {"uv": [0.75, 11.75, 1.5, 13], "texture": "#0"},
				"down": {"uv": [11.75, 2, 12.5, 3.25], "rotation": 180, "texture": "#0"}
			}
		},
		{
			"from": [13.3504, 8.09832, 5.85662],
			"to": [15.90515, 9.75334, 11.75164],
			"rotation": {"angle": 0, "axis": "y", "origin": [14.62778, 8.92583, 8.80413]},
			"faces": {
				"north": {"uv": [13.5, 9.25, 14.25, 9.75], "texture": "#0"},
				"east": {"uv": [12, 7.25, 13.5, 7.75], "texture": "#0"},
				"south": {"uv": [13.5, 8.75, 14.25, 9.25], "texture": "#0"},
				"west": {"uv": [12, 6.75, 13.5, 7.25], "texture": "#0"},
				"up": {"uv": [1.5, 11.75, 0.75, 10.25], "rotation": 180, "texture": "#0"},
				"down": {"uv": [2.25, 10.25, 1.5, 11.75], "rotation": 180, "texture": "#0"}
			}
		},
		{
			"from": [9.07636, -5.10233, 12.8598],
			"to": [9.74636, -4.58233, 13.4398],
			"rotation": {"angle": 22.5, "axis": "z", "origin": [9.73386, -4.81733, 13.1498]},
			"faces": {
				"north": {"uv": [14.5, 14.5, 14.75, 14.75], "texture": "#0", "cullface": "down"},
				"east": {"uv": [0, 0, 0, 0], "texture": "#0"},
				"south": {"uv": [14.75, 0, 15, 0.25], "texture": "#0", "cullface": "down"},
				"west": {"uv": [0.25, 14.75, 0.5, 15], "texture": "#0", "cullface": "down"},
				"up": {"uv": [15, 0.5, 14.75, 0.25], "texture": "#0", "cullface": "down"},
				"down": {"uv": [0.75, 14.75, 0.5, 15], "texture": "#0", "cullface": "down"}
			}
		},
		{
			"from": [9.73636, -5.10233, 12.7998],
			"to": [10.37636, -4.48233, 13.4998],
			"rotation": {"angle": 22.5, "axis": "z", "origin": [9.73386, -4.81733, 13.1498]},
			"faces": {
				"north": {"uv": [13.75, 14.5, 14, 14.75], "texture": "#0", "cullface": "down"},
				"east": {"uv": [0, 0, 0, 0], "texture": "#0"},
				"south": {"uv": [14, 14.5, 14.25, 14.75], "texture": "#0", "cullface": "down"},
				"west": {"uv": [14.5, 14, 14.75, 14.25], "texture": "#0", "cullface": "down"},
				"up": {"uv": [14.5, 14.75, 14.25, 14.5], "texture": "#0", "cullface": "down"},
				"down": {"uv": [14.75, 14.25, 14.5, 14.5], "texture": "#0", "cullface": "down"}
			}
		},
		{
			"from": [10.21262, -4.83019, 12.6798],
			"to": [12.21262, -4.00019, 13.6198],
			"rotation": {"angle": 22.5, "axis": "z", "origin": [10.83136, -4.54591, 13.1498]},
			"faces": {
				"north": {"uv": [14.25, 3.5, 14.75, 3.75], "texture": "#0", "cullface": "down"},
				"east": {"uv": [13.5, 14.5, 13.75, 14.75], "texture": "#0", "cullface": "down"},
				"south": {"uv": [14.25, 3.75, 14.75, 4], "texture": "#0", "cullface": "down"},
				"west": {"uv": [14.5, 13.5, 14.75, 13.75], "texture": "#0", "cullface": "down"},
				"up": {"uv": [4.5, 14.5, 4, 14.25], "texture": "#0", "cullface": "down"},
				"down": {"uv": [5.25, 14.25, 4.75, 14.5], "texture": "#0", "cullface": "down"}
			}
		},
		{
			"from": [11.47436, -4.06642, 12.6498],
			"to": [13.47436, -3.06642, 13.6498],
			"rotation": {"angle": -22.5, "axis": "z", "origin": [10.83136, -4.54591, 13.1498]},
			"faces": {
				"north": {"uv": [2.5, 14.25, 3, 14.5], "texture": "#0", "cullface": "down"},
				"east": {"uv": [13.25, 14.5, 13.5, 14.75], "texture": "#0", "cullface": "down"},
				"south": {"uv": [14.25, 2.75, 14.75, 3], "texture": "#0", "cullface": "down"},
				"west": {"uv": [14.5, 13.25, 14.75, 13.5], "texture": "#0", "cullface": "down"},
				"up": {"uv": [14.75, 3.25, 14.25, 3], "texture": "#0", "cullface": "down"},
				"down": {"uv": [14.75, 3.25, 14.25, 3.5], "texture": "#0", "cullface": "down"}
			}
		},
		{
			"from": [-1.41864, -5.47233, 0.80481],
			"to": [-0.41864, -4.47233, 2.80481],
			"rotation": {"angle": 22.5, "axis": "x", "origin": [-0.91864, -5.33233, 1.80481]},
			"faces": {
				"north": {"uv": [5.25, 3.5, 5.5, 3.75], "texture": "#0", "cullface": "west"},
				"east": {"uv": [7, 7.5, 7.5, 7.75], "texture": "#0", "cullface": "west"},
				"south": {"uv": [2.5, 7.5, 2.75, 7.75], "texture": "#0", "cullface": "west"},
				"west": {"uv": [4.75, 7.75, 5.25, 8], "texture": "#0", "cullface": "west"},
				"up": {"uv": [6, 10.5, 5.75, 10], "texture": "#0", "cullface": "west"},
				"down": {"uv": [5, 11, 4.75, 11.5], "texture": "#0", "cullface": "west"}
			}
		},
		{
			"from": [-1.38864, -5.67233, -0.49519],
			"to": [-0.44864, -4.84233, 1.50481],
			"rotation": {"angle": -22.5, "axis": "x", "origin": [-0.91864, -5.51733, -0.19519]},
			"faces": {
				"north": {"uv": [0.75, 9, 1, 9.25], "texture": "#0", "cullface": "west"},
				"east": {"uv": [8.75, 5.75, 9.25, 6], "texture": "#0", "cullface": "west"},
				"south": {"uv": [9.75, 4.5, 10, 4.75], "texture": "#0", "cullface": "west"},
				"west": {"uv": [9, 8.75, 9.5, 9], "texture": "#0", "cullface": "west"},
				"up": {"uv": [11.25, 12.25, 11, 11.75], "texture": "#0", "cullface": "west"},
				"down": {"uv": [10.25, 12.25, 10, 12.75], "texture": "#0", "cullface": "west"}
			}
		},
		{
			"from": [-1.26864, -6.09233, -1.04519],
			"to": [-0.56864, -5.47233, -0.40519],
			"rotation": {"angle": -22.5, "axis": "x", "origin": [-0.91864, -5.73233, -1.55519]},
			"faces": {
				"north": {"uv": [2.25, 10.25, 2.5, 10.5], "texture": "#0", "cullface": "west"},
				"east": {"uv": [10.75, 1.75, 11, 2], "texture": "#0", "cullface": "west"},
				"south": {"uv": [0, 0, 0, 0], "texture": "#0"},
				"west": {"uv": [11.75, 3.25, 12, 3.5], "texture": "#0", "cullface": "west"},
				"up": {"uv": [12.25, 5.5, 12, 5.25], "texture": "#0", "cullface": "west"},
				"down": {"uv": [10.25, 12.75, 10, 13], "texture": "#0", "cullface": "west"}
			}
		},
		{
			"from": [-2.34864, -5.83233, 2.54481],
			"to": [0.65136, -4.83233, 4.87481],
			"rotation": {"angle": -45, "axis": "y", "origin": [-0.91864, -5.33233, 3.85981]},
			"faces": {
				"north": {"uv": [2.75, 6.25, 3.5, 6.5], "texture": "#0", "cullface": "west"},
				"east": {"uv": [11, 5.5, 11.5, 5.75], "texture": "#0", "cullface": "west"},
				"south": {"uv": [0, 9, 0.75, 9.25], "texture": "#0", "cullface": "west"},
				"west": {"uv": [13.25, 1.75, 13.75, 2], "texture": "#0", "cullface": "west"},
				"up": {"uv": [8.75, 4, 8, 3.5], "texture": "#0", "cullface": "west"},
				"down": {"uv": [9, 7.25, 8.25, 7.75], "texture": "#0", "cullface": "west"}
			}
		},
		{
			"from": [-2.18864, -4.74233, 2.86481],
			"to": [0.35136, -3.74233, 4.85481],
			"rotation": {"angle": 22.5, "axis": "y", "origin": [-0.91864, -4.24233, 3.85981]},
			"faces": {
				"north": {"uv": [9.5, 1, 10.25, 1.25], "texture": "#0", "cullface": "west"},
				"east": {"uv": [14, 5.5, 14.5, 5.75], "texture": "#0", "cullface": "west"},
				"south": {"uv": [10.25, 1, 11, 1.25], "texture": "#0", "cullface": "west"},
				"west": {"uv": [14, 5.75, 14.5, 6], "texture": "#0", "cullface": "west"},
				"up": {"uv": [8, 13.75, 7.25, 13.25], "texture": "#0", "cullface": "west"},
				"down": {"uv": [8.75, 13.25, 8, 13.75], "texture": "#0", "cullface": "west"}
			}
		},
		{
			"from": [-1.76864, -4.87233, 3.24481],
			"to": [-0.06864, -3.66233, 4.47481],
			"rotation": {"angle": 0, "axis": "y", "origin": [-3.41864, -5.83233, -5.97519]},
			"faces": {
				"north": {"uv": [14, 6, 14.5, 6.25], "texture": "#0", "cullface": "west"},
				"east": {"uv": [2, 13, 2.25, 13.25], "texture": "#0", "cullface": "west"},
				"south": {"uv": [8.75, 14, 9.25, 14.25], "texture": "#0", "cullface": "west"},
				"west": {"uv": [4, 13.25, 4.25, 13.5], "texture": "#0", "cullface": "west"},
				"up": {"uv": [10.5, 14.25, 10, 14], "texture": "#0", "cullface": "west"},
				"down": {"uv": [11, 14, 10.5, 14.25], "texture": "#0", "cullface": "west"}
			}
		},
		{
			"from": [-1.95364, -3.66233, 2.79981],
			"to": [0.11636, -2.66233, 4.91981],
			"rotation": {"angle": -45, "axis": "y", "origin": [-0.91864, -3.16233, 3.85981]},
			"faces": {
				"north": {"uv": [11, 14, 11.5, 14.25], "texture": "#0", "cullface": "west"},
				"east": {"uv": [11.5, 14, 12, 14.25], "texture": "#0", "cullface": "west"},
				"south": {"uv": [14, 11.75, 14.5, 12], "texture": "#0", "cullface": "west"},
				"west": {"uv": [12, 14, 12.5, 14.25], "texture": "#0", "cullface": "west"},
				"up": {"uv": [7, 11, 6.5, 10.5], "texture": "#0", "cullface": "west"},
				"down": {"uv": [11.25, 10.25, 10.75, 10.75], "texture": "#0", "cullface": "west"}
			}
		},
		{
			"from": [-1.20864, -6.09233, -1.70519],
			"to": [-0.62864, -5.57233, -1.03519],
			"rotation": {"angle": -22.5, "axis": "x", "origin": [-0.91864, -5.73233, -1.55519]},
			"faces": {
				"north": {"uv": [13.5, 14.25, 13.75, 14.5], "texture": "#0", "cullface": "west"},
				"east": {"uv": [13.75, 14.25, 14, 14.5], "texture": "#0", "cullface": "west"},
				"south": {"uv": [0, 0, 0, 0], "texture": "#0"},
				"west": {"uv": [14.25, 14.25, 14.5, 14.5], "texture": "#0", "cullface": "west"},
				"up": {"uv": [2.25, 14.75, 2, 14.5], "texture": "#0", "cullface": "west"},
				"down": {"uv": [2.5, 14.5, 2.25, 14.75], "texture": "#0", "cullface": "west"}
			}
		},
		{
			"from": [-4.27564, -4.79642, 3.5498],
			"to": [-2.27564, -3.79642, 4.5498],
			"rotation": {"angle": -22.5, "axis": "z", "origin": [-4.91864, -5.27591, 4.0498]},
			"faces": {
				"north": {"uv": [14, 12, 14.5, 12.25], "texture": "#0", "cullface": "west"},
				"east": {"uv": [14.5, 2.25, 14.75, 2.5], "texture": "#0", "cullface": "west"},
				"south": {"uv": [14, 12.25, 14.5, 12.5], "texture": "#0", "cullface": "west"},
				"west": {"uv": [2.5, 14.5, 2.75, 14.75], "texture": "#0", "cullface": "west"},
				"up": {"uv": [14.5, 12.75, 14, 12.5], "texture": "#0", "cullface": "west"},
				"down": {"uv": [14.5, 12.75, 14, 13], "texture": "#0", "cullface": "west"}
			}
		},
		{
			"from": [-5.53738, -5.56019, 3.5798],
			"to": [-3.53738, -4.73019, 4.5198],
			"rotation": {"angle": 22.5, "axis": "z", "origin": [-4.91864, -5.27591, 4.0498]},
			"faces": {
				"north": {"uv": [13, 14, 13.5, 14.25], "texture": "#0", "cullface": "west"},
				"east": {"uv": [14.5, 2.5, 14.75, 2.75], "texture": "#0", "cullface": "west"},
				"south": {"uv": [14, 13, 14.5, 13.25], "texture": "#0", "cullface": "west"},
				"west": {"uv": [2.75, 14.5, 3, 14.75], "texture": "#0", "cullface": "west"},
				"up": {"uv": [14.5, 13.5, 14, 13.25], "texture": "#0", "cullface": "west"},
				"down": {"uv": [14.5, 13.5, 14, 13.75], "texture": "#0", "cullface": "west"}
			}
		},
		{
			"from": [-6.01364, -5.83233, 3.6998],
			"to": [-5.37364, -5.21233, 4.3998],
			"rotation": {"angle": 22.5, "axis": "z", "origin": [-6.01614, -5.54733, 4.0498]},
			"faces": {
				"north": {"uv": [3.5, 14.5, 3.75, 14.75], "texture": "#0", "cullface": "west"},
				"east": {"uv": [0, 0, 0, 0], "texture": "#0"},
				"south": {"uv": [4, 14.5, 4.25, 14.75], "texture": "#0", "cullface": "west"},
				"west": {"uv": [14.5, 4, 14.75, 4.25], "texture": "#0", "cullface": "west"},
				"up": {"uv": [4.5, 14.75, 4.25, 14.5], "texture": "#0", "cullface": "west"},
				"down": {"uv": [14.75, 4.25, 14.5, 4.5], "texture": "#0", "cullface": "west"}
			}
		},
		{
			"from": [-6.67364, -5.83233, 3.7598],
			"to": [-6.00364, -5.31233, 4.3398],
			"rotation": {"angle": 22.5, "axis": "z", "origin": [-6.01614, -5.54733, 4.0498]},
			"faces": {
				"north": {"uv": [14.5, 4.5, 14.75, 4.75], "texture": "#0", "cullface": "west"},
				"east": {"uv": [0, 0, 0, 0], "texture": "#0"},
				"south": {"uv": [14.5, 4.75, 14.75, 5], "texture": "#0", "cullface": "west"},
				"west": {"uv": [5, 14.5, 5.25, 14.75], "texture": "#0", "cullface": "west"},
				"up": {"uv": [5.75, 14.75, 5.5, 14.5], "texture": "#0", "cullface": "west"},
				"down": {"uv": [14.75, 5.5, 14.5, 5.75], "texture": "#0", "cullface": "west"}
			}
		},
		{
			"from": [-2.25364, -3.44233, 3.09981],
			"to": [0.56636, 3.55767, 5.83981],
			"rotation": {"angle": 22.5, "axis": "x", "origin": [-1.42864, -1.42233, 4.93981]},
			"faces": {
				"north": {"uv": [1, 7.5, 1.75, 9.25], "texture": "#0", "cullface": "west"},
				"east": {"uv": [1.75, 7.5, 2.5, 9.25], "texture": "#0", "cullface": "west"},
				"south": {"uv": [7.5, 6, 8.25, 7.75], "texture": "#0", "cullface": "west"},
				"west": {"uv": [6.25, 7.5, 7, 9.25], "texture": "#0", "cullface": "west"},
				"up": {"uv": [13.5, 6.25, 12.75, 5.5], "texture": "#0", "cullface": "west"},
				"down": {"uv": [13.5, 7.75, 12.75, 8.5], "texture": "#0", "cullface": "west"}
			}
		},
		{
			"from": [-2.25364, 3.99767, 5.46981],
			"to": [0.19636, 7.99767, 7.91981],
			"rotation": {"angle": 22.5, "axis": "y", "origin": [-1.42864, 5.52767, 4.93981]},
			"faces": {
				"north": {"uv": [6.5, 2.5, 7, 3.5], "texture": "#0", "cullface": "west"},
				"east": {"uv": [1.5, 13, 2, 14], "texture": "#0"},
				"south": {"uv": [10, 13, 10.5, 14], "texture": "#0"},
				"west": {"uv": [10.5, 13, 11, 14], "texture": "#0", "cullface": "west"},
				"up": {"uv": [11.5, 8.25, 11, 7.75], "texture": "#0"},
				"down": {"uv": [14, 11.75, 13.5, 12.25], "texture": "#0"}
			}
		},
		{
			"from": [-2.5696, 8.09832, 5.00662],
			"to": [-0.01485, 9.75334, 10.90164],
			"rotation": {"angle": 0, "axis": "x", "origin": [-1.06433, 8.92583, 7.95413]},
			"faces": {
				"north": {"uv": [13.5, 8.75, 14.25, 9.25], "texture": "#0", "cullface": "west"},
				"east": {"uv": [12, 6.75, 13.5, 7.25], "texture": "#0", "cullface": "west"},
				"south": {"uv": [13.5, 9.25, 14.25, 9.75], "texture": "#0", "cullface": "west"},
				"west": {"uv": [12, 7.25, 13.5, 7.75], "texture": "#0", "cullface": "west"},
				"up": {"uv": [1.5, 11.75, 0.75, 10.25], "texture": "#0", "cullface": "west"},
				"down": {"uv": [2.25, 10.25, 1.5, 11.75], "texture": "#0", "cullface": "west"}
			}
		},
		{
			"from": [-2.57351, 6.24627, 6.44885],
			"to": [-0.01876, 11.60538, 9.45941],
			"rotation": {"angle": 45, "axis": "x", "origin": [-1.06433, 8.92583, 7.95413]},
			"faces": {
				"north": {"uv": [0.75, 11.75, 1.5, 13], "texture": "#0", "cullface": "west"},
				"east": {"uv": [1.5, 11.75, 2.25, 13], "texture": "#0", "cullface": "west"},
				"south": {"uv": [11.75, 2, 12.5, 3.25], "texture": "#0", "cullface": "west"},
				"west": {"uv": [10.25, 11.75, 11, 13], "texture": "#0", "cullface": "west"},
				"up": {"uv": [13.5, 10.75, 12.75, 10], "texture": "#0", "cullface": "west"},
				"down": {"uv": [13.5, 10.75, 12.75, 11.5], "texture": "#0", "cullface": "west"}
			}
		},
		{
			"from": [-2.57351, 7.42055, 5.29034],
			"to": [-0.01876, 10.43111, 10.61792],
			"rotation": {"angle": 45, "axis": "x", "origin": [-1.06433, 8.92583, 7.95413]},
			"faces": {
				"north": {"uv": [11, 12.75, 11.75, 13.5], "texture": "#0", "cullface": "west"},
				"east": {"uv": [9.5, 1.75, 10.75, 2.5], "texture": "#0", "cullface": "west"},
				"south": {"uv": [12.75, 11.5, 13.5, 12.25], "texture": "#0", "cullface": "west"},
				"west": {"uv": [11.75, 0, 13, 0.75], "texture": "#0", "cullface": "west"},
				"up": {"uv": [12.75, 2, 12, 0.75], "texture": "#0", "cullface": "west"},
				"down": {"uv": [3, 12, 2.25, 13.25], "texture": "#0", "cullface": "west"}
			}
		},
		{
			"from": [-2.5696, 5.97832, 7.11086],
			"to": [-0.01485, 11.87334, 8.7974],
			"rotation": {"angle": 0, "axis": "y", "origin": [30.58593, 8.92583, 7.95413]},
			"faces": {
				"north": {"uv": [10.25, 6.75, 11, 8.25], "texture": "#0", "cullface": "west"},
				"east": {"uv": [12.25, 7.75, 12.75, 9.25], "texture": "#0", "cullface": "west"},
				"south": {"uv": [2.25, 10.5, 3, 12], "texture": "#0", "cullface": "west"},
				"west": {"uv": [12.25, 9.25, 12.75, 10.75], "texture": "#0", "cullface": "west"},
				"up": {"uv": [14.25, 10.25, 13.5, 9.75], "texture": "#0", "cullface": "west"},
				"down": {"uv": [14.25, 10.25, 13.5, 10.75], "texture": "#0", "cullface": "west"}
			}
		},
		{
			"from": [0.33564, -4.79642, 3.6202],
			"to": [2.33564, -3.79642, 4.6202],
			"rotation": {"angle": 22.5, "axis": "z", "origin": [2.97864, -5.27591, 4.1202]},
			"faces": {
				"north": {"uv": [14, 13.75, 14.5, 14], "texture": "#0", "cullface": "down"},
				"east": {"uv": [6.75, 14.5, 7, 14.75], "texture": "#0", "cullface": "down"},
				"south": {"uv": [14, 14, 14.5, 14.25], "texture": "#0", "cullface": "down"},
				"west": {"uv": [7, 14.5, 7.25, 14.75], "texture": "#0", "cullface": "west"},
				"up": {"uv": [14.75, 0.25, 14.25, 0], "texture": "#0", "cullface": "down"},
				"down": {"uv": [14.75, 0.25, 14.25, 0.5], "texture": "#0", "cullface": "down"}
			}
		},
		{
			"from": [1.59738, -5.56019, 3.6502],
			"to": [3.59738, -4.73019, 4.5902],
			"rotation": {"angle": -22.5, "axis": "z", "origin": [2.97864, -5.27591, 4.1202]},
			"faces": {
				"north": {"uv": [14.25, 0.5, 14.75, 0.75], "texture": "#0", "cullface": "down"},
				"east": {"uv": [8.75, 14.5, 9, 14.75], "texture": "#0", "cullface": "down"},
				"south": {"uv": [14.25, 0.75, 14.75, 1], "texture": "#0", "cullface": "down"},
				"west": {"uv": [14.5, 8.75, 14.75, 9], "texture": "#0", "cullface": "down"},
				"up": {"uv": [14.75, 1.25, 14.25, 1], "texture": "#0", "cullface": "down"},
				"down": {"uv": [14.75, 1.25, 14.25, 1.5], "texture": "#0", "cullface": "down"}
			}
		},
		{
			"from": [3.43364, -5.83233, 3.7702],
			"to": [4.07364, -5.21233, 4.4702],
			"rotation": {"angle": -22.5, "axis": "z", "origin": [4.07614, -5.54733, 4.1202]},
			"faces": {
				"north": {"uv": [9, 14.5, 9.25, 14.75], "texture": "#0", "cullface": "down"},
				"east": {"uv": [14.5, 9, 14.75, 9.25], "texture": "#0", "cullface": "down"},
				"south": {"uv": [9.25, 14.5, 9.5, 14.75], "texture": "#0", "cullface": "down"},
				"west": {"uv": [0, 0, 0, 0], "texture": "#0"},
				"up": {"uv": [10.5, 14.75, 10.25, 14.5], "texture": "#0", "cullface": "down"},
				"down": {"uv": [10.75, 14.5, 10.5, 14.75], "texture": "#0", "cullface": "down"}
			}
		},
		{
			"from": [4.06364, -5.83233, 3.8302],
			"to": [4.73364, -5.31233, 4.4102],
			"rotation": {"angle": -22.5, "axis": "z", "origin": [4.07614, -5.54733, 4.1202]},
			"faces": {
				"north": {"uv": [5.75, 14.5, 6, 14.75], "texture": "#0", "cullface": "down"},
				"east": {"uv": [14.5, 5.75, 14.75, 6], "texture": "#0", "cullface": "down"},
				"south": {"uv": [6, 14.5, 6.25, 14.75], "texture": "#0", "cullface": "down"},
				"west": {"uv": [0, 0, 0, 0], "texture": "#0"},
				"up": {"uv": [6.5, 14.75, 6.25, 14.5], "texture": "#0", "cullface": "down"},
				"down": {"uv": [6.75, 14.5, 6.5, 14.75], "texture": "#0", "cullface": "down"}
			}
		},
		{
			"from": [-2.58364, 3.07767, 5.46981],
			"to": [-1.00364, 4.07767, 6.94981],
			"rotation": {"angle": 45, "axis": "y", "origin": [-1.42864, 6.07767, 4.93981]},
			"faces": {
				"north": {"uv": [14.25, 7.5, 14.75, 7.75], "texture": "#0", "cullface": "west"},
				"east": {"uv": [14.75, 2.75, 15, 3], "texture": "#0", "cullface": "west"},
				"south": {"uv": [14.25, 7.75, 14.75, 8], "texture": "#0", "cullface": "west"},
				"west": {"uv": [14.75, 3, 15, 3.25], "texture": "#0", "cullface": "west"},
				"up": {"uv": [14.75, 8.25, 14.25, 8], "texture": "#0", "cullface": "west"},
				"down": {"uv": [14.75, 8.25, 14.25, 8.5], "texture": "#0", "cullface": "west"}
			}
		},
		{
			"from": [-1, 5.84, 7.37657],
			"to": [4.34, 10.84, 11.35391],
			"rotation": {"angle": 0, "axis": "y", "origin": [0, 0.73, 0]},
			"faces": {
				"north": {"uv": [1.5, 6.25, 2.75, 7.5], "texture": "#0"},
				"east": {"uv": [0, 0, 0, 0], "texture": "#0"},
				"south": {"uv": [6.5, 0, 7.75, 1.25], "texture": "#0"},
				"west": {"uv": [7, 7.75, 8, 9], "texture": "#0", "cullface": "west"},
				"up": {"uv": [9.25, 3.5, 8, 2.5], "texture": "#0", "cullface": "west"},
				"down": {"uv": [6, 8, 4.75, 9], "texture": "#0"}
			}
		},
		{
			"from": [2.83, 1.73, 8],
			"to": [10.14, 7.73, 11],
			"rotation": {"angle": 0, "axis": "y", "origin": [0, 0.73, 0]},
			"faces": {
				"north": {"uv": [0, 4.75, 1.75, 6.25], "texture": "#0"},
				"east": {"uv": [0, 4.75, 1.75, 6.25], "texture": "#0"},
				"south": {"uv": [0, 4.75, 1.75, 6.25], "texture": "#0"},
				"west": {"uv": [0, 4.75, 1.75, 6.25], "texture": "#0"},
				"up": {"uv": [0, 4.75, 1.75, 6.25], "texture": "#0"},
				"down": {"uv": [0, 4.75, 1.75, 6.25], "texture": "#0"}
			}
		},
		{
			"from": [0.98, 5.16, 7.73985],
			"to": [11.95, 10.16, 11.35782],
			"rotation": {"angle": 0, "axis": "y", "origin": [13.67, 7.23, 9.5]},
			"faces": {
				"north": {"uv": [0, 1.25, 2.75, 2.5], "texture": "#0"},
				"east": {"uv": [0, 1.25, 2.75, 2.5], "texture": "#0"},
				"south": {"uv": [0, 1.25, 2.75, 2.5], "texture": "#0"},
				"west": {"uv": [0, 1.25, 2.75, 2.5], "texture": "#0"},
				"up": {"uv": [0, 1.25, 2.75, 2.5], "texture": "#0"},
				"down": {"uv": [0, 1.25, 2.75, 2.5], "texture": "#0"}
			}
		},
		{
			"from": [8.66, 5.84, 7.525],
			"to": [13.95, 10.84, 11.35391],
			"rotation": {"angle": 0, "axis": "y", "origin": [13.67, 7.23, 9.5]},
			"faces": {
				"north": {"uv": [6.5, 1.25, 7.75, 2.5], "texture": "#0"},
				"east": {"uv": [8.5, 0, 9.5, 1.25], "texture": "#0"},
				"south": {"uv": [2.75, 6.5, 4, 7.75], "texture": "#0"},
				"west": {"uv": [0, 0, 0, 0], "texture": "#0"},
				"up": {"uv": [10, 5.75, 8.75, 4.75], "texture": "#0"},
				"down": {"uv": [6, 9, 4.75, 10], "texture": "#0"}
			}
		},
		{
			"from": [0.09, 1.8, 7.99609],
			"to": [2.09, 6.8, 10.99609],
			"rotation": {"angle": 22.5, "axis": "z", "origin": [2, 7.25, 9.49609]},
			"faces": {
				"north": {"uv": [12.5, 12.25, 13, 13.5], "texture": "#0"},
				"east": {"uv": [0, 0, 0, 0], "texture": "#0"},
				"south": {"uv": [12.75, 0.75, 13.25, 2], "texture": "#0"},
				"west": {"uv": [11.5, 7.75, 12.25, 9], "texture": "#0"},
				"up": {"uv": [0, 0, 0, 0], "texture": "#0"},
				"down": {"uv": [0, 0, 0, 0], "texture": "#0"}
			}
		},
		{
			"from": [10.94, 0.98, 7.99609],
			"to": [12.94, 5.98, 10.99609],
			"rotation": {"angle": -22.5, "axis": "z", "origin": [12.92, 7.25, 9.49609]},
			"faces": {
				"north": {"uv": [3, 12.75, 3.5, 14], "texture": "#0"},
				"east": {"uv": [11.5, 9, 12.25, 10.25], "texture": "#0"},
				"south": {"uv": [3.5, 12.75, 4, 14], "texture": "#0"},
				"west": {"uv": [0, 0, 0, 0], "texture": "#0"},
				"up": {"uv": [0, 0, 0, 0], "texture": "#0"},
				"down": {"uv": [0, 0, 0, 0], "texture": "#0"}
			}
		},
		{
			"from": [3.11, 1.81, 7.31],
			"to": [5.11, 7.81, 11.76],
			"rotation": {"angle": -22.5, "axis": "z", "origin": [2, 4.21, 8.81]},
			"faces": {
				"north": {"uv": [4.25, 12, 4.75, 13.5], "texture": "#0"},
				"east": {"uv": [4.25, 12, 4.75, 13.5], "texture": "#0"},
				"south": {"uv": [5, 12.5, 5.5, 14], "texture": "#0"},
				"west": {"uv": [4.25, 12, 4.75, 13.5], "texture": "#0"},
				"up": {"uv": [4.25, 12, 4.75, 13.5], "texture": "#0"},
				"down": {"uv": [4.25, 12, 4.75, 13.5], "texture": "#0"}
			}
		},
		{
			"from": [4.35486, 5.4016, 7.04],
			"to": [8.59486, 6.3916, 11.36],
			"rotation": {"angle": 0, "axis": "z", "origin": [8.84486, 3.9616, 9.47]},
			"faces": {
				"north": {"uv": [9.25, 6.75, 10.25, 7.25], "texture": "#0"},
				"east": {"uv": [0, 0, 0, 0], "texture": "#0"},
				"south": {"uv": [10.75, 2, 11.75, 2.5], "texture": "#0"},
				"west": {"uv": [12.75, 6.25, 13.75, 6.75], "texture": "#0"},
				"up": {"uv": [11.5, 6.75, 10.5, 5.75], "texture": "#0"},
				"down": {"uv": [11.75, 0, 10.75, 1], "texture": "#0"}
			}
		},
		{
			"from": [-0.06514, 7.5616, 7.31],
			"to": [4.48486, 11.1716, 11.49],
			"rotation": {"angle": -22.5, "axis": "z", "origin": [1.82486, 8.0916, 9.47]},
			"faces": {
				"north": {"uv": [7, 9, 8.25, 10], "texture": "#0"},
				"east": {"uv": [10.25, 10.75, 11.25, 11.75], "texture": "#0"},
				"south": {"uv": [9, 7.25, 10.25, 8.25], "texture": "#0"},
				"west": {"uv": [11, 1, 12, 2], "texture": "#0"},
				"up": {"uv": [9.5, 10, 8.25, 9], "texture": "#0"},
				"down": {"uv": [1.25, 9.25, 0, 10.25], "texture": "#0"}
			}
		},
		{
			"from": [8.71514, 8.6616, 7.31],
			"to": [13.17514, 12.2716, 11.49],
			"rotation": {"angle": 22.5, "axis": "z", "origin": [14.17514, 8.0916, 9.47]},
			"faces": {
				"north": {"uv": [11, 3.5, 12, 4.5], "texture": "#0"},
				"east": {"uv": [3.75, 11, 4.75, 12], "texture": "#0"},
				"south": {"uv": [11, 4.5, 12, 5.5], "texture": "#0"},
				"west": {"uv": [6.5, 11, 7.5, 12], "texture": "#0"},
				"up": {"uv": [12, 7.75, 11, 6.75], "texture": "#0"},
				"down": {"uv": [8.5, 11, 7.5, 12], "texture": "#0"}
			}
		},
		{
			"from": [1.63, 0.29, 7.14],
			"to": [11.34, 1.83, 11.86],
			"rotation": {"angle": 0, "axis": "y", "origin": [0, 0.73, 0]},
			"faces": {
				"north": {"uv": [8.5, 1.25, 11, 1.75], "texture": "#0"},
				"east": {"uv": [12.5, 2.5, 13.75, 3], "texture": "#0"},
				"south": {"uv": [9, 8.25, 11.5, 8.75], "texture": "#0"},
				"west": {"uv": [12.75, 4, 14, 4.5], "texture": "#0"},
				"up": {"uv": [2.5, 3.75, 0, 2.5], "texture": "#0"},
				"down": {"uv": [5, 2.5, 2.5, 3.75], "texture": "#0"}
			}
		},
		{
			"from": [5.79, -5.3, 8.41],
			"to": [6.61, -1.74, 9.15],
			"rotation": {"angle": 22.5, "axis": "z", "origin": [6.82, -0.48, 8.78]},
			"faces": {
				"north": {"uv": [6.25, 6.5, 6.5, 7.5], "texture": "#0", "cullface": "down"},
				"east": {"uv": [13.5, 12.25, 13.75, 13.25], "texture": "#0", "cullface": "down"},
				"south": {"uv": [12.5, 13.5, 12.75, 14.5], "texture": "#0", "cullface": "down"},
				"west": {"uv": [12.75, 13.5, 13, 14.5], "texture": "#0", "cullface": "down"},
				"up": {"uv": [15, 3.5, 14.75, 3.25], "texture": "#0", "cullface": "down"},
				"down": {"uv": [3.75, 14.75, 3.5, 15], "texture": "#0", "cullface": "down"}
			}
		},
		{
			"from": [6.41, -2.26, 8.41],
			"to": [7.23, 1.3, 9.15],
			"rotation": {"angle": 0, "axis": "y", "origin": [6.82, -0.48, 8.78]},
			"faces": {
				"north": {"uv": [13.5, 13.25, 13.75, 14.25], "texture": "#0"},
				"east": {"uv": [0, 13.75, 0.25, 14.75], "texture": "#0"},
				"south": {"uv": [13.75, 0, 14, 1], "texture": "#0"},
				"west": {"uv": [0.25, 13.75, 0.5, 14.75], "texture": "#0"},
				"up": {"uv": [0, 0, 0, 0], "texture": "#0"},
				"down": {"uv": [4, 14.75, 3.75, 15], "texture": "#0", "cullface": "down"}
			}
		},
		{
			"from": [3.3, -4.26, 9.33],
			"to": [4.04, -0.7, 10.15],
			"rotation": {"angle": -22.5, "axis": "x", "origin": [3.67, 0.67, 10.36]},
			"faces": {
				"north": {"uv": [0.5, 13.75, 0.75, 14.75], "texture": "#0", "cullface": "down"},
				"east": {"uv": [0.75, 13.75, 1, 14.75], "texture": "#0", "cullface": "down"},
				"south": {"uv": [1, 13.75, 1.25, 14.75], "texture": "#0", "cullface": "down"},
				"west": {"uv": [13.75, 1, 14, 2], "texture": "#0", "cullface": "down"},
				"up": {"uv": [15, 4, 14.75, 3.75], "texture": "#0", "cullface": "down"},
				"down": {"uv": [4.25, 14.75, 4, 15], "texture": "#0", "cullface": "down"}
			}
		},
		{
			"from": [3.3, -1.11, 9.95],
			"to": [4.04, 2.45, 10.77],
			"rotation": {"angle": 0, "axis": "y", "origin": [3.67, 0.67, 10.36]},
			"faces": {
				"north": {"uv": [1.25, 13.75, 1.5, 14.75], "texture": "#0"},
				"east": {"uv": [13.75, 2.5, 14, 3.5], "texture": "#0"},
				"south": {"uv": [7.25, 13.75, 7.5, 14.75], "texture": "#0"},
				"west": {"uv": [7.5, 13.75, 7.75, 14.75], "texture": "#0"},
				"up": {"uv": [0, 0, 0, 0], "texture": "#0"},
				"down": {"uv": [4.5, 14.75, 4.25, 15], "texture": "#0", "cullface": "down"}
			}
		},
		{
			"from": [8.75, -3.445, 8.065],
			"to": [9.49, -2.735, 9.895],
			"rotation": {"angle": -22.5, "axis": "x", "origin": [9.12, -1.085, 9.77]},
			"faces": {
				"north": {"uv": [14.75, 4.25, 15, 4.5], "texture": "#0", "cullface": "down"},
				"east": {"uv": [14.25, 8.5, 14.75, 8.75], "texture": "#0", "cullface": "down"},
				"south": {"uv": [4.5, 14.75, 4.75, 15], "texture": "#0", "cullface": "down"},
				"west": {"uv": [8.75, 14.25, 9.25, 14.5], "texture": "#0", "cullface": "down"},
				"up": {"uv": [5.5, 14.75, 5.25, 14.25], "texture": "#0", "cullface": "down"},
				"down": {"uv": [14.5, 8.75, 14.25, 9.25], "texture": "#0", "cullface": "down"}
			}
		},
		{
			"from": [8.71, -3.47, 9.4],
			"to": [9.53, 1.3, 10.14],
			"rotation": {"angle": -22.5, "axis": "y", "origin": [6.82, -0.48, 9.77]},
			"faces": {
				"north": {"uv": [5, 2.5, 5.25, 3.75], "texture": "#0"},
				"east": {"uv": [6, 8, 6.25, 9.25], "texture": "#0"},
				"south": {"uv": [9.25, 13.25, 9.5, 14.5], "texture": "#0"},
				"west": {"uv": [4.5, 13.5, 4.75, 14.75], "texture": "#0"},
				"up": {"uv": [15, 4.75, 14.75, 4.5], "texture": "#0"},
				"down": {"uv": [5, 14.75, 4.75, 15], "texture": "#0", "cullface": "down"}
			}
		},
		{
			"from": [7.45, -1.97, 9.75],
			"to": [8.27, 1.59, 10.49],
			"rotation": {"angle": 0, "axis": "x", "origin": [6.82, -0.48, 8.78]},
			"faces": {
				"north": {"uv": [7.75, 13.75, 8, 14.75], "texture": "#0"},
				"east": {"uv": [8, 13.75, 8.25, 14.75], "texture": "#0"},
				"south": {"uv": [8.25, 13.75, 8.5, 14.75], "texture": "#0"},
				"west": {"uv": [8.5, 13.75, 8.75, 14.75], "texture": "#0"},
				"up": {"uv": [0, 0, 0, 0], "texture": "#0"},
				"down": {"uv": [5.25, 14.75, 5, 15], "texture": "#0", "cullface": "down"}
			}
		},
		{
			"from": [7.45, -4.65, 8.86],
			"to": [8.27, -1.09, 9.6],
			"rotation": {"angle": -45, "axis": "x", "origin": [7.86, -0.48, 10.12]},
			"faces": {
				"north": {"uv": [9.5, 13.75, 9.75, 14.75], "texture": "#0", "cullface": "down"},
				"east": {"uv": [9.75, 13.75, 10, 14.75], "texture": "#0", "cullface": "down"},
				"south": {"uv": [13.75, 12.25, 14, 13.25], "texture": "#0", "cullface": "down"},
				"west": {"uv": [13.75, 13.25, 14, 14.25], "texture": "#0", "cullface": "down"},
				"up": {"uv": [15, 5.25, 14.75, 5], "texture": "#0", "cullface": "down"},
				"down": {"uv": [5.5, 14.75, 5.25, 15], "texture": "#0", "cullface": "down"}
			}
		},
		{
			"from": [4.82, -6.08, 9.36],
			"to": [5.56, -2.52, 10.18],
			"rotation": {"angle": -22.5, "axis": "x", "origin": [5.19, -0.48, 8.98]},
			"faces": {
				"north": {"uv": [14, 0, 14.25, 1], "texture": "#0", "cullface": "down"},
				"east": {"uv": [14, 1, 14.25, 2], "texture": "#0", "cullface": "down"},
				"south": {"uv": [1.5, 14, 1.75, 15], "texture": "#0", "cullface": "down"},
				"west": {"uv": [1.75, 14, 2, 15], "texture": "#0", "cullface": "down"},
				"up": {"uv": [15, 5.5, 14.75, 5.25], "texture": "#0", "cullface": "down"},
				"down": {"uv": [5.75, 14.75, 5.5, 15], "texture": "#0", "cullface": "down"}
			}
		},
		{
			"from": [4.82, -2.93, 8.57],
			"to": [5.56, 1.3, 9.39],
			"rotation": {"angle": -45, "axis": "x", "origin": [5.19, -0.48, 8.98]},
			"faces": {
				"north": {"uv": [14, 2, 14.25, 3], "texture": "#0"},
				"east": {"uv": [3, 14, 3.25, 15], "texture": "#0"},
				"south": {"uv": [14, 3, 14.25, 4], "texture": "#0"},
				"west": {"uv": [3.25, 14, 3.5, 15], "texture": "#0"},
				"up": {"uv": [0, 0, 0, 0], "texture": "#0"},
				"down": {"uv": [6, 14.75, 5.75, 15], "texture": "#0", "cullface": "down"}
			}
		},
		{
			"from": [9.12, 8.36, 7.65],
			"to": [14.41, 12.03, 11.14],
			"rotation": {"angle": -22.5, "axis": "z", "origin": [11.305, 12.655, 9.5]},
			"faces": {
				"north": {"uv": [1.25, 9.25, 2.5, 10.25], "texture": "#0"},
				"east": {"uv": [8.5, 11, 9.5, 12], "texture": "#0"},
				"south": {"uv": [9.25, 5.75, 10.5, 6.75], "texture": "#0"},
				"west": {"uv": [0, 0, 0, 0], "texture": "#0"},
				"up": {"uv": [10.75, 1, 9.5, 0], "texture": "#0"},
				"down": {"uv": [0, 0, 0, 0], "texture": "#0"}
			}
		},
		{
			"from": [-1, 9.38, 7.65],
			"to": [4.29, 13.05, 11.14],
			"rotation": {"angle": 22.5, "axis": "z", "origin": [4.695, 12.655, 9.5]},
			"faces": {
				"north": {"uv": [9.5, 8.75, 10.75, 9.75], "texture": "#0"},
				"east": {"uv": [0, 0, 0, 0], "texture": "#0"},
				"south": {"uv": [9.75, 3.5, 11, 4.5], "texture": "#0"},
				"west": {"uv": [4.75, 11.5, 5.75, 12.5], "texture": "#0", "cullface": "west"},
				"up": {"uv": [10.75, 10.75, 9.5, 9.75], "texture": "#0"},
				"down": {"uv": [0, 0, 0, 0], "texture": "#0"}
			}
		},
		{
			"from": [3.78, 7.92, 7.65],
			"to": [9.15, 12.92, 11.35],
			"rotation": {"angle": 0, "axis": "y", "origin": [13.67, 7.23, 9.5]},
			"faces": {
				"north": {"uv": [1, 0.25, 1.25, 0.5], "texture": "#0"},
				"east": {"uv": [1, 0.25, 1.25, 0.5], "texture": "#0"},
				"south": {"uv": [1, 0.25, 1.25, 0.5], "texture": "#0"},
				"west": {"uv": [1, 0.25, 1.25, 0.5], "texture": "#0"},
				"up": {"uv": [1, 0.25, 1.25, 0.5], "texture": "#0"},
				"down": {"uv": [1, 0.25, 1.25, 0.5], "texture": "#0"}
			}
		},
		{
			"from": [3.33, 9.86, 3.14],
			"to": [9.6, 16.86, 8.32],
			"rotation": {"angle": 0, "axis": "x", "origin": [13.67, 7.23, 9.5]},
			"faces": {
				"north": {"uv": [3.5, 4.75, 5, 6.5], "texture": "#0"},
				"east": {"uv": [5.25, 0, 6.5, 1.75], "texture": "#0"},
				"south": {"uv": [5, 4.75, 6.5, 6.5], "texture": "#0"},
				"west": {"uv": [5.25, 1.75, 6.5, 3.5], "texture": "#0"},
				"up": {"uv": [7, 4.75, 5.5, 3.5], "texture": "#0", "cullface": "up"},
				"down": {"uv": [1.5, 6.25, 0, 7.5], "texture": "#0"}
			}
		},
		{
			"from": [8.16, 2.98, 7.31],
			"to": [10.16, 8.98, 11.76],
			"rotation": {"angle": 22.5, "axis": "z", "origin": [14, 4.21, 8.81]},
			"faces": {
				"north": {"uv": [4.75, 12.5, 5.25, 14], "texture": "#0"},
				"east": {"uv": [7, 2.5, 8, 4], "texture": "#0"},
				"south": {"uv": [5.25, 12.5, 5.75, 14], "texture": "#0"},
				"west": {"uv": [0, 7.5, 1, 9], "texture": "#0"},
				"up": {"uv": [6.75, 14.25, 6.25, 13.25], "texture": "#0"},
				"down": {"uv": [0, 0, 0, 0], "texture": "#0"}
			}
		},
		{
			"from": [2.55, 8.83328, 7.19528],
			"to": [4, 8.97328, 7.56528],
			"rotation": {"angle": 22.5, "axis": "z", "origin": [2.61083, 9.179, 7.37428]},
			"faces": {
				"north": {"uv": [14.75, 13.75, 15, 14], "texture": "#0"},
				"east": {"uv": [14, 14.75, 14.25, 15], "texture": "#0"},
				"south": {"uv": [14.75, 14, 15, 14.25], "texture": "#0"},
				"west": {"uv": [14.25, 14.75, 14.5, 15], "texture": "#0"},
				"up": {"uv": [15, 14.5, 14.75, 14.25], "texture": "#0"},
				"down": {"uv": [14.75, 14.75, 14.5, 15], "texture": "#0"}
			}
		},
		{
			"from": [1.24496, 8.83843, 7.19528],
			"to": [2.69496, 8.97843, 7.56528],
			"rotation": {"angle": 0, "axis": "z", "origin": [2.61083, 9.179, 7.37428]},
			"faces": {
				"north": {"uv": [14.75, 14.5, 15, 14.75], "texture": "#0"},
				"east": {"uv": [14.75, 14.75, 15, 15], "texture": "#0"},
				"south": {"uv": [0, 15, 0.25, 15.25], "texture": "#0"},
				"west": {"uv": [15, 0, 15.25, 0.25], "texture": "#0"},
				"up": {"uv": [0.5, 15.25, 0.25, 15], "texture": "#0"},
				"down": {"uv": [15.25, 0.25, 15, 0.5], "texture": "#0"}
			}
		},
		{
			"from": [2.52552, 9.3786, 7.19528],
			"to": [3.97552, 9.5186, 7.56528],
			"rotation": {"angle": 0, "axis": "z", "origin": [2.61083, 9.179, 7.37428]},
			"faces": {
				"north": {"uv": [0.5, 15, 0.75, 15.25], "texture": "#0"},
				"east": {"uv": [15, 0.5, 15.25, 0.75], "texture": "#0"},
				"south": {"uv": [0.75, 15, 1, 15.25], "texture": "#0"},
				"west": {"uv": [15, 0.75, 15.25, 1], "texture": "#0"},
				"up": {"uv": [1.25, 15.25, 1, 15], "texture": "#0"},
				"down": {"uv": [15.25, 1, 15, 1.25], "texture": "#0"}
			}
		},
		{
			"from": [1.2202, 9.38428, 7.19528],
			"to": [2.6702, 9.52428, 7.56528],
			"rotation": {"angle": 22.5, "axis": "z", "origin": [2.61083, 9.179, 7.37428]},
			"faces": {
				"north": {"uv": [1.25, 15, 1.5, 15.25], "texture": "#0"},
				"east": {"uv": [15, 1.25, 15.25, 1.5], "texture": "#0"},
				"south": {"uv": [1.5, 15, 1.75, 15.25], "texture": "#0"},
				"west": {"uv": [15, 1.5, 15.25, 1.75], "texture": "#0"},
				"up": {"uv": [2, 15.25, 1.75, 15], "texture": "#0"},
				"down": {"uv": [15.25, 1.75, 15, 2], "texture": "#0"}
			}
		},
		{
			"from": [2.41226, 8.98168, 7.19528],
			"to": [2.81226, 9.38168, 7.50528],
			"rotation": {"angle": -22.5, "axis": "z", "origin": [2.61083, 9.179, 7.37428]},
			"faces": {
				"north": {"uv": [2, 15, 2.25, 15.25], "texture": "#0"},
				"east": {"uv": [15, 2, 15.25, 2.25], "texture": "#0"},
				"south": {"uv": [0, 0, 0, 0], "texture": "#0"},
				"west": {"uv": [15, 2.25, 15.25, 2.5], "texture": "#0"},
				"up": {"uv": [2.75, 15.25, 2.5, 15], "texture": "#0"},
				"down": {"uv": [15.25, 2.5, 15, 2.75], "texture": "#0"}
			}
		},
		{
			"from": [9.12, 8.83328, 7.19528],
			"to": [10.57, 8.97328, 7.56528],
			"rotation": {"angle": -22.5, "axis": "z", "origin": [10.50917, 9.179, 7.37428]},
			"faces": {
				"north": {"uv": [2.75, 15, 3, 15.25], "texture": "#0"},
				"east": {"uv": [15, 2.75, 15.25, 3], "texture": "#0"},
				"south": {"uv": [3, 15, 3.25, 15.25], "texture": "#0"},
				"west": {"uv": [15, 3, 15.25, 3.25], "texture": "#0"},
				"up": {"uv": [3.5, 15.25, 3.25, 15], "texture": "#0"},
				"down": {"uv": [15.25, 3.25, 15, 3.5], "texture": "#0"}
			}
		},
		{
			"from": [10.42504, 8.83843, 7.19528],
			"to": [11.87504, 8.97843, 7.56528],
			"rotation": {"angle": 0, "axis": "z", "origin": [10.50917, 9.179, 7.37428]},
			"faces": {
				"north": {"uv": [3.5, 15, 3.75, 15.25], "texture": "#0"},
				"east": {"uv": [15, 3.5, 15.25, 3.75], "texture": "#0"},
				"south": {"uv": [3.75, 15, 4, 15.25], "texture": "#0"},
				"west": {"uv": [15, 3.75, 15.25, 4], "texture": "#0"},
				"up": {"uv": [4.25, 15.25, 4, 15], "texture": "#0"},
				"down": {"uv": [15.25, 4, 15, 4.25], "texture": "#0"}
			}
		},
		{
			"from": [9.14448, 9.3786, 7.19528],
			"to": [10.59448, 9.5186, 7.56528],
			"rotation": {"angle": 0, "axis": "z", "origin": [10.50917, 9.179, 7.37428]},
			"faces": {
				"north": {"uv": [4.25, 15, 4.5, 15.25], "texture": "#0"},
				"east": {"uv": [15, 4.25, 15.25, 4.5], "texture": "#0"},
				"south": {"uv": [4.5, 15, 4.75, 15.25], "texture": "#0"},
				"west": {"uv": [15, 4.5, 15.25, 4.75], "texture": "#0"},
				"up": {"uv": [5, 15.25, 4.75, 15], "texture": "#0"},
				"down": {"uv": [15.25, 4.75, 15, 5], "texture": "#0"}
			}
		},
		{
			"from": [10.4498, 9.38428, 7.19528],
			"to": [11.8998, 9.52428, 7.56528],
			"rotation": {"angle": -22.5, "axis": "z", "origin": [10.50917, 9.179, 7.37428]},
			"faces": {
				"north": {"uv": [5, 15, 5.25, 15.25], "texture": "#0"},
				"east": {"uv": [15, 5, 15.25, 5.25], "texture": "#0"},
				"south": {"uv": [5.25, 15, 5.5, 15.25], "texture": "#0"},
				"west": {"uv": [15, 5.25, 15.25, 5.5], "texture": "#0"},
				"up": {"uv": [5.75, 15.25, 5.5, 15], "texture": "#0"},
				"down": {"uv": [15.25, 5.5, 15, 5.75], "texture": "#0"}
			}
		},
		{
			"from": [10.30774, 8.98168, 7.19528],
			"to": [10.70774, 9.38168, 7.50528],
			"rotation": {"angle": 22.5, "axis": "z", "origin": [10.50917, 9.179, 7.37428]},
			"faces": {
				"north": {"uv": [5.75, 15, 6, 15.25], "texture": "#0"},
				"east": {"uv": [15, 5.75, 15.25, 6], "texture": "#0"},
				"south": {"uv": [0, 0, 0, 0], "texture": "#0"},
				"west": {"uv": [15, 6, 15.25, 6.25], "texture": "#0"},
				"up": {"uv": [6.5, 15.25, 6.25, 15], "texture": "#0"},
				"down": {"uv": [15.25, 6.25, 15, 6.5], "texture": "#0"}
			}
		},
		{
			"from": [4.16, 7.26328, 7.09528],
			"to": [5.61, 7.40328, 7.46528],
			"rotation": {"angle": 0, "axis": "z", "origin": [4.22083, 7.609, 7.27428]},
			"faces": {
				"north": {"uv": [14.75, 6.25, 15, 6.5], "texture": "#0"},
				"east": {"uv": [6.5, 14.75, 6.75, 15], "texture": "#0"},
				"south": {"uv": [14.75, 6.5, 15, 6.75], "texture": "#0"},
				"west": {"uv": [6.75, 14.75, 7, 15], "texture": "#0"},
				"up": {"uv": [15, 7, 14.75, 6.75], "texture": "#0"},
				"down": {"uv": [7.25, 14.75, 7, 15], "texture": "#0"}
			}
		},
		{
			"from": [2.85496, 7.26843, 7.09528],
			"to": [4.30496, 7.40843, 7.46528],
			"rotation": {"angle": -22.5, "axis": "z", "origin": [4.22083, 7.609, 7.27428]},
			"faces": {
				"north": {"uv": [14.75, 7, 15, 7.25], "texture": "#0"},
				"east": {"uv": [7.25, 14.75, 7.5, 15], "texture": "#0"},
				"south": {"uv": [0, 0, 0, 0], "texture": "#0"},
				"west": {"uv": [7.5, 14.75, 7.75, 15], "texture": "#0"},
				"up": {"uv": [15, 7.75, 14.75, 7.5], "texture": "#0"},
				"down": {"uv": [8, 14.75, 7.75, 15], "texture": "#0"}
			}
		},
		{
			"from": [4.13552, 7.8086, 7.09528],
			"to": [5.58552, 7.9486, 7.46528],
			"rotation": {"angle": -22.5, "axis": "z", "origin": [4.22083, 7.609, 7.27428]},
			"faces": {
				"north": {"uv": [14.75, 7.75, 15, 8], "texture": "#0"},
				"east": {"uv": [8, 14.75, 8.25, 15], "texture": "#0"},
				"south": {"uv": [14.75, 8, 15, 8.25], "texture": "#0"},
				"west": {"uv": [8.25, 14.75, 8.5, 15], "texture": "#0"},
				"up": {"uv": [15, 8.5, 14.75, 8.25], "texture": "#0"},
				"down": {"uv": [8.75, 14.75, 8.5, 15], "texture": "#0"}
			}
		},
		{
			"from": [2.8302, 7.81428, 7.09528],
			"to": [4.2802, 7.95428, 7.46528],
			"rotation": {"angle": 0, "axis": "z", "origin": [4.22083, 7.609, 7.27428]},
			"faces": {
				"north": {"uv": [14.75, 8.5, 15, 8.75], "texture": "#0"},
				"east": {"uv": [8.75, 14.75, 9, 15], "texture": "#0"},
				"south": {"uv": [14.75, 8.75, 15, 9], "texture": "#0"},
				"west": {"uv": [9, 14.75, 9.25, 15], "texture": "#0"},
				"up": {"uv": [15, 9.25, 14.75, 9], "texture": "#0"},
				"down": {"uv": [9.5, 14.75, 9.25, 15], "texture": "#0"}
			}
		},
		{
			"from": [4.02351, 7.40757, 7.09528],
			"to": [4.42351, 7.80757, 7.40528],
			"rotation": {"angle": 45, "axis": "z", "origin": [4.22083, 7.609, 7.27428]},
			"faces": {
				"north": {"uv": [14.75, 9.25, 15, 9.5], "texture": "#0"},
				"east": {"uv": [9.5, 14.75, 9.75, 15], "texture": "#0"},
				"south": {"uv": [14.75, 9.5, 15, 9.75], "texture": "#0"},
				"west": {"uv": [9.75, 14.75, 10, 15], "texture": "#0"},
				"up": {"uv": [15, 10, 14.75, 9.75], "texture": "#0"},
				"down": {"uv": [10.25, 14.75, 10, 15], "texture": "#0"}
			}
		},
		{
			"from": [7.51, 7.26328, 7.09528],
			"to": [8.96, 7.40328, 7.46528],
			"rotation": {"angle": 0, "axis": "z", "origin": [8.89917, 7.609, 7.27428]},
			"faces": {
				"north": {"uv": [14.75, 10, 15, 10.25], "texture": "#0"},
				"east": {"uv": [10.25, 14.75, 10.5, 15], "texture": "#0"},
				"south": {"uv": [14.75, 10.25, 15, 10.5], "texture": "#0"},
				"west": {"uv": [10.5, 14.75, 10.75, 15], "texture": "#0"},
				"up": {"uv": [15, 10.75, 14.75, 10.5], "texture": "#0"},
				"down": {"uv": [11, 14.75, 10.75, 15], "texture": "#0"}
			}
		},
		{
			"from": [8.81504, 7.26843, 7.09528],
			"to": [10.26504, 7.40843, 7.46528],
			"rotation": {"angle": 22.5, "axis": "z", "origin": [8.89917, 7.609, 7.27428]},
			"faces": {
				"north": {"uv": [14.75, 10.75, 15, 11], "texture": "#0"},
				"east": {"uv": [11, 14.75, 11.25, 15], "texture": "#0"},
				"south": {"uv": [0, 0, 0, 0], "texture": "#0"},
				"west": {"uv": [11.25, 14.75, 11.5, 15], "texture": "#0"},
				"up": {"uv": [15, 11.5, 14.75, 11.25], "texture": "#0"},
				"down": {"uv": [11.75, 14.75, 11.5, 15], "texture": "#0"}
			}
		},
		{
			"from": [7.53448, 7.8086, 7.09528],
			"to": [8.98448, 7.9486, 7.46528],
			"rotation": {"angle": 22.5, "axis": "z", "origin": [8.89917, 7.609, 7.27428]},
			"faces": {
				"north": {"uv": [14.75, 11.5, 15, 11.75], "texture": "#0"},
				"east": {"uv": [11.75, 14.75, 12, 15], "texture": "#0"},
				"south": {"uv": [14.75, 11.75, 15, 12], "texture": "#0"},
				"west": {"uv": [12, 14.75, 12.25, 15], "texture": "#0"},
				"up": {"uv": [15, 12.25, 14.75, 12], "texture": "#0"},
				"down": {"uv": [12.5, 14.75, 12.25, 15], "texture": "#0"}
			}
		},
		{
			"from": [8.8398, 7.81428, 7.09528],
			"to": [10.2898, 7.95428, 7.46528],
			"rotation": {"angle": 0, "axis": "z", "origin": [8.89917, 7.609, 7.27428]},
			"faces": {
				"north": {"uv": [14.75, 12.25, 15, 12.5], "texture": "#0"},
				"east": {"uv": [12.5, 14.75, 12.75, 15], "texture": "#0"},
				"south": {"uv": [14.75, 12.5, 15, 12.75], "texture": "#0"},
				"west": {"uv": [12.75, 14.75, 13, 15], "texture": "#0"},
				"up": {"uv": [15, 13, 14.75, 12.75], "texture": "#0"},
				"down": {"uv": [13.25, 14.75, 13, 15], "texture": "#0"}
			}
		},
		{
			"from": [8.69649, 7.40757, 7.09528],
			"to": [9.09649, 7.80757, 7.40528],
			"rotation": {"angle": -45, "axis": "z", "origin": [8.89917, 7.609, 7.27428]},
			"faces": {
				"north": {"uv": [14.75, 13, 15, 13.25], "texture": "#0"},
				"east": {"uv": [13.25, 14.75, 13.5, 15], "texture": "#0"},
				"south": {"uv": [14.75, 13.25, 15, 13.5], "texture": "#0"},
				"west": {"uv": [13.5, 14.75, 13.75, 15], "texture": "#0"},
				"up": {"uv": [15, 13.75, 14.75, 13.5], "texture": "#0"},
				"down": {"uv": [14, 14.75, 13.75, 15], "texture": "#0"}
			}
		}
	],
	"display": {
		"head": {
			"translation": [3.5, -11.5, -2.25],
			"scale": [2, 2, 2]
		}
	},
	"groups": [
		{
			"name": "group",
			"origin": [14, 4.21, 8.81],
			"color": 0,
			"nbt": "{}",
			"armAnimationEnabled": false,
			"children": [
				0,
				1,
				2,
				3,
				{
					"name": "group",
					"origin": [10.83136, -6.53591, 7.9598],
					"color": 0,
					"nbt": "{}",
					"armAnimationEnabled": false,
					"children": [4, 5, 6, 7, 8, 9, 10, 11, 12, 13, 14, 15, 16, 17, 18, 19, 20, 21, 22]
				},
				{
					"name": "group",
					"origin": [-2.00864, 6.07767, 7.76981],
					"color": 0,
					"nbt": "{}",
					"armAnimationEnabled": false,
					"children": [23, 24, 25, 26, 27, 28, 29, 30, 31, 32, 33, 34, 35, 36, 37, 38, 39, 40, 41, 42, 43, 44, 45]
				},
				46,
				47,
				48,
				49,
				50,
				51,
				52,
				53,
				54,
				55,
				56,
				57,
				58,
				59,
				60,
				61,
				62,
				63,
				64,
				65,
				66,
				67,
				68,
				69,
				70,
				71
			]
		},
		{
			"name": "group",
			"origin": [8, 8, 8],
			"color": 0,
			"nbt": "{}",
			"armAnimationEnabled": false,
			"children": [72, 73, 74, 75, 76, 77, 78, 79, 80, 81]
		},
		{
			"name": "group",
			"origin": [8, 8, 8],
			"color": 0,
			"nbt": "{}",
			"armAnimationEnabled": false,
			"children": [82, 83, 84, 85, 86, 87, 88, 89, 90, 91]
		}
	]
}