{
	"__credit": "Generated using Animated Java (https://animated-java.dev/)",
	"textures": {
		"1": "minecraft:stand/paisley_park/texture"
	},
	"elements": [
		{
			"faces": {
				"north": {"uv": [10.75, 6.75, 11.75, 7.75], "texture": "#1"},
				"east": {"uv": [11.5, 6.75, 12.5, 7.75], "texture": "#1"},
				"south": {"uv": [11, 7, 12, 8], "texture": "#1"},
				"west": {"uv": [11.5, 6.75, 12.5, 7.75], "texture": "#1"},
				"up": {"uv": [11.5, 6.75, 12.5, 7.75], "texture": "#1"},
				"down": {"uv": [11.5, 6.75, 12.5, 7.75], "texture": "#1"}
			},
			"to": [8.76, 4.78, 8.68],
			"from": [7.24, 2.46, 7.32],
			"rotation": {"angle": 0, "axis": "y", "origin": [8, 5, 8]}
		}
	],
	"display": {
		"head": {
			"translation": [0, 5.6, 0],
			"scale": [4, 4, 4],
			"rotation": [0, 0, 0]
		}
	}
}