{
	"__credit": "Generated using Animated Java (https://animated-java.dev/)",
	"textures": {
		"1": "minecraft:stand/paisley_park/texture"
	},
	"elements": [
		{
			"faces": {
				"north": {"uv": [9, 4, 7, 5], "rotation": 180, "texture": "#1"},
				"east": {"uv": [4, 5, 5, 8], "rotation": 270, "texture": "#1"},
				"south": {"uv": [6.75, 5, 5.25, 4], "texture": "#1"},
				"west": {"uv": [7, 5, 8, 7.98], "rotation": 90, "texture": "#1"},
				"up": {"uv": [5, 5, 7, 6.23], "rotation": 180, "texture": "#1"},
				"down": {"uv": [8, 5, 10, 6], "texture": "#1"}
			},
			"to": [9.6, 6, 9.4],
			"from": [6.4, 4, 7.4],
			"rotation": {"angle": 22.5, "axis": "x", "origin": [8, 5, 8.4]}
		}
	],
	"display": {
		"head": {
			"translation": [0, 5.6, 0],
			"scale": [4, 4, 4],
			"rotation": [0, 0, 0]
		}
	}
}