{
	"__credit": "Generated using Animated Java (https://animated-java.dev/)",
	"textures": {
		"1": "minecraft:stand/paisley_park/texture"
	},
	"elements": [
		{
			"faces": {
				"north": {"uv": [6.375, 8.35, 8.375, 9.6], "texture": "#1"},
				"east": {"uv": [10.75, 8.5, 12.75, 9.75], "texture": "#1"},
				"south": {"uv": [8.5, 8.425, 10.5, 9.675], "texture": "#1"},
				"west": {"uv": [4.375, 8.35, 6.375, 9.6], "texture": "#1"},
				"up": {"uv": [13.375, 8.55, 15.7, 9.9], "texture": "#1"},
				"down": {"uv": [7.375, 10.775, 9.375, 11.6], "texture": "#1"}
			},
			"to": [9.69961, 7.93106, 10.082],
			"from": [6.41961, 5.61106, 7.082],
			"rotation": {"angle": 0, "axis": "y", "origin": [8, 6.2, 8]}
		},
		{
			"faces": {
				"north": {"uv": [6.375, 9.1, 8.375, 10.35], "texture": "#1"},
				"east": {"uv": [10.75, 9.25, 12.75, 10.5], "texture": "#1"},
				"south": {"uv": [8.5, 9.175, 10.5, 10.425], "texture": "#1"},
				"west": {"uv": [4.375, 9.1, 6.375, 10.35], "texture": "#1"},
				"up": {"uv": [12.125, 10.8, 14.45, 12.15], "texture": "#1"},
				"down": {"uv": [7.375, 10.775, 9.375, 11.6], "texture": "#1"}
			},
			"to": [9.89961, 5.93106, 10.202],
			"from": [6.21961, 2.81106, 6.962],
			"rotation": {"angle": 0, "axis": "y", "origin": [8, 6.2, 8]}
		},
		{
			"faces": {
				"north": {"uv": [2.25, 10.25, 3.2125, 11.225], "texture": "#1"},
				"east": {"uv": [2.25, 2.75, 2.3625, 3.225], "texture": "#1"},
				"south": {"uv": [2.25, 2.75, 2.3625, 3.225], "texture": "#1"},
				"west": {"uv": [2.25, 2.75, 2.3625, 3.225], "texture": "#1"},
				"up": {"uv": [2.25, 2.75, 2.3625, 3.225], "texture": "#1"},
				"down": {"uv": [2.25, 2.75, 2.3625, 3.225], "texture": "#1"}
			},
			"to": [9.16852, 7.08796, 7.162],
			"from": [8.37352, 6.28796, 7.112],
			"rotation": {"angle": -22.5, "axis": "z", "origin": [8, 6.2, 8]}
		},
		{
			"faces": {
				"north": {"uv": [2, 11.75, 3.5, 13.25], "texture": "#1"},
				"east": {"uv": [3.5, 12.25, 3.75, 12.5], "texture": "#1"},
				"south": {"uv": [3.5, 12.25, 3.75, 12.5], "texture": "#1"},
				"west": {"uv": [3.5, 12.25, 3.75, 12.5], "texture": "#1"},
				"up": {"uv": [3.5, 12.25, 3.75, 12.5], "texture": "#1"},
				"down": {"uv": [3.5, 12.25, 3.75, 12.5], "texture": "#1"}
			},
			"to": [7.73623, 7.90507, 7.202],
			"from": [7.06123, 7.22507, 7.152],
			"rotation": {"angle": 22.5, "axis": "z", "origin": [8, 6.2, 8]}
		},
		{
			"faces": {
				"north": {"uv": [2, 2, 4, 4], "texture": "#1"},
				"east": {"uv": [0.25, 2, 2.25, 4], "texture": "#1"},
				"south": {"uv": [6, 2, 8, 4], "texture": "#1"},
				"west": {"uv": [4, 2, 6, 4], "texture": "#1"},
				"up": {"uv": [4, 2, 2.25, 0], "texture": "#1"},
				"down": {"uv": [6, 0, 4, 2], "texture": "#1"}
			},
			"to": [9.53961, 7.77106, 9.882],
			"from": [6.57961, 4.77106, 7.162],
			"rotation": {"angle": 0, "axis": "y", "origin": [8, 6.2, 8]}
		}
	],
	"display": {
		"head": {
			"translation": [0, 5.6, 0],
			"scale": [4, 4, 4],
			"rotation": [0, 0, 0]
		}
	}
}