{
	"__credit": "Generated using Animated Java (https://animated-java.dev/)",
	"textures": {
		"1": "minecraft:stand/paisley_park/texture"
	},
	"elements": [
		{
			"faces": {
				"north": {"uv": [5, 5, 7, 6.73], "texture": "#1"},
				"east": {"uv": [4, 5, 5, 6.75], "texture": "#1"},
				"south": {"uv": [8, 5, 10, 6.5], "texture": "#1"},
				"west": {"uv": [7, 5, 8, 6.73], "texture": "#1"},
				"up": {"uv": [7, 5, 5, 4], "texture": "#1"},
				"down": {"uv": [9, 4, 7, 5], "texture": "#1"}
			},
			"to": [10.00976, 5.05974, 9.12833],
			"from": [6.64976, 2.25974, 6.92833],
			"rotation": {"angle": 0, "axis": "y", "origin": [8.08244, 3.19396, 8.17587]}
		},
		{
			"faces": {
				"north": {"uv": [3.5, 12.25, 3.75, 12.5], "rotation": 90, "texture": "#1"},
				"east": {"uv": [3.5, 12.25, 3.75, 12.5], "rotation": 90, "texture": "#1"},
				"south": {"uv": [0.25, 8.0125, 1.5, 9.25], "rotation": 270, "texture": "#1"},
				"west": {"uv": [3.5, 12.25, 3.75, 12.5], "rotation": 90, "texture": "#1"},
				"up": {"uv": [3.5, 12.25, 3.75, 12.5], "rotation": 270, "texture": "#1"},
				"down": {"uv": [3.5, 12.25, 3.75, 12.5], "rotation": 270, "texture": "#1"}
			},
			"to": [7.66349, 3.97302, 9.20833],
			"from": [6.98349, 3.29802, 9.15833],
			"rotation": {"angle": 45, "axis": "z", "origin": [8.08244, 3.19396, 8.17587]}
		},
		{
			"faces": {
				"north": {"uv": [11.825, 2.1, 16, 2.255], "texture": "#1"},
				"east": {"uv": [11.525, 2.1, 13.25, 2.23], "texture": "#1"},
				"south": {"uv": [12.2, 2.075, 16, 2.23], "texture": "#1"},
				"west": {"uv": [1.75, 9.1, 2.125, 9.68], "texture": "#1"},
				"up": {"uv": [1.75, 9.1, 2.125, 9.68], "texture": "#1"},
				"down": {"uv": [1.75, 9.1, 2.125, 9.68], "texture": "#1"}
			},
			"to": [10.56476, 2.74896, 9.08833],
			"from": [6.88476, 2.38896, 6.88833],
			"rotation": {"angle": -22.5, "axis": "z", "origin": [8.08244, 3.19396, 8.17587]}
		}
	],
	"display": {
		"head": {
			"translation": [0, 5.6, 0],
			"scale": [4, 4, 4],
			"rotation": [0, 0, 0]
		}
	}
}