{
	"__credit": "Generated using Animated Java (https://animated-java.dev/)",
	"textures": {
		"0": "minecraft:stand/soft_and_wet/texture"
	},
	"elements": [
		{
			"faces": {
				"north": {"uv": [7, 13.775, 6, 16], "texture": "#0"},
				"east": {"uv": [7, 13.775, 6, 16], "texture": "#0"},
				"south": {"uv": [7, 13.775, 6, 16], "texture": "#0"},
				"west": {"uv": [7, 13.775, 6, 16], "texture": "#0"},
				"up": {"uv": [6, 15.775, 5.25, 16], "texture": "#0"},
				"down": {"uv": [6.5, 15.525, 5.75, 16], "texture": "#0"}
			},
			"to": [8.66, 5.12, 8.66],
			"from": [7.34, 2.48, 7.34],
			"rotation": {"angle": 0, "axis": "y", "origin": [6.0175, 5.78, 8.02]}
		},
		{
			"faces": {
				"north": {"uv": [11.225, 0.775, 10.7625, 1.225], "texture": "#0"},
				"east": {"uv": [11.225, 0.775, 10.7625, 1.225], "texture": "#0"},
				"south": {"uv": [11.225, 0.775, 10.7625, 1.225], "texture": "#0"},
				"west": {"uv": [11.225, 0.775, 10.7625, 1.225], "texture": "#0"},
				"up": {"uv": [11.225, 0.775, 10.7625, 1.225], "texture": "#0"},
				"down": {"uv": [11.225, 0.775, 10.7625, 1.225], "texture": "#0"}
			},
			"to": [8.455, 5.28, 8.57],
			"from": [7.58, 5.12, 7.47],
			"rotation": {"angle": 0, "axis": "y", "origin": [8.0175, 5.14, 8.02]}
		}
	],
	"display": {
		"head": {
			"translation": [0, 5.6, 0],
			"scale": [4, 4, 4],
			"rotation": [0, 0, 0]
		}
	}
}