{
	"__credit": "Generated using Animated Java (https://animated-java.dev/)",
	"textures": {
		"0": "minecraft:stand/soft_and_wet/texture"
	},
	"elements": [
		{
			"faces": {
				"north": {"uv": [3.8, 4.3, 4, 4.4125], "texture": "#0"},
				"east": {"uv": [3.8, 4.3, 4, 4.4125], "texture": "#0"},
				"south": {"uv": [3.8, 4.3, 4, 4.4125], "texture": "#0"},
				"west": {"uv": [3.8, 4.3, 4, 4.4125], "texture": "#0"},
				"up": {"uv": [3.8, 4.3, 4, 4.4125], "texture": "#0"},
				"down": {"uv": [3.8, 4.3, 4, 4.4125], "texture": "#0"}
			},
			"to": [8.04, 5.24, 7.96214],
			"from": [7.96, 4.76, 7.92214],
			"rotation": {"angle": 0, "axis": "y", "origin": [7.1984, 4.94784, 8.53074]}
		},
		{
			"faces": {
				"north": {"uv": [3, 4.0375, 3.2375, 4.2], "texture": "#0"},
				"east": {"uv": [3, 4.0375, 3.2375, 4.2], "texture": "#0"},
				"south": {"uv": [3, 4.0375, 3.2375, 4.2], "texture": "#0"},
				"west": {"uv": [3, 4.0375, 3.2375, 4.2], "texture": "#0"},
				"up": {"uv": [3, 4.0375, 3.2375, 4.2], "texture": "#0"},
				"down": {"uv": [3, 4.0375, 3.2375, 4.2], "texture": "#0"}
			},
			"to": [8.2, 5.28, 7.99714],
			"from": [7.8, 5.24, 7.91714],
			"rotation": {"angle": 0, "axis": "y", "origin": [7.1984, 4.94784, 8.53074]}
		},
		{
			"faces": {
				"north": {"uv": [3, 4.0375, 3.2375, 4.2], "texture": "#0"},
				"east": {"uv": [3, 4.0375, 3.2375, 4.2], "texture": "#0"},
				"south": {"uv": [3, 4.0375, 3.2375, 4.2], "texture": "#0"},
				"west": {"uv": [3, 4.0375, 3.2375, 4.2], "texture": "#0"},
				"up": {"uv": [3, 4.0375, 3.2375, 4.2], "texture": "#0"},
				"down": {"uv": [3, 4.0375, 3.2375, 4.2], "texture": "#0"}
			},
			"to": [8.24, 5.24, 7.99714],
			"from": [8.04, 4.76, 7.91714],
			"rotation": {"angle": 0, "axis": "y", "origin": [7.1984, 4.94784, 8.53074]}
		},
		{
			"faces": {
				"north": {"uv": [3, 4.0375, 3.2375, 4.2], "texture": "#0"},
				"east": {"uv": [3, 4.0375, 3.2375, 4.2], "texture": "#0"},
				"south": {"uv": [3, 4.0375, 3.2375, 4.2], "texture": "#0"},
				"west": {"uv": [3, 4.0375, 3.2375, 4.2], "texture": "#0"},
				"up": {"uv": [3, 4.0375, 3.2375, 4.2], "texture": "#0"},
				"down": {"uv": [3, 4.0375, 3.2375, 4.2], "texture": "#0"}
			},
			"to": [8.28, 5.2, 7.99714],
			"from": [8.24, 4.8, 7.91714],
			"rotation": {"angle": 0, "axis": "y", "origin": [7.1984, 4.94784, 8.53074]}
		},
		{
			"faces": {
				"north": {"uv": [3, 4.0375, 3.2375, 4.2], "texture": "#0"},
				"east": {"uv": [3, 4.0375, 3.2375, 4.2], "texture": "#0"},
				"south": {"uv": [3, 4.0375, 3.2375, 4.2], "texture": "#0"},
				"west": {"uv": [3, 4.0375, 3.2375, 4.2], "texture": "#0"},
				"up": {"uv": [3, 4.0375, 3.2375, 4.2], "texture": "#0"},
				"down": {"uv": [3, 4.0375, 3.2375, 4.2], "texture": "#0"}
			},
			"to": [8.2, 4.76, 7.99714],
			"from": [7.8, 4.72, 7.91714],
			"rotation": {"angle": 0, "axis": "y", "origin": [7.1984, 4.94784, 8.53074]}
		},
		{
			"faces": {
				"north": {"uv": [3, 4.0375, 3.2375, 4.2], "texture": "#0"},
				"east": {"uv": [3, 4.0375, 3.2375, 4.2], "texture": "#0"},
				"south": {"uv": [3, 4.0375, 3.2375, 4.2], "texture": "#0"},
				"west": {"uv": [3, 4.0375, 3.2375, 4.2], "texture": "#0"},
				"up": {"uv": [3, 4.0375, 3.2375, 4.2], "texture": "#0"},
				"down": {"uv": [3, 4.0375, 3.2375, 4.2], "texture": "#0"}
			},
			"to": [7.96, 5.24, 7.99714],
			"from": [7.76, 4.76, 7.91714],
			"rotation": {"angle": 0, "axis": "y", "origin": [7.1984, 4.94784, 8.53074]}
		},
		{
			"faces": {
				"north": {"uv": [3, 4.0375, 3.2375, 4.2], "texture": "#0"},
				"east": {"uv": [3, 4.0375, 3.2375, 4.2], "texture": "#0"},
				"south": {"uv": [3, 4.0375, 3.2375, 4.2], "texture": "#0"},
				"west": {"uv": [3, 4.0375, 3.2375, 4.2], "texture": "#0"},
				"up": {"uv": [3, 4.0375, 3.2375, 4.2], "texture": "#0"},
				"down": {"uv": [3, 4.0375, 3.2375, 4.2], "texture": "#0"}
			},
			"to": [7.76, 5.2, 7.99714],
			"from": [7.72, 4.8, 7.91714],
			"rotation": {"angle": 0, "axis": "y", "origin": [7.1984, 4.94784, 8.53074]}
		}
	],
	"display": {
		"head": {
			"translation": [0, 5.6, 0],
			"scale": [4, 4, 4],
			"rotation": [0, 0, 0]
		}
	}
}