{
	"__credit": "Generated using Animated Java (https://animated-java.dev/)",
	"textures": {
		"0": "minecraft:stand/soft_and_wet/texture"
	},
	"elements": [
		{
			"faces": {
				"north": {"uv": [2, 1.5, 4, 3.7], "texture": "#0"},
				"east": {"uv": [0, 2, 2, 4], "texture": "#0"},
				"south": {"uv": [6, 2, 8, 3.6], "texture": "#0"},
				"west": {"uv": [4, 2, 6, 4], "texture": "#0"},
				"up": {"uv": [4, 2, 2, 0], "texture": "#0"},
				"down": {"uv": [6, 0, 4, 2], "texture": "#0"}
			},
			"to": [9.404, 7.86641, 9.762],
			"from": [6.604, 5.18641, 6.562],
			"rotation": {"angle": 0, "axis": "y", "origin": [8.0024, 6.09424, 7.1656]}
		},
		{
			"faces": {
				"north": {"uv": [2.1875, 2.975, 3.8125, 2.925], "texture": "#0"},
				"east": {"uv": [2, 3, 3.8, 3], "texture": "#0"},
				"south": {"uv": [2, 3, 3.1, 3], "texture": "#0"},
				"west": {"uv": [2, 3, 3.8, 3], "texture": "#0"},
				"up": {"uv": [2, 3, 3.8, 3], "texture": "#0"},
				"down": {"uv": [2, 3, 3.8, 3], "texture": "#0"}
			},
			"to": [7.62963, 6.43603, 9.7524],
			"from": [6.38963, 5.83603, 6.5624],
			"rotation": {"angle": 45, "axis": "z", "origin": [8.0024, 6.09424, 7.1656]}
		},
		{
			"faces": {
				"north": {"uv": [2.525, 1.875, 3.4875, 1.675], "texture": "#0"},
				"east": {"uv": [2, 3, 3.8, 3], "texture": "#0"},
				"south": {"uv": [2.525, 1.8375, 3.4875, 1.675], "texture": "#0"},
				"west": {"uv": [2, 3, 3.8, 3], "texture": "#0"},
				"up": {"uv": [2, 3, 3.8, 3], "texture": "#0"},
				"down": {"uv": [2, 3, 3.8, 3], "texture": "#0"}
			},
			"to": [8.964, 5.20641, 9.75256],
			"from": [7.044, 4.79141, 6.56256],
			"rotation": {"angle": 0, "axis": "y", "origin": [8.0024, 6.09424, 7.1656]}
		},
		{
			"faces": {
				"north": {"uv": [2, 3, 3.2375, 3], "texture": "#0"},
				"east": {"uv": [2, 3, 3.8, 3], "texture": "#0"},
				"south": {"uv": [2.7, 3, 3.8, 3], "texture": "#0"},
				"west": {"uv": [2, 3, 3.8, 3], "texture": "#0"},
				"up": {"uv": [2, 3, 3.8, 3], "texture": "#0"},
				"down": {"uv": [2, 3, 3.8, 3], "texture": "#0"}
			},
			"to": [9.61743, 6.43829, 9.75204],
			"from": [8.37743, 5.83829, 6.56204],
			"rotation": {"angle": -45, "axis": "z", "origin": [8.0024, 6.09424, 7.1656]}
		},
		{
			"faces": {
				"north": {"uv": [2, 2, 3.8, 2.4], "texture": "#0"},
				"east": {"uv": [2, 2, 3.8, 2.4], "texture": "#0"},
				"south": {"uv": [2, 2, 3.8, 2.4], "texture": "#0"},
				"west": {"uv": [2, 2, 3.8, 2.4], "texture": "#0"},
				"up": {"uv": [2.3, 0.1, 3.7, 1.9], "texture": "#0"},
				"down": {"uv": [2, 2, 3.8, 2.4], "texture": "#0"}
			},
			"to": [9.204, 7.98641, 9.482],
			"from": [6.804, 7.38641, 6.722],
			"rotation": {"angle": 0, "axis": "y", "origin": [8.0024, 6.09424, 7.1656]}
		},
		{
			"faces": {
				"north": {"uv": [8.8125, 5.2625, 9.2125, 7.75], "texture": "#0"},
				"east": {"uv": [9.05, 5.2625, 9.2125, 7.75], "texture": "#0"},
				"south": {"uv": [0, 0, 1, 8], "texture": "#0"},
				"west": {"uv": [9.05, 5.2625, 9.2125, 7.75], "texture": "#0"},
				"up": {"uv": [9.05, 5.2625, 9.2125, 5.4625], "texture": "#0"},
				"down": {"uv": [9.0625, 5.2625, 9.2125, 5.45], "texture": "#0"}
			},
			"to": [8.204, 7.90641, 6.882],
			"from": [7.804, 4.70641, 6.482],
			"rotation": {"angle": 0, "axis": "y", "origin": [8.0024, 6.09424, 7.1656]}
		}
	],
	"display": {
		"head": {
			"translation": [0, 5.6, 0],
			"scale": [4, 4, 4],
			"rotation": [0, 0, 0]
		}
	}
}