{
	"__credit": "Generated using Animated Java (https://animated-java.dev/)",
	"textures": {
		"0": "minecraft:stand/soft_and_wet/texture"
	},
	"elements": [
		{
			"faces": {
				"north": {"uv": [5, 0, 4, 1], "texture": "#0"},
				"east": {"uv": [5, 0, 4, 1], "texture": "#0"},
				"south": {"uv": [5, 0, 4, 1], "texture": "#0"},
				"west": {"uv": [5, 0, 4, 1], "texture": "#0"},
				"up": {"uv": [5, 0, 4, 1], "texture": "#0"},
				"down": {"uv": [5, 0, 4, 1], "texture": "#0"}
			},
			"to": [7.84, 5.62391, 8.60943],
			"from": [7.44, 4.42391, 7.40943],
			"rotation": {"angle": 0, "axis": "y", "origin": [6.1984, 4.69174, 7.01303]}
		},
		{
			"faces": {
				"north": {"uv": [7.6, 2.4, 6.4, 3], "texture": "#0"},
				"east": {"uv": [7.6, 2.4, 6.4, 3.6], "texture": "#0"},
				"south": {"uv": [7.6, 3, 6.4, 3.6], "texture": "#0"},
				"west": {"uv": [7.6, 2.4, 6.4, 3.6], "texture": "#0"},
				"up": {"uv": [7.6, 2.4, 6.4, 3.6], "texture": "#0"},
				"down": {"uv": [7.6, 2.4, 6.4, 3.6], "texture": "#0"}
			},
			"to": [9.12, 4.56158, 8.22532],
			"from": [7.6, 3.84158, 7.58532],
			"rotation": {"angle": -45, "axis": "x", "origin": [6.1984, 4.69174, 7.01303]}
		}
	],
	"display": {
		"head": {
			"translation": [0, 5.6, 0],
			"scale": [4, 4, 4],
			"rotation": [0, 0, 0]
		}
	}
}