{
	"__credit": "Generated using Animated Java (https://animated-java.dev/)",
	"textures": {
		"0": "minecraft:stand/soft_and_wet/texture"
	},
	"elements": [
		{
			"faces": {
				"north": {"uv": [11.225, 0.775, 10.7625, 1.225], "texture": "#0"},
				"east": {"uv": [11.225, 0.775, 10.7625, 1.225], "texture": "#0"},
				"south": {"uv": [11.225, 0.775, 10.7625, 1.225], "texture": "#0"},
				"west": {"uv": [11.225, 0.775, 10.7625, 1.225], "texture": "#0"},
				"up": {"uv": [11.225, 0.775, 10.7625, 1.225], "texture": "#0"},
				"down": {"uv": [11.225, 0.775, 10.7625, 1.225], "texture": "#0"}
			},
			"to": [9.2375, 1.08, 8.55],
			"from": [8.3625, 0.92, 7.45],
			"rotation": {"angle": 0, "axis": "y", "origin": [8.8, 0.94, 8]}
		}
	],
	"display": {
		"head": {
			"translation": [0, 5.6, 0],
			"scale": [4, 4, 4],
			"rotation": [0, 0, 0]
		}
	}
}