{
	"credit": "Made with Blockbench",
	"textures": {
		"1": "stand/the_world/skin",
		"2": "block/iron_block",
		"3": "stand/the_world/sign",
		"4": "stand/the_world/6_12",
		"particle": "block/iron_block"
	},
	"elements": [
		{
			"name": "left_arm_2nd_layer",
			"from": [5.6, -5.5, 1.5],
			"to": [10.4, -0.7, 14.5],
			"rotation": {"angle": 0, "axis": "x", "origin": [8, 11, 8]},
			"faces": {
				"north": {"uv": [15, 12, 14, 13], "texture": "#1"},
				"east": {"uv": [14, 13, 15, 16], "rotation": 270, "texture": "#1"},
				"south": {"uv": [14, 13, 13, 12], "rotation": 180, "texture": "#1"},
				"west": {"uv": [13, 13, 14, 16], "rotation": 90, "texture": "#1"},
				"up": {"uv": [15, 13, 16, 16], "rotation": 180, "texture": "#1"},
				"down": {"uv": [13, 13, 14, 16], "texture": "#1"}
			}
		},
		{
			"from": [5.9, -5.2, 0.8],
			"to": [10.1, -1, 1.8],
			"rotation": {"angle": 0, "axis": "y", "origin": [0, 8.5, 0]},
			"faces": {
				"north": {"uv": [4.5, 1, 5.5, 2], "texture": "#1"},
				"east": {"uv": [3.75, 3.5, 4.25, 3.75], "texture": "#1"},
				"south": {"uv": [3.75, 3.5, 4.25, 3.75], "texture": "#1"},
				"west": {"uv": [3.75, 3.5, 4.25, 3.75], "texture": "#1"},
				"up": {"uv": [3.75, 3.5, 4.25, 3.75], "texture": "#1"},
				"down": {"uv": [3.75, 3.5, 4.25, 3.75], "texture": "#1"}
			}
		},
		{
			"from": [6.6, -3.6, 3.1],
			"to": [10.6, -2.6, 4.1],
			"rotation": {"angle": 0, "axis": "y", "origin": [0, 8.5, 0]},
			"faces": {
				"north": {"uv": [2.75, 2, 3.25, 2.5], "texture": "#1"},
				"east": {"uv": [2.75, 2, 3.25, 2.5], "texture": "#1"},
				"south": {"uv": [2.75, 2, 3.25, 2.5], "texture": "#1"},
				"west": {"uv": [2.75, 2, 3.25, 2.5], "texture": "#1"},
				"up": {"uv": [2.75, 2, 3.25, 2.5], "texture": "#1"},
				"down": {"uv": [2.75, 2, 3.25, 2.5], "texture": "#1"}
			}
		},
		{
			"from": [6.6, -5, 3.1],
			"to": [10.6, -4, 4.1],
			"rotation": {"angle": 0, "axis": "y", "origin": [0, 8.5, 0]},
			"faces": {
				"north": {"uv": [2.5, 0.25, 3.5, 1.25], "texture": "#1"},
				"east": {"uv": [2.75, 1.75, 3.25, 2.25], "texture": "#1"},
				"south": {"uv": [2.5, 0.25, 3.5, 1.25], "texture": "#1"},
				"west": {"uv": [2.5, 0.25, 3.5, 1.25], "texture": "#1"},
				"up": {"uv": [2.75, 0.5, 3.25, 1], "texture": "#1"},
				"down": {"uv": [2.5, 0.25, 3.5, 1.25], "texture": "#1"}
			}
		},
		{
			"from": [6.6, -2.2, 3.1],
			"to": [10.6, -1.2, 4.1],
			"rotation": {"angle": 0, "axis": "y", "origin": [0, 8.5, 0]},
			"faces": {
				"north": {"uv": [2.75, 2, 3.25, 2.5], "texture": "#1"},
				"east": {"uv": [2.75, 2, 3.25, 2.5], "texture": "#1"},
				"south": {"uv": [2.75, 2, 3.25, 2.5], "texture": "#1"},
				"west": {"uv": [2.75, 2, 3.25, 2.5], "texture": "#1"},
				"up": {"uv": [2.75, 2, 3.25, 2.5], "texture": "#1"},
				"down": {"uv": [2.75, 2, 3.25, 2.5], "texture": "#1"}
			}
		},
		{
			"from": [5.5, -5.6, 1.1],
			"to": [10.5, -0.6, 2.1],
			"rotation": {"angle": 0, "axis": "y", "origin": [0, 8.5, 0]},
			"faces": {
				"north": {"uv": [2, 1.25, 2.5, 2], "texture": "#1"},
				"east": {"uv": [2, 1.25, 2.5, 2], "texture": "#1"},
				"south": {"uv": [2, 1.25, 2.5, 2], "texture": "#1"},
				"west": {"uv": [2, 1.25, 2.5, 2], "texture": "#1"},
				"up": {"uv": [2, 1.25, 2.5, 2], "texture": "#1"},
				"down": {"uv": [2, 1.25, 2.5, 2], "texture": "#1"}
			}
		},
		{
			"name": "left_arm",
			"from": [6, -5.1, 1],
			"to": [10, -1.1, 13],
			"rotation": {"angle": 0, "axis": "x", "origin": [8, 11, 8]},
			"faces": {
				"north": {"uv": [11, 12, 10, 13], "texture": "#1"},
				"east": {"uv": [10, 13, 11, 16], "rotation": 270, "texture": "#1"},
				"south": {"uv": [10, 13, 9, 12], "rotation": 180, "texture": "#1"},
				"west": {"uv": [8, 13, 9, 16], "rotation": 90, "texture": "#1"},
				"up": {"uv": [11, 13, 12, 16], "rotation": 180, "texture": "#1"},
				"down": {"uv": [9, 13, 10, 16], "texture": "#1"}
			}
		},
		{
			"from": [8, -15, 2],
			"to": [9, 29, 3],
			"faces": {
				"north": {"uv": [15, 0, 16, 16], "texture": "#2"},
				"east": {"uv": [15, 0, 16, 16], "texture": "#2"},
				"south": {"uv": [15, 0, 16, 16], "texture": "#2"},
				"west": {"uv": [0, 0, 1, 16], "texture": "#2"},
				"up": {"uv": [0, 0, 1, 16], "texture": "#2"},
				"down": {"uv": [0, 0, 1, 16], "texture": "#2"}
			}
		},
		{
			"from": [7.1, 18, -3.5],
			"to": [8.1, 30, 8.5],
			"faces": {
				"north": {"uv": [9, 2, 9.5, 8], "texture": "#3"},
				"east": {"uv": [0, 0, 6, 6], "texture": "#3"},
				"south": {"uv": [9, 8, 9.5, 14], "texture": "#3"},
				"west": {"uv": [0, 6, 6, 12], "texture": "#3"},
				"up": {"uv": [10, 8, 9.5, 2], "texture": "#3"},
				"down": {"uv": [10, 8, 9.5, 14], "texture": "#3"}
			}
		},
		{
			"from": [7.1, 17, -3.5],
			"to": [8.1, 18, 8.5],
			"faces": {
				"north": {"uv": [10, 2, 10.5, 2.5], "texture": "#3"},
				"east": {"uv": [6, 0, 12, 0.5], "texture": "#3"},
				"south": {"uv": [10, 2.5, 10.5, 3], "texture": "#3"},
				"west": {"uv": [6, 0.5, 12, 1], "texture": "#3"},
				"up": {"uv": [6.5, 7, 6, 1], "texture": "#3"},
				"down": {"uv": [7, 1, 6.5, 7], "texture": "#3"}
			}
		},
		{
			"from": [7.1, 10.8, -1.5],
			"to": [8.1, 14.8, 6.5],
			"faces": {
				"north": {"uv": [2, 7.88235, 3, 10.88235], "texture": "#4"},
				"east": {"uv": [0, 7, 8, 10], "texture": "#4"},
				"south": {"uv": [3, 7.88235, 4, 10.88235], "texture": "#4"},
				"west": {"uv": [0, 0, 15.94118, 8.88235], "texture": "#4"},
				"up": {"uv": [1, 15.88235, 0, 7.88235], "texture": "#4"},
				"down": {"uv": [1, 7.94118, 9, 6.94118], "rotation": 90, "texture": "#4"}
			}
		},
		{
			"from": [9, 12.2, 1.9375],
			"to": [9.1, 13.8, 2.9375],
			"faces": {
				"north": {"uv": [0, 3, 1, 4], "texture": "#2"},
				"east": {"uv": [0, 3, 1, 4], "texture": "#2"},
				"south": {"uv": [0, 3, 1, 4], "texture": "#2"},
				"west": {"uv": [0, 3, 1, 4], "texture": "#2"},
				"up": {"uv": [0, 3, 1, 4], "texture": "#2"},
				"down": {"uv": [0, 3, 1, 4], "texture": "#2"}
			}
		},
		{
			"from": [9.3, 12.2, 2.9],
			"to": [9.4, 13.8, 4.35],
			"rotation": {"angle": -45, "axis": "y", "origin": [9.2, 13.3, 2.5]},
			"faces": {
				"north": {"uv": [0, 3, 1, 4], "texture": "#2"},
				"east": {"uv": [0, 3, 1, 4], "texture": "#2"},
				"south": {"uv": [0, 3, 1, 4], "texture": "#2"},
				"west": {"uv": [0, 3, 1, 4], "texture": "#2"},
				"up": {"uv": [0, 3, 1, 4], "texture": "#2"},
				"down": {"uv": [0, 3, 1, 4], "texture": "#2"}
			}
		},
		{
			"from": [7.68616, 12.2, 0.41715],
			"to": [7.78616, 13.8, 1.79215],
			"rotation": {"angle": 45, "axis": "y", "origin": [8.61165, 13.29687, 0.28461]},
			"faces": {
				"north": {"uv": [0, 3, 1, 4], "texture": "#2"},
				"east": {"uv": [0, 3, 1, 4], "texture": "#2"},
				"south": {"uv": [0, 3, 1, 4], "texture": "#2"},
				"west": {"uv": [0, 3, 1, 4], "texture": "#2"},
				"up": {"uv": [0, 3, 1, 4], "texture": "#2"},
				"down": {"uv": [0, 3, 1, 4], "texture": "#2"}
			}
		},
		{
			"from": [7.68616, 20.8, 0.41715],
			"to": [7.78616, 21.8, 1.79215],
			"rotation": {"angle": 45, "axis": "y", "origin": [8.61165, 21.29687, 0.28461]},
			"faces": {
				"north": {"uv": [0, 3, 1, 4], "texture": "#2"},
				"east": {"uv": [0, 3, 1, 4], "texture": "#2"},
				"south": {"uv": [0, 3, 1, 4], "texture": "#2"},
				"west": {"uv": [0, 3, 1, 4], "texture": "#2"},
				"up": {"uv": [0, 3, 1, 4], "texture": "#2"},
				"down": {"uv": [0, 3, 1, 4], "texture": "#2"}
			}
		},
		{
			"from": [9, 20.8, 1.9375],
			"to": [9.1, 21.8, 2.9375],
			"rotation": {"angle": 0, "axis": "y", "origin": [0, 8, 0]},
			"faces": {
				"north": {"uv": [0, 3, 1, 4], "texture": "#2"},
				"east": {"uv": [0, 3, 1, 4], "texture": "#2"},
				"south": {"uv": [0, 3, 1, 4], "texture": "#2"},
				"west": {"uv": [0, 3, 1, 4], "texture": "#2"},
				"up": {"uv": [0, 3, 1, 4], "texture": "#2"},
				"down": {"uv": [0, 3, 1, 4], "texture": "#2"}
			}
		},
		{
			"from": [8.1, 20.8, -0.9625],
			"to": [8.2, 21.8, 1.0375],
			"rotation": {"angle": 0, "axis": "y", "origin": [0, 8, 0]},
			"faces": {
				"north": {"uv": [0, 3, 1, 4], "texture": "#2"},
				"east": {"uv": [0, 3, 1, 4], "texture": "#2"},
				"south": {"uv": [0, 3, 1, 4], "texture": "#2"},
				"west": {"uv": [0, 3, 1, 4], "texture": "#2"},
				"up": {"uv": [0, 3, 1, 4], "texture": "#2"},
				"down": {"uv": [0, 3, 1, 4], "texture": "#2"}
			}
		},
		{
			"from": [8.1, 20.8, 3.8375],
			"to": [8.2, 21.8, 5.8375],
			"rotation": {"angle": 0, "axis": "y", "origin": [0, 8, 0]},
			"faces": {
				"north": {"uv": [0, 3, 1, 4], "texture": "#2"},
				"east": {"uv": [0, 3, 1, 4], "texture": "#2"},
				"south": {"uv": [0, 3, 1, 4], "texture": "#2"},
				"west": {"uv": [0, 3, 1, 4], "texture": "#2"},
				"up": {"uv": [0, 3, 1, 4], "texture": "#2"},
				"down": {"uv": [0, 3, 1, 4], "texture": "#2"}
			}
		},
		{
			"from": [9.3, 20.8, 2.9],
			"to": [9.4, 21.8, 4.35],
			"rotation": {"angle": -45, "axis": "y", "origin": [9.2, 21.3, 2.5]},
			"faces": {
				"north": {"uv": [0, 3, 1, 4], "texture": "#2"},
				"east": {"uv": [0, 3, 1, 4], "texture": "#2"},
				"south": {"uv": [0, 3, 1, 4], "texture": "#2"},
				"west": {"uv": [0, 3, 1, 4], "texture": "#2"},
				"up": {"uv": [0, 3, 1, 4], "texture": "#2"},
				"down": {"uv": [0, 3, 1, 4], "texture": "#2"}
			}
		},
		{
			"from": [8.1, 24.8, 3.8375],
			"to": [8.2, 25.8, 4.8375],
			"rotation": {"angle": 0, "axis": "y", "origin": [0, 12, 0]},
			"faces": {
				"north": {"uv": [0, 3, 1, 4], "texture": "#2"},
				"east": {"uv": [0, 3, 1, 4], "texture": "#2"},
				"south": {"uv": [0, 3, 1, 4], "texture": "#2"},
				"west": {"uv": [0, 3, 1, 4], "texture": "#2"},
				"up": {"uv": [0, 3, 1, 4], "texture": "#2"},
				"down": {"uv": [0, 3, 1, 4], "texture": "#2"}
			}
		},
		{
			"from": [8.1, 24.8, 0.0375],
			"to": [8.2, 25.8, 1.0375],
			"rotation": {"angle": 0, "axis": "y", "origin": [0, 12, 0]},
			"faces": {
				"north": {"uv": [0, 3, 1, 4], "texture": "#2"},
				"east": {"uv": [0, 3, 1, 4], "texture": "#2"},
				"south": {"uv": [0, 3, 1, 4], "texture": "#2"},
				"west": {"uv": [0, 3, 1, 4], "texture": "#2"},
				"up": {"uv": [0, 3, 1, 4], "texture": "#2"},
				"down": {"uv": [0, 3, 1, 4], "texture": "#2"}
			}
		},
		{
			"from": [7.68616, 24.8, 0.41715],
			"to": [7.78616, 25.8, 1.79215],
			"rotation": {"angle": 45, "axis": "y", "origin": [8.61165, 25.29687, 0.28461]},
			"faces": {
				"north": {"uv": [0, 3, 1, 4], "texture": "#2"},
				"east": {"uv": [0, 3, 1, 4], "texture": "#2"},
				"south": {"uv": [0, 3, 1, 4], "texture": "#2"},
				"west": {"uv": [0, 3, 1, 4], "texture": "#2"},
				"up": {"uv": [0, 3, 1, 4], "texture": "#2"},
				"down": {"uv": [0, 3, 1, 4], "texture": "#2"}
			}
		},
		{
			"from": [9, 24.8, 1.9375],
			"to": [9.1, 25.8, 2.9375],
			"rotation": {"angle": 0, "axis": "y", "origin": [0, 12, 0]},
			"faces": {
				"north": {"uv": [0, 3, 1, 4], "texture": "#2"},
				"east": {"uv": [0, 3, 1, 4], "texture": "#2"},
				"south": {"uv": [0, 3, 1, 4], "texture": "#2"},
				"west": {"uv": [0, 3, 1, 4], "texture": "#2"},
				"up": {"uv": [0, 3, 1, 4], "texture": "#2"},
				"down": {"uv": [0, 3, 1, 4], "texture": "#2"}
			}
		},
		{
			"from": [9.3, 24.8, 2.9],
			"to": [9.4, 25.8, 4.35],
			"rotation": {"angle": -45, "axis": "y", "origin": [9.2, 25.3, 2.5]},
			"faces": {
				"north": {"uv": [0, 3, 1, 4], "texture": "#2"},
				"east": {"uv": [0, 3, 1, 4], "texture": "#2"},
				"south": {"uv": [0, 3, 1, 4], "texture": "#2"},
				"west": {"uv": [0, 3, 1, 4], "texture": "#2"},
				"up": {"uv": [0, 3, 1, 4], "texture": "#2"},
				"down": {"uv": [0, 3, 1, 4], "texture": "#2"}
			}
		},
		{
			"from": [7.1, 30, -3.5],
			"to": [8.1, 31, 8.5],
			"faces": {
				"north": {"uv": [10, 4, 10.5, 4.5], "texture": "#3"},
				"east": {"uv": [7.5, 1, 13.5, 1.5], "texture": "#3"},
				"south": {"uv": [10, 4.5, 10.5, 5], "texture": "#3"},
				"west": {"uv": [7.5, 1.5, 13.5, 2], "texture": "#3"},
				"up": {"uv": [8, 8, 7.5, 2], "texture": "#3"},
				"down": {"uv": [8.5, 2, 8, 8], "texture": "#3"}
			}
		},
		{
			"from": [7.1, 18, 8.5],
			"to": [8.1, 30, 9.5],
			"rotation": {"angle": 0, "axis": "x", "origin": [8.5, 24, 2.5]},
			"faces": {
				"north": {"uv": [7.5, 8, 8, 14], "texture": "#3"},
				"east": {"uv": [8, 8, 8.5, 14], "texture": "#3"},
				"south": {"uv": [8.5, 2, 9, 8], "texture": "#3"},
				"west": {"uv": [8.5, 8, 9, 14], "texture": "#3"},
				"up": {"uv": [10.5, 5.5, 10, 5], "texture": "#3"},
				"down": {"uv": [10.5, 5.5, 10, 6], "texture": "#3"}
			}
		},
		{
			"from": [7.1, 18, -4.5],
			"to": [8.1, 30, -3.5],
			"rotation": {"angle": 0, "axis": "x", "origin": [8.5, 24, 2.5]},
			"faces": {
				"north": {"uv": [7, 1, 7.5, 7], "texture": "#3"},
				"east": {"uv": [6, 7, 6.5, 13], "texture": "#3"},
				"south": {"uv": [6.5, 7, 7, 13], "texture": "#3"},
				"west": {"uv": [7, 7, 7.5, 13], "texture": "#3"},
				"up": {"uv": [10.5, 3.5, 10, 3], "texture": "#3"},
				"down": {"uv": [10.5, 3.5, 10, 4], "texture": "#3"}
			}
		}
	],
	"display": {
		"thirdperson_righthand": {
			"translation": [0.5, 10, 7],
			"scale": [1.1, 1.05, 1.1]
		},
		"thirdperson_lefthand": {
			"rotation": [0, 0, -180],
			"translation": [0.5, -10.5, 7],
			"scale": [1.1, 1.1, 1.1]
		},
		"ground": {
			"translation": [0, 8.5, 0]
		},
		"head": {
			"translation": [0, -29, 0],
			"scale": [1.6, 1.6, 1.6]
		}
	},
	"groups": [
		{
			"name": "steve",
			"origin": [8, 8, 8],
			"color": 0,
			"children": [
				{
					"name": "group",
					"origin": [8, 11, 8],
					"color": 0,
					"children": [0, 1, 2, 3, 4, 5, 6]
				}
			]
		},
		7,
		8,
		9,
		10,
		11,
		12,
		13,
		14,
		15,
		16,
		17,
		18,
		19,
		20,
		21,
		22,
		23,
		24,
		25,
		26
	]
}