{
	"__credit": "Generated using Animated Java (https://animated-java.dev/)",
	"textures": {
		"1": "minecraft:stand/paisley_park/texture"
	},
	"elements": [
		{
			"faces": {
				"north": {"uv": [10.75, 6.75, 11.75, 7.75], "texture": "#1"},
				"east": {"uv": [11.5, 6.75, 12.5, 7.75], "texture": "#1"},
				"south": {"uv": [11, 7, 12, 8], "texture": "#1"},
				"west": {"uv": [11.5, 6.75, 12.5, 7.75], "texture": "#1"},
				"up": {"uv": [11.5, 6.75, 12.5, 7.75], "texture": "#1"},
				"down": {"uv": [11.5, 6.75, 12.5, 7.75], "texture": "#1"}
			},
			"to": [8.77696, 4.28078, 8.66776],
			"from": [7.25696, 1.96078, 7.30776],
			"rotation": {"angle": 0, "axis": "y", "origin": [8.01696, 4.32078, 7.98776]}
		}
	],
	"display": {
		"head": {
			"translation": [0, 5.6, 0],
			"scale": [4, 4, 4],
			"rotation": [0, 0, 0]
		}
	}
}