{
	"__credit": "Generated using Animated Java (https://animated-java.dev/)",
	"textures": {
		"1": "minecraft:stand/paisley_park/texture"
	},
	"elements": [
		{
			"faces": {
				"north": {"uv": [9, 13, 10, 15], "texture": "#1"},
				"east": {"uv": [8, 13, 9, 15], "texture": "#1"},
				"south": {"uv": [11, 13, 12, 15], "texture": "#1"},
				"west": {"uv": [10, 13, 11, 15], "texture": "#1"},
				"up": {"uv": [10, 13, 9, 12], "texture": "#1"},
				"down": {"uv": [11, 12, 10, 13], "texture": "#1"}
			},
			"to": [8, 5.18, 8.88],
			"from": [6.4, 1.98, 7.12],
			"rotation": {"angle": 0, "axis": "y", "origin": [7.2, 2.2, 8]}
		}
	],
	"display": {
		"head": {
			"translation": [0, 5.6, 0],
			"scale": [4, 4, 4],
			"rotation": [0, 0, 0]
		}
	}
}