{
	"credit": "Made with Blockbench",
	"textures": {
		"0": "stand/kingcrimson/texture",
		"particle": "stand/kingcrimson/texture"
	},
	"elements": [
		{
			"from": [4, 4, 4.25],
			"to": [12, 12, 12.25],
			"rotation": {"angle": 0, "axis": "y", "origin": [8, 6.0875, 5.625]},
			"faces": {
				"north": {"uv": [4, 2, 2, 4], "texture": "#0"},
				"east": {"uv": [2, 2, 0, 4], "texture": "#0"},
				"south": {"uv": [8, 2, 6, 4], "texture": "#0"},
				"west": {"uv": [6, 2, 4, 4], "texture": "#0"},
				"up": {"uv": [4, 0, 2, 2], "rotation": 180, "texture": "#0"},
				"down": {"uv": [6, 0, 4, 2], "rotation": 180, "texture": "#0"}
			}
		},
		{
			"from": [3.82812, 3.75, 4.14844],
			"to": [12.17187, 12.07031, 12.5],
			"rotation": {"angle": 0, "axis": "y", "origin": [8, 6.0875, 5.625]},
			"faces": {
				"north": {"uv": [16, 0, 14, 2], "texture": "#0"},
				"east": {"uv": [14, 2, 12, 4], "texture": "#0"},
				"south": {"uv": [16, 2, 14, 4], "texture": "#0"},
				"west": {"uv": [10, 2, 8, 4], "texture": "#0"},
				"up": {"uv": [8, 0, 6, 2], "rotation": 180, "texture": "#0"},
				"down": {"uv": [6, 0, 4, 2], "rotation": 180, "texture": "#0"}
			}
		},
		{
			"from": [3.5, 3.94, 6.08],
			"to": [4, 8.02, 12.58],
			"rotation": {"angle": 0, "axis": "y", "origin": [8, 6.0875, 5.625]},
			"faces": {
				"north": {"uv": [4.2225, 2.0075, 4.045, 2.18], "texture": "#0"},
				"east": {"uv": [4.2225, 2.0075, 4.045, 2.18], "texture": "#0"},
				"south": {"uv": [4.2225, 2.0075, 4.045, 2.18], "texture": "#0"},
				"west": {"uv": [4.2225, 2.0075, 4.045, 2.18], "texture": "#0"},
				"up": {"uv": [4.2225, 2.0075, 4.045, 2.18], "texture": "#0"},
				"down": {"uv": [4.2225, 2.0075, 4.045, 2.18], "texture": "#0"}
			}
		},
		{
			"from": [12, 3.94, 6.08],
			"to": [12.5, 8.02, 12.58],
			"rotation": {"angle": 0, "axis": "y", "origin": [8, 6.0875, 5.625]},
			"faces": {
				"north": {"uv": [4.2225, 2.0075, 4.045, 2.18], "texture": "#0"},
				"east": {"uv": [4.2225, 2.0075, 4.045, 2.18], "texture": "#0"},
				"south": {"uv": [4.2225, 2.0075, 4.045, 2.18], "texture": "#0"},
				"west": {"uv": [4.2225, 2.0075, 4.045, 2.18], "texture": "#0"},
				"up": {"uv": [4.2225, 2.0075, 4.045, 2.18], "texture": "#0"},
				"down": {"uv": [4.2225, 2.0075, 4.045, 2.18], "texture": "#0"}
			}
		},
		{
			"from": [3.25, 7.12, 5.94],
			"to": [12.75, 7.77, 12.94],
			"rotation": {"angle": 0, "axis": "y", "origin": [8, 6.0875, 5.625]},
			"faces": {
				"north": {"uv": [2.005, 1.7502, 1.7677, 1.9825], "texture": "#0"},
				"east": {"uv": [2.005, 1.7502, 1.7677, 1.9825], "texture": "#0"},
				"south": {"uv": [2.005, 1.7502, 1.7677, 1.9825], "texture": "#0"},
				"west": {"uv": [2.005, 1.7502, 1.7677, 1.9825], "texture": "#0"},
				"up": {"uv": [2.005, 1.7502, 1.7677, 1.9825], "texture": "#0"},
				"down": {"uv": [2.005, 1.7502, 1.7677, 1.9825], "texture": "#0"}
			}
		},
		{
			"from": [3.25, 4.12, 5.94],
			"to": [12.75, 7.77, 6.44],
			"rotation": {"angle": 0, "axis": "y", "origin": [8, 6.0875, 5.625]},
			"faces": {
				"north": {"uv": [2.005, 1.7502, 1.7677, 1.9825], "texture": "#0"},
				"east": {"uv": [2.005, 1.7502, 1.7677, 1.9825], "texture": "#0"},
				"south": {"uv": [2.005, 1.7502, 1.7677, 1.9825], "texture": "#0"},
				"west": {"uv": [2.005, 1.7502, 1.7677, 1.9825], "texture": "#0"},
				"up": {"uv": [2.005, 1.7502, 1.7677, 1.9825], "texture": "#0"},
				"down": {"uv": [2.005, 1.7502, 1.7677, 1.9825], "texture": "#0"}
			}
		},
		{
			"from": [3, 3.89, 5.75],
			"to": [4.25, 4.54, 12.75],
			"rotation": {"angle": 0, "axis": "y", "origin": [8, 6.0875, 5.625]},
			"faces": {
				"north": {"uv": [2.005, 1.7502, 1.7677, 1.9825], "texture": "#0"},
				"east": {"uv": [2.005, 1.7502, 1.7677, 1.9825], "texture": "#0"},
				"south": {"uv": [2.005, 1.7502, 1.7677, 1.9825], "texture": "#0"},
				"west": {"uv": [2.005, 1.7502, 1.7677, 1.9825], "texture": "#0"},
				"up": {"uv": [2.005, 1.7502, 1.7677, 1.9825], "texture": "#0"},
				"down": {"uv": [2.005, 1.7502, 1.7677, 1.9825], "texture": "#0"}
			}
		},
		{
			"from": [3.5, 3.89, 12.25],
			"to": [12.5, 4.54, 12.75],
			"rotation": {"angle": 0, "axis": "y", "origin": [8, 6.0875, 5.625]},
			"faces": {
				"north": {"uv": [2.005, 1.7502, 1.7677, 1.9825], "texture": "#0"},
				"east": {"uv": [2.005, 1.7502, 1.7677, 1.9825], "texture": "#0"},
				"south": {"uv": [2.005, 1.7502, 1.7677, 1.9825], "texture": "#0"},
				"west": {"uv": [2.005, 1.7502, 1.7677, 1.9825], "texture": "#0"},
				"up": {"uv": [2.005, 1.7502, 1.7677, 1.9825], "texture": "#0"},
				"down": {"uv": [2.005, 1.7502, 1.7677, 1.9825], "texture": "#0"}
			}
		},
		{
			"from": [11.75, 3.89, 5.75],
			"to": [13, 4.54, 12.75],
			"rotation": {"angle": 0, "axis": "y", "origin": [8, 6.0875, 5.625]},
			"faces": {
				"north": {"uv": [4.505, 1.7502, 4.2677, 1.9825], "texture": "#0"},
				"east": {"uv": [2.005, 1.7502, 1.7677, 1.9825], "texture": "#0"},
				"south": {"uv": [4.505, 1.7502, 4.2677, 1.9825], "texture": "#0"},
				"west": {"uv": [4.505, 1.7502, 4.2677, 1.9825], "texture": "#0"},
				"up": {"uv": [4.505, 1.7502, 4.2677, 1.9825], "texture": "#0"},
				"down": {"uv": [4.505, 1.7502, 4.2677, 1.9825], "texture": "#0"}
			}
		},
		{
			"from": [4, 3.94, 12.08],
			"to": [12.25, 8.02, 12.58],
			"rotation": {"angle": 0, "axis": "y", "origin": [8, 6.0875, 5.625]},
			"faces": {
				"north": {"uv": [4.2225, 2.0075, 4.045, 2.18], "texture": "#0"},
				"east": {"uv": [4.2225, 2.0075, 4.045, 2.18], "texture": "#0"},
				"south": {"uv": [4.2225, 2.0075, 4.045, 2.18], "texture": "#0"},
				"west": {"uv": [4.2225, 2.0075, 4.045, 2.18], "texture": "#0"},
				"up": {"uv": [4.2225, 2.0075, 4.045, 2.18], "texture": "#0"},
				"down": {"uv": [4.2225, 2.0075, 4.045, 2.18], "texture": "#0"}
			}
		},
		{
			"from": [5, 7.82, 4.11],
			"to": [11, 12.07, 5.11],
			"rotation": {"angle": 0, "axis": "y", "origin": [16, 0, 0]},
			"faces": {
				"north": {"uv": [11.75, 1.7725, 10.25, 3.0225], "texture": "#0"},
				"east": {"uv": [9.5, 0, 8.1225, 0.9425], "texture": "#0"},
				"south": {"uv": [10.25, 1.7725, 8.75, 3.0225], "texture": "#0"},
				"west": {"uv": [9.5, 0, 8.1225, 0.9425], "texture": "#0"},
				"up": {"uv": [9.5, 0, 8.1225, 0.9425], "texture": "#0"},
				"down": {"uv": [9.5, 0, 8.1225, 0.9425], "texture": "#0"}
			}
		},
		{
			"from": [6.125, 7.125, 4.13],
			"to": [6.875, 7.875, 5],
			"rotation": {"angle": 0, "axis": "y", "origin": [16, 0, 0]},
			"faces": {
				"north": {"uv": [9.25, 1, 9, 1.25], "texture": "#0"},
				"east": {"uv": [9.25, 1, 9, 1.25], "texture": "#0"},
				"south": {"uv": [9.25, 1, 9, 1.25], "texture": "#0"},
				"west": {"uv": [9.25, 1, 9, 1.25], "texture": "#0"},
				"up": {"uv": [9.25, 1, 9, 1.25], "texture": "#0"},
				"down": {"uv": [9.25, 1, 9, 1.25], "texture": "#0"}
			}
		},
		{
			"from": [9.125, 7.125, 4.13],
			"to": [9.875, 7.875, 5],
			"rotation": {"angle": 0, "axis": "y", "origin": [16, 0, 0]},
			"faces": {
				"north": {"uv": [9.25, 1, 9, 1.25], "texture": "#0"},
				"east": {"uv": [9.25, 1, 9, 1.25], "texture": "#0"},
				"south": {"uv": [9.25, 1, 9, 1.25], "texture": "#0"},
				"west": {"uv": [9.25, 1, 9, 1.25], "texture": "#0"},
				"up": {"uv": [9.25, 1, 9, 1.25], "texture": "#0"},
				"down": {"uv": [9.25, 1, 9, 1.25], "texture": "#0"}
			}
		},
		{
			"from": [9.375, 10.725, 4.02],
			"to": [9.625, 10.975, 4.89],
			"rotation": {"angle": 0, "axis": "y", "origin": [16, 0, 0]},
			"faces": {
				"north": {"uv": [9.25, 1, 9, 1.25], "texture": "#0"},
				"east": {"uv": [9.25, 1, 9, 1.25], "texture": "#0"},
				"south": {"uv": [9.25, 1, 9, 1.25], "texture": "#0"},
				"west": {"uv": [9.25, 1, 9, 1.25], "texture": "#0"},
				"up": {"uv": [9.25, 1, 9, 1.25], "texture": "#0"},
				"down": {"uv": [9.25, 1, 9, 1.25], "texture": "#0"}
			}
		},
		{
			"from": [6.375, 10.725, 4.02],
			"to": [6.625, 10.975, 4.89],
			"rotation": {"angle": 0, "axis": "y", "origin": [16, 0, 0]},
			"faces": {
				"north": {"uv": [9.25, 1, 9, 1.25], "texture": "#0"},
				"east": {"uv": [9.25, 1, 9, 1.25], "texture": "#0"},
				"south": {"uv": [9.25, 1, 9, 1.25], "texture": "#0"},
				"west": {"uv": [9.25, 1, 9, 1.25], "texture": "#0"},
				"up": {"uv": [9.25, 1, 9, 1.25], "texture": "#0"},
				"down": {"uv": [9.25, 1, 9, 1.25], "texture": "#0"}
			}
		}
	],
	"display": {
		"head": {
			"translation": [0, 1.75, -0.75],
			"scale": [1.75, 1.75, 1.75]
		}
	}
}