{
	"credit": "Made with Blockbench",
	"textures": {
		"0": "stand/soft_and_wet/texture",
		"particle": "stand/soft_and_wet/texture"
	},
	"elements": [
		{
			"name": "head",
			"from": [4.5, 24.3, 4],
			"to": [11.5, 31, 12],
			"rotation": {"angle": 0, "axis": "x", "origin": [7.996, 26.56959, 5.509]},
			"faces": {
				"north": {"uv": [2, 1.5, 4, 3.7], "texture": "#0"},
				"east": {"uv": [0, 2, 2, 4], "texture": "#0"},
				"south": {"uv": [6, 2, 8, 3.6], "texture": "#0"},
				"west": {"uv": [4, 2, 6, 4], "texture": "#0"},
				"up": {"uv": [4, 2, 2, 0], "texture": "#0"},
				"down": {"uv": [6, 0, 4, 2], "texture": "#0"}
			}
		},
		{
			"name": "head",
			"from": [3.96408, 25.92405, 4.001],
			"to": [7.06408, 27.42405, 11.976],
			"rotation": {"angle": 45, "axis": "z", "origin": [7.996, 26.56959, 5.509]},
			"faces": {
				"north": {"uv": [2.1875, 2.975, 3.8125, 2.925], "texture": "#0"},
				"east": {"uv": [2, 3, 3.8, 3], "texture": "#0"},
				"south": {"uv": [2, 3, 3.1, 3], "texture": "#0"},
				"west": {"uv": [2, 3, 3.8, 3], "texture": "#0"},
				"up": {"uv": [2, 3, 3.8, 3], "texture": "#0"},
				"down": {"uv": [2, 3, 3.8, 3], "texture": "#0"}
			}
		},
		{
			"name": "head",
			"from": [5.6, 23.3125, 4.0014],
			"to": [10.4, 24.35, 11.9764],
			"rotation": {"angle": 0, "axis": "z", "origin": [7.996, 26.56959, 5.509]},
			"faces": {
				"north": {"uv": [2.525, 1.875, 3.4875, 1.675], "texture": "#0"},
				"east": {"uv": [2, 3, 3.8, 3], "texture": "#0"},
				"south": {"uv": [2.525, 1.8375, 3.4875, 1.675], "texture": "#0"},
				"west": {"uv": [2, 3, 3.8, 3], "texture": "#0"},
				"up": {"uv": [2, 3, 3.8, 3], "texture": "#0"},
				"down": {"uv": [2, 3, 3.8, 3], "texture": "#0"}
			}
		},
		{
			"name": "head",
			"from": [8.93357, 25.92971, 4.0001],
			"to": [12.03357, 27.42971, 11.9751],
			"rotation": {"angle": -45, "axis": "z", "origin": [7.996, 26.56959, 5.509]},
			"faces": {
				"north": {"uv": [2, 3, 3.2375, 3], "texture": "#0"},
				"east": {"uv": [2, 3, 3.8, 3], "texture": "#0"},
				"south": {"uv": [2.7, 3, 3.8, 3], "texture": "#0"},
				"west": {"uv": [2, 3, 3.8, 3], "texture": "#0"},
				"up": {"uv": [2, 3, 3.8, 3], "texture": "#0"},
				"down": {"uv": [2, 3, 3.8, 3], "texture": "#0"}
			}
		},
		{
			"name": "head",
			"from": [5, 29.8, 4.4],
			"to": [11, 31.3, 11.3],
			"rotation": {"angle": 0, "axis": "x", "origin": [7.996, 26.56959, 5.509]},
			"faces": {
				"north": {"uv": [2, 2, 3.8, 2.4], "texture": "#0"},
				"east": {"uv": [2, 2, 3.8, 2.4], "texture": "#0"},
				"south": {"uv": [2, 2, 3.8, 2.4], "texture": "#0"},
				"west": {"uv": [2, 2, 3.8, 2.4], "texture": "#0"},
				"up": {"uv": [2.3, 0.1, 3.7, 1.9], "texture": "#0"},
				"down": {"uv": [2, 2, 3.8, 2.4], "texture": "#0"}
			}
		},
		{
			"from": [11.5, 24.44419, 6.93973],
			"to": [15.3, 26.24419, 8.53973],
			"rotation": {"angle": -45, "axis": "x", "origin": [7.996, 26.56959, 5.509]},
			"faces": {
				"north": {"uv": [7.6, 2.4, 6.4, 3], "texture": "#0"},
				"east": {"uv": [7.6, 2.4, 6.4, 3.6], "texture": "#0"},
				"south": {"uv": [7.6, 3, 6.4, 3.6], "texture": "#0"},
				"west": {"uv": [7.6, 2.4, 6.4, 3.6], "texture": "#0"},
				"up": {"uv": [7.6, 2.4, 6.4, 3.6], "texture": "#0"},
				"down": {"uv": [7.6, 2.4, 6.4, 3.6], "texture": "#0"}
			}
		},
		{
			"from": [11.1, 25.9, 6.5],
			"to": [12.1, 28.9, 9.5],
			"rotation": {"angle": 0, "axis": "y", "origin": [7.996, 26.56959, 5.509]},
			"faces": {
				"north": {"uv": [5, 0, 4, 1], "texture": "#0"},
				"east": {"uv": [5, 0, 4, 1], "texture": "#0"},
				"south": {"uv": [5, 0, 4, 1], "texture": "#0"},
				"west": {"uv": [5, 0, 4, 1], "texture": "#0"},
				"up": {"uv": [5, 0, 4, 1], "texture": "#0"},
				"down": {"uv": [5, 0, 4, 1], "texture": "#0"}
			}
		},
		{
			"from": [3.9, 25.9, 6.5],
			"to": [4.9, 28.9, 9.5],
			"rotation": {"angle": 0, "axis": "y", "origin": [7.996, 26.56959, 5.509]},
			"faces": {
				"north": {"uv": [4, 0, 5, 1], "texture": "#0"},
				"east": {"uv": [4, 0, 5, 1], "texture": "#0"},
				"south": {"uv": [4, 0, 5, 1], "texture": "#0"},
				"west": {"uv": [4, 0, 5, 1], "texture": "#0"},
				"up": {"uv": [4, 0, 5, 1], "texture": "#0"},
				"down": {"uv": [4, 0, 5, 1], "texture": "#0"}
			}
		},
		{
			"from": [0.5, 24.64419, 6.93973],
			"to": [4.5, 26.24419, 8.53973],
			"rotation": {"angle": -45, "axis": "x", "origin": [7.996, 26.56959, 5.509]},
			"faces": {
				"north": {"uv": [6.4, 2.4, 7.6, 3], "texture": "#0"},
				"east": {"uv": [6.4, 2.4, 7.6, 3.6], "texture": "#0"},
				"south": {"uv": [6.4, 3, 7.6, 3.6], "texture": "#0"},
				"west": {"uv": [6.4, 2.4, 7.6, 3.6], "texture": "#0"},
				"up": {"uv": [6.4, 2.4, 7.6, 3.6], "texture": "#0"},
				"down": {"uv": [6.4, 2.4, 7.6, 3.6], "texture": "#0"}
			}
		},
		{
			"from": [9.9, 26.1, 3.9875],
			"to": [10.1, 27.3, 4.0875],
			"rotation": {"angle": 0, "axis": "y", "origin": [7.996, 26.56959, 5.509]},
			"faces": {
				"north": {"uv": [3.8, 4.3, 4, 4.4125], "texture": "#0"},
				"east": {"uv": [3.8, 4.3, 4, 4.4125], "texture": "#0"},
				"south": {"uv": [3.8, 4.3, 4, 4.4125], "texture": "#0"},
				"west": {"uv": [3.8, 4.3, 4, 4.4125], "texture": "#0"},
				"up": {"uv": [3.8, 4.3, 4, 4.4125], "texture": "#0"},
				"down": {"uv": [3.8, 4.3, 4, 4.4125], "texture": "#0"}
			}
		},
		{
			"from": [9.5, 27.3, 3.975],
			"to": [10.5, 27.4, 4.175],
			"rotation": {"angle": 0, "axis": "z", "origin": [7.996, 26.56959, 5.509]},
			"faces": {
				"north": {"uv": [3, 4.0375, 3.2375, 4.2], "texture": "#0"},
				"east": {"uv": [3, 4.0375, 3.2375, 4.2], "texture": "#0"},
				"south": {"uv": [3, 4.0375, 3.2375, 4.2], "texture": "#0"},
				"west": {"uv": [3, 4.0375, 3.2375, 4.2], "texture": "#0"},
				"up": {"uv": [3, 4.0375, 3.2375, 4.2], "texture": "#0"},
				"down": {"uv": [3, 4.0375, 3.2375, 4.2], "texture": "#0"}
			}
		},
		{
			"from": [10.1, 26.1, 3.975],
			"to": [10.6, 27.3, 4.175],
			"rotation": {"angle": 0, "axis": "y", "origin": [7.996, 26.56959, 5.509]},
			"faces": {
				"north": {"uv": [3, 4.0375, 3.2375, 4.2], "texture": "#0"},
				"east": {"uv": [3, 4.0375, 3.2375, 4.2], "texture": "#0"},
				"south": {"uv": [3, 4.0375, 3.2375, 4.2], "texture": "#0"},
				"west": {"uv": [3, 4.0375, 3.2375, 4.2], "texture": "#0"},
				"up": {"uv": [3, 4.0375, 3.2375, 4.2], "texture": "#0"},
				"down": {"uv": [3, 4.0375, 3.2375, 4.2], "texture": "#0"}
			}
		},
		{
			"from": [10.6, 26.2, 3.975],
			"to": [10.7, 27.2, 4.175],
			"rotation": {"angle": 0, "axis": "y", "origin": [7.996, 26.56959, 5.509]},
			"faces": {
				"north": {"uv": [3, 4.0375, 3.2375, 4.2], "texture": "#0"},
				"east": {"uv": [3, 4.0375, 3.2375, 4.2], "texture": "#0"},
				"south": {"uv": [3, 4.0375, 3.2375, 4.2], "texture": "#0"},
				"west": {"uv": [3, 4.0375, 3.2375, 4.2], "texture": "#0"},
				"up": {"uv": [3, 4.0375, 3.2375, 4.2], "texture": "#0"},
				"down": {"uv": [3, 4.0375, 3.2375, 4.2], "texture": "#0"}
			}
		},
		{
			"from": [9.5, 26, 3.975],
			"to": [10.5, 26.1, 4.175],
			"rotation": {"angle": 0, "axis": "z", "origin": [7.996, 26.56959, 5.509]},
			"faces": {
				"north": {"uv": [3, 4.0375, 3.2375, 4.2], "texture": "#0"},
				"east": {"uv": [3, 4.0375, 3.2375, 4.2], "texture": "#0"},
				"south": {"uv": [3, 4.0375, 3.2375, 4.2], "texture": "#0"},
				"west": {"uv": [3, 4.0375, 3.2375, 4.2], "texture": "#0"},
				"up": {"uv": [3, 4.0375, 3.2375, 4.2], "texture": "#0"},
				"down": {"uv": [3, 4.0375, 3.2375, 4.2], "texture": "#0"}
			}
		},
		{
			"from": [9.4, 26.1, 3.975],
			"to": [9.9, 27.3, 4.175],
			"rotation": {"angle": 0, "axis": "y", "origin": [7.996, 26.56959, 5.509]},
			"faces": {
				"north": {"uv": [3, 4.0375, 3.2375, 4.2], "texture": "#0"},
				"east": {"uv": [3, 4.0375, 3.2375, 4.2], "texture": "#0"},
				"south": {"uv": [3, 4.0375, 3.2375, 4.2], "texture": "#0"},
				"west": {"uv": [3, 4.0375, 3.2375, 4.2], "texture": "#0"},
				"up": {"uv": [3, 4.0375, 3.2375, 4.2], "texture": "#0"},
				"down": {"uv": [3, 4.0375, 3.2375, 4.2], "texture": "#0"}
			}
		},
		{
			"from": [9.3, 26.2, 3.975],
			"to": [9.4, 27.2, 4.175],
			"rotation": {"angle": 0, "axis": "y", "origin": [7.996, 26.56959, 5.509]},
			"faces": {
				"north": {"uv": [3, 4.0375, 3.2375, 4.2], "texture": "#0"},
				"east": {"uv": [3, 4.0375, 3.2375, 4.2], "texture": "#0"},
				"south": {"uv": [3, 4.0375, 3.2375, 4.2], "texture": "#0"},
				"west": {"uv": [3, 4.0375, 3.2375, 4.2], "texture": "#0"},
				"up": {"uv": [3, 4.0375, 3.2375, 4.2], "texture": "#0"},
				"down": {"uv": [3, 4.0375, 3.2375, 4.2], "texture": "#0"}
			}
		},
		{
			"from": [5.9, 26.1, 3.9875],
			"to": [6.1, 27.3, 4.0875],
			"rotation": {"angle": 0, "axis": "y", "origin": [7.996, 26.56959, 5.509]},
			"faces": {
				"north": {"uv": [3.8, 4.3, 4, 4.4125], "texture": "#0"},
				"east": {"uv": [3.8, 4.3, 4, 4.4125], "texture": "#0"},
				"south": {"uv": [3.8, 4.3, 4, 4.4125], "texture": "#0"},
				"west": {"uv": [3.8, 4.3, 4, 4.4125], "texture": "#0"},
				"up": {"uv": [3.8, 4.3, 4, 4.4125], "texture": "#0"},
				"down": {"uv": [3.8, 4.3, 4, 4.4125], "texture": "#0"}
			}
		},
		{
			"from": [5.5, 27.3, 3.975],
			"to": [6.5, 27.4, 4.175],
			"rotation": {"angle": 0, "axis": "z", "origin": [7.996, 26.56959, 5.509]},
			"faces": {
				"north": {"uv": [3, 4.0375, 3.2375, 4.2], "texture": "#0"},
				"east": {"uv": [3, 4.0375, 3.2375, 4.2], "texture": "#0"},
				"south": {"uv": [3, 4.0375, 3.2375, 4.2], "texture": "#0"},
				"west": {"uv": [3, 4.0375, 3.2375, 4.2], "texture": "#0"},
				"up": {"uv": [3, 4.0375, 3.2375, 4.2], "texture": "#0"},
				"down": {"uv": [3, 4.0375, 3.2375, 4.2], "texture": "#0"}
			}
		},
		{
			"from": [6.1, 26.1, 3.975],
			"to": [6.6, 27.3, 4.175],
			"rotation": {"angle": 0, "axis": "y", "origin": [7.996, 26.56959, 5.509]},
			"faces": {
				"north": {"uv": [3, 4.0375, 3.2375, 4.2], "texture": "#0"},
				"east": {"uv": [3, 4.0375, 3.2375, 4.2], "texture": "#0"},
				"south": {"uv": [3, 4.0375, 3.2375, 4.2], "texture": "#0"},
				"west": {"uv": [3, 4.0375, 3.2375, 4.2], "texture": "#0"},
				"up": {"uv": [3, 4.0375, 3.2375, 4.2], "texture": "#0"},
				"down": {"uv": [3, 4.0375, 3.2375, 4.2], "texture": "#0"}
			}
		},
		{
			"from": [6.6, 26.2, 3.975],
			"to": [6.7, 27.2, 4.175],
			"rotation": {"angle": 0, "axis": "y", "origin": [7.996, 26.56959, 5.509]},
			"faces": {
				"north": {"uv": [3, 4.0375, 3.2375, 4.2], "texture": "#0"},
				"east": {"uv": [3, 4.0375, 3.2375, 4.2], "texture": "#0"},
				"south": {"uv": [3, 4.0375, 3.2375, 4.2], "texture": "#0"},
				"west": {"uv": [3, 4.0375, 3.2375, 4.2], "texture": "#0"},
				"up": {"uv": [3, 4.0375, 3.2375, 4.2], "texture": "#0"},
				"down": {"uv": [3, 4.0375, 3.2375, 4.2], "texture": "#0"}
			}
		},
		{
			"from": [5.5, 26, 3.975],
			"to": [6.5, 26.1, 4.175],
			"rotation": {"angle": 0, "axis": "z", "origin": [7.996, 26.56959, 5.509]},
			"faces": {
				"north": {"uv": [3, 4.0375, 3.2375, 4.2], "texture": "#0"},
				"east": {"uv": [3, 4.0375, 3.2375, 4.2], "texture": "#0"},
				"south": {"uv": [3, 4.0375, 3.2375, 4.2], "texture": "#0"},
				"west": {"uv": [3, 4.0375, 3.2375, 4.2], "texture": "#0"},
				"up": {"uv": [3, 4.0375, 3.2375, 4.2], "texture": "#0"},
				"down": {"uv": [3, 4.0375, 3.2375, 4.2], "texture": "#0"}
			}
		},
		{
			"from": [5.4, 26.1, 3.975],
			"to": [5.9, 27.3, 4.175],
			"rotation": {"angle": 0, "axis": "y", "origin": [7.996, 26.56959, 5.509]},
			"faces": {
				"north": {"uv": [3, 4.0375, 3.2375, 4.2], "texture": "#0"},
				"east": {"uv": [3, 4.0375, 3.2375, 4.2], "texture": "#0"},
				"south": {"uv": [3, 4.0375, 3.2375, 4.2], "texture": "#0"},
				"west": {"uv": [3, 4.0375, 3.2375, 4.2], "texture": "#0"},
				"up": {"uv": [3, 4.0375, 3.2375, 4.2], "texture": "#0"},
				"down": {"uv": [3, 4.0375, 3.2375, 4.2], "texture": "#0"}
			}
		},
		{
			"from": [5.3, 26.2, 3.975],
			"to": [5.4, 27.2, 4.175],
			"rotation": {"angle": 0, "axis": "y", "origin": [7.996, 26.56959, 5.509]},
			"faces": {
				"north": {"uv": [3, 4.0375, 3.2375, 4.2], "texture": "#0"},
				"east": {"uv": [3, 4.0375, 3.2375, 4.2], "texture": "#0"},
				"south": {"uv": [3, 4.0375, 3.2375, 4.2], "texture": "#0"},
				"west": {"uv": [3, 4.0375, 3.2375, 4.2], "texture": "#0"},
				"up": {"uv": [3, 4.0375, 3.2375, 4.2], "texture": "#0"},
				"down": {"uv": [3, 4.0375, 3.2375, 4.2], "texture": "#0"}
			}
		},
		{
			"from": [7.5, 23.1, 3.8],
			"to": [8.5, 31.1, 4.8],
			"rotation": {"angle": 0, "axis": "y", "origin": [7.996, 26.56959, 5.509]},
			"faces": {
				"north": {"uv": [8.8125, 5.2625, 9.2125, 7.75], "texture": "#0"},
				"east": {"uv": [9.05, 5.2625, 9.2125, 7.75], "texture": "#0"},
				"south": {"uv": [0, 0, 1, 8], "texture": "#0"},
				"west": {"uv": [9.05, 5.2625, 9.2125, 7.75], "texture": "#0"},
				"up": {"uv": [9.05, 5.2625, 9.2125, 5.4625], "texture": "#0"},
				"down": {"uv": [9.0625, 5.2625, 9.2125, 5.45], "texture": "#0"}
			}
		},
		{
			"from": [5.5, 12.275, 4.4626],
			"to": [10.5, 23.5, 11.5126],
			"rotation": {"angle": 0, "axis": "y", "origin": [8.01155, 15.16372, 7.98533]},
			"faces": {
				"north": {"uv": [5.275, 5.075, 6.75, 7.975], "texture": "#0"},
				"east": {"uv": [5.275, 7.8, 6.75, 7.975], "texture": "#0"},
				"south": {"uv": [4.35, 5.07188, 4.71875, 6.49688], "texture": "#0"},
				"west": {"uv": [5.275, 7.8, 6.75, 7.975], "texture": "#0"},
				"up": {"uv": [5.275, 7.8, 6.75, 7.975], "texture": "#0"},
				"down": {"uv": [5.275, 7.8, 6.75, 7.975], "texture": "#0"}
			}
		},
		{
			"from": [4.08628, 13.85102, 4.5],
			"to": [5.09878, 23.68852, 11.5],
			"rotation": {"angle": 22.5, "axis": "z", "origin": [8.01155, 15.16372, 7.98533]},
			"faces": {
				"north": {"uv": [4.4, 6.27188, 4.64375, 7.62188], "texture": "#0"},
				"east": {"uv": [0, 0, 7, 11], "texture": "#0"},
				"south": {"uv": [4.4, 6.27188, 4.64375, 7.62188], "texture": "#0"},
				"west": {"uv": [4.4, 6.27188, 4.64375, 7.62188], "texture": "#0"},
				"up": {"uv": [4.125, 0, 5.05, 0.75], "texture": "#0"},
				"down": {"uv": [5.275, 7.8, 6.75, 7.975], "texture": "#0"}
			}
		},
		{
			"from": [10.90298, 13.84218, 4.5],
			"to": [11.91548, 23.67968, 11.5],
			"rotation": {"angle": -22.5, "axis": "z", "origin": [8.01155, 15.16372, 7.98533]},
			"faces": {
				"north": {"uv": [4.4, 6.27188, 4.64375, 7.62188], "texture": "#0"},
				"east": {"uv": [4.4, 6.27188, 4.64375, 7.62188], "texture": "#0"},
				"south": {"uv": [4.4, 6.27188, 4.64375, 7.62188], "texture": "#0"},
				"west": {"uv": [7, 0, 0, 11], "texture": "#0"},
				"up": {"uv": [4.125, 0, 5.05, 0.75], "texture": "#0"},
				"down": {"uv": [5.275, 7.8, 6.75, 7.975], "texture": "#0"}
			}
		},
		{
			"from": [5.08628, 13.85102, 4.5],
			"to": [8.88628, 23.68852, 11.5],
			"rotation": {"angle": 22.5, "axis": "z", "origin": [8.01155, 15.16372, 7.98533]},
			"faces": {
				"north": {"uv": [6.475, 5.07188, 6.89375, 7.39688], "texture": "#0"},
				"east": {"uv": [0, 0, 7, 11], "texture": "#0"},
				"south": {"uv": [4.35, 5.07188, 4.71875, 6.42188], "texture": "#0"},
				"west": {"uv": [0, 0, 7, 11], "texture": "#0"},
				"up": {"uv": [4.125, 0, 5.05, 0.75], "texture": "#0"},
				"down": {"uv": [0, 0, 3.8, 7], "texture": "#0"}
			}
		},
		{
			"from": [7.21548, 13.84218, 4.4999],
			"to": [11.01548, 23.67968, 11.4999],
			"rotation": {"angle": -22.5, "axis": "z", "origin": [8.01155, 15.16372, 7.98533]},
			"faces": {
				"north": {"uv": [5.1, 5.07188, 5.51875, 7.39688], "texture": "#0"},
				"east": {"uv": [0, 0, 7, 11], "texture": "#0"},
				"south": {"uv": [4.35, 5.07188, 4.71875, 6.42188], "texture": "#0"},
				"west": {"uv": [0, 0, 7, 11], "texture": "#0"},
				"up": {"uv": [4.125, 0, 5.05, 0.75], "texture": "#0"},
				"down": {"uv": [0, 0, 3.8, 7], "texture": "#0"}
			}
		},
		{
			"from": [6.7, 8.81031, 6.01504],
			"to": [9.3, 11.51031, 10.06504],
			"rotation": {"angle": 0, "axis": "y", "origin": [8.01155, 15.16372, 7.98533]},
			"faces": {
				"north": {"uv": [6.25, 2.275, 7.75, 3.75], "texture": "#0"},
				"east": {"uv": [6.25, 2.275, 7.75, 3.75], "texture": "#0"},
				"south": {"uv": [6.25, 2.275, 7.75, 3.75], "texture": "#0"},
				"west": {"uv": [6.25, 2.275, 7.75, 3.75], "texture": "#0"},
				"up": {"uv": [6.25, 2.275, 7.75, 3.75], "texture": "#0"},
				"down": {"uv": [6.25, 2.275, 7.75, 3.75], "texture": "#0"}
			}
		},
		{
			"from": [6.1, 10.31031, 6.65254],
			"to": [6.6, 12.41031, 9.20254],
			"rotation": {"angle": 0, "axis": "y", "origin": [8.01155, 15.16372, 7.98533]},
			"faces": {
				"north": {"uv": [6.54375, 6.76562, 6.72187, 7.48125], "texture": "#0"},
				"east": {"uv": [6.54375, 6.76562, 6.72187, 7.48125], "texture": "#0"},
				"south": {"uv": [6.54375, 6.76562, 6.72187, 7.48125], "texture": "#0"},
				"west": {"uv": [6.54375, 6.76562, 6.72187, 7.48125], "texture": "#0"},
				"up": {"uv": [6.54375, 6.76562, 6.72187, 7.48125], "texture": "#0"},
				"down": {"uv": [6.54375, 6.76562, 6.72187, 7.48125], "texture": "#0"}
			}
		},
		{
			"from": [9.4, 10.31031, 6.65254],
			"to": [9.9, 12.41031, 9.20254],
			"rotation": {"angle": 0, "axis": "y", "origin": [8.01155, 15.16372, 7.98533]},
			"faces": {
				"north": {"uv": [6.54375, 6.76562, 6.72187, 7.48125], "texture": "#0"},
				"east": {"uv": [6.54375, 6.76562, 6.72187, 7.48125], "texture": "#0"},
				"south": {"uv": [6.54375, 6.76562, 6.72187, 7.48125], "texture": "#0"},
				"west": {"uv": [6.54375, 6.76562, 6.72187, 7.48125], "texture": "#0"},
				"up": {"uv": [6.54375, 6.76562, 6.72187, 7.48125], "texture": "#0"},
				"down": {"uv": [6.54375, 6.76562, 6.72187, 7.48125], "texture": "#0"}
			}
		},
		{
			"from": [7.5, 21.1, 4.3],
			"to": [8.5, 23.1, 5.3],
			"rotation": {"angle": 0, "axis": "y", "origin": [7.996, 26.56959, 5.509]},
			"faces": {
				"north": {"uv": [8.8125, 7.5625, 9.2125, 7.75], "texture": "#0"},
				"east": {"uv": [8.8125, 7.5625, 9.2125, 7.75], "texture": "#0"},
				"south": {"uv": [8.8125, 7.5625, 9.2125, 7.75], "texture": "#0"},
				"west": {"uv": [8.8125, 7.5625, 9.2125, 7.75], "texture": "#0"},
				"up": {"uv": [8.8125, 7.5625, 9.2125, 7.75], "texture": "#0"},
				"down": {"uv": [8.8125, 7.5625, 9.2125, 7.75], "texture": "#0"}
			}
		},
		{
			"from": [8.4, 3.15, 5.625],
			"to": [12.5875, 3.35, 10.375],
			"rotation": {"angle": 0, "axis": "z", "origin": [10.49375, 3.2, 8]},
			"faces": {
				"north": {"uv": [11.225, 0.775, 10.7625, 1.225], "texture": "#0"},
				"east": {"uv": [11.225, 0.775, 10.7625, 1.225], "texture": "#0"},
				"south": {"uv": [11.225, 0.775, 10.7625, 1.225], "texture": "#0"},
				"west": {"uv": [11.225, 0.775, 10.7625, 1.225], "texture": "#0"},
				"up": {"uv": [11.225, 0.775, 10.7625, 1.225], "texture": "#0"},
				"down": {"uv": [11.225, 0.775, 10.7625, 1.225], "texture": "#0"}
			}
		},
		{
			"from": [8.3, -2.45, 5.5],
			"to": [12.6875, 3.15, 10.5],
			"rotation": {"angle": 0, "axis": "z", "origin": [10.49375, 3.2, 8]},
			"faces": {
				"north": {"uv": [5.5, 14.025, 6.5, 15.5], "texture": "#0"},
				"east": {"uv": [5.5, 14.025, 6.5, 15.5], "texture": "#0"},
				"south": {"uv": [5.5, 14.025, 6.5, 15.5], "texture": "#0"},
				"west": {"uv": [5.5, 14.025, 6.5, 15.5], "texture": "#0"},
				"up": {"uv": [5.5, 14.025, 6.5, 15.5], "texture": "#0"},
				"down": {"uv": [5.5, 14.025, 6.5, 15.5], "texture": "#0"}
			}
		},
		{
			"from": [8.3, 3.35, 5.5],
			"to": [12.6875, 10.15, 10.5],
			"rotation": {"angle": 0, "axis": "z", "origin": [8.89375, 9.75, 8]},
			"faces": {
				"north": {"uv": [5.25, 13.025, 6.25, 14.5], "texture": "#0"},
				"east": {"uv": [5.25, 13.025, 6.25, 14.5], "texture": "#0"},
				"south": {"uv": [5.25, 13.025, 6.25, 14.5], "texture": "#0"},
				"west": {"uv": [5.25, 13.025, 6.25, 14.5], "texture": "#0"},
				"up": {"uv": [5.25, 13.025, 6.25, 14.5], "texture": "#0"},
				"down": {"uv": [5.25, 13.025, 6.25, 14.5], "texture": "#0"}
			}
		},
		{
			"from": [3.4, 3.15, 5.625],
			"to": [7.5875, 3.35, 10.375],
			"rotation": {"angle": 0, "axis": "z", "origin": [5.49375, 2.8, 8]},
			"faces": {
				"north": {"uv": [10.7625, 0.775, 11.225, 1.225], "texture": "#0"},
				"east": {"uv": [10.7625, 0.775, 11.225, 1.225], "texture": "#0"},
				"south": {"uv": [10.7625, 0.775, 11.225, 1.225], "texture": "#0"},
				"west": {"uv": [10.7625, 0.775, 11.225, 1.225], "texture": "#0"},
				"up": {"uv": [11.225, 1.225, 10.7625, 0.775], "texture": "#0"},
				"down": {"uv": [11.225, 1.225, 10.7625, 0.775], "texture": "#0"}
			}
		},
		{
			"from": [3.3, -2.45, 5.5],
			"to": [7.6875, 3.15, 10.5],
			"rotation": {"angle": 0, "axis": "z", "origin": [5.49375, 2.8, 8]},
			"faces": {
				"north": {"uv": [6.5, 14.025, 5.5, 15.5], "texture": "#0"},
				"east": {"uv": [6.5, 14.025, 5.5, 15.5], "texture": "#0"},
				"south": {"uv": [6.5, 14.025, 5.5, 15.5], "texture": "#0"},
				"west": {"uv": [6.5, 14.025, 5.5, 15.5], "texture": "#0"},
				"up": {"uv": [5.5, 15.5, 6.5, 14.025], "texture": "#0"},
				"down": {"uv": [5.5, 15.5, 6.5, 14.025], "texture": "#0"}
			}
		},
		{
			"from": [3.3, 3.35, 5.5],
			"to": [7.6875, 10.15, 10.5],
			"rotation": {"angle": 0, "axis": "z", "origin": [7.49375, 9.75, 8]},
			"faces": {
				"north": {"uv": [6.25, 13.025, 5.25, 14.5], "texture": "#0"},
				"east": {"uv": [6.25, 13.025, 5.25, 14.5], "texture": "#0"},
				"south": {"uv": [6.25, 13.025, 5.25, 14.5], "texture": "#0"},
				"west": {"uv": [6.25, 13.025, 5.25, 14.5], "texture": "#0"},
				"up": {"uv": [5.25, 14.5, 6.25, 13.025], "texture": "#0"},
				"down": {"uv": [5.25, 14.5, 6.25, 13.025], "texture": "#0"}
			}
		},
		{
			"from": [14.5, 9, 6.7],
			"to": [16.5, 15, 9.3],
			"rotation": {"angle": 0, "axis": "y", "origin": [15, 15, 8]},
			"faces": {
				"north": {"uv": [6.25, 2.325, 7.75, 3.75], "texture": "#0"},
				"east": {"uv": [6.25, 2.325, 7.75, 3.75], "texture": "#0"},
				"south": {"uv": [6.25, 2.325, 7.75, 3.75], "texture": "#0"},
				"west": {"uv": [6.25, 2.325, 7.75, 3.75], "texture": "#0"},
				"up": {"uv": [6.25, 2.325, 7.75, 3.75], "texture": "#0"},
				"down": {"uv": [6.25, 2.325, 7.75, 3.75], "texture": "#0"}
			}
		},
		{
			"from": [11.52401, 21.21096, 4.9],
			"to": [17.91151, 22.91096, 11.1],
			"rotation": {"angle": -22.5, "axis": "z", "origin": [14.2028, 21.13849, 8]},
			"faces": {
				"north": {"uv": [2.42812, 1.52813, 3.75, 1.725], "texture": "#0"},
				"east": {"uv": [2.42812, 1.52813, 3.75, 1.725], "texture": "#0"},
				"south": {"uv": [2.42812, 1.52813, 3.75, 1.725], "texture": "#0"},
				"west": {"uv": [2.42812, 1.52813, 3.75, 1.725], "texture": "#0"},
				"up": {"uv": [2.25, 0.25, 3.75, 1.725], "texture": "#0"},
				"down": {"uv": [2.42812, 1.52813, 3.75, 1.725], "texture": "#0"}
			}
		},
		{
			"from": [14.2, 14.9, 6.2],
			"to": [17.2, 20.9, 9.8],
			"rotation": {"angle": 0, "axis": "z", "origin": [14.2028, 21.13849, 8]},
			"faces": {
				"north": {"uv": [7.75, 2.275, 6.25, 3.75], "texture": "#0"},
				"east": {"uv": [7.75, 2.275, 6.25, 3.75], "texture": "#0"},
				"south": {"uv": [7.75, 2.275, 6.25, 3.75], "texture": "#0"},
				"west": {"uv": [7.75, 2.275, 6.25, 3.75], "texture": "#0"},
				"up": {"uv": [11, 5.025, 10.5, 5.5], "texture": "#0"},
				"down": {"uv": [7.7, 2.275, 6.25, 3.75], "texture": "#0"}
			}
		},
		{
			"from": [-0.5, 9, 6.7],
			"to": [1.5, 15, 9.3],
			"rotation": {"angle": 0, "axis": "y", "origin": [1, 15, 8]},
			"faces": {
				"north": {"uv": [7.75, 2.325, 6.25, 3.75], "texture": "#0"},
				"east": {"uv": [7.75, 2.325, 6.25, 3.75], "texture": "#0"},
				"south": {"uv": [7.75, 2.325, 6.25, 3.75], "texture": "#0"},
				"west": {"uv": [7.75, 2.325, 6.25, 3.75], "texture": "#0"},
				"up": {"uv": [7.75, 2.325, 6.25, 3.75], "texture": "#0"},
				"down": {"uv": [7.75, 2.325, 6.25, 3.75], "texture": "#0"}
			}
		},
		{
			"from": [-1.91151, 21.21096, 4.9],
			"to": [4.47599, 22.91096, 11.1],
			"rotation": {"angle": 22.5, "axis": "z", "origin": [1.7972, 21.13849, 8]},
			"faces": {
				"north": {"uv": [3.75, 1.52813, 2.42812, 1.725], "texture": "#0"},
				"east": {"uv": [3.75, 1.52813, 2.42812, 1.725], "texture": "#0"},
				"south": {"uv": [3.75, 1.52813, 2.42812, 1.725], "texture": "#0"},
				"west": {"uv": [3.75, 1.52813, 2.42812, 1.725], "texture": "#0"},
				"up": {"uv": [3.75, 0.25, 2.25, 1.725], "texture": "#0"},
				"down": {"uv": [3.75, 1.52813, 2.42812, 1.725], "texture": "#0"}
			}
		},
		{
			"from": [-1.2, 14.9, 6.2],
			"to": [1.8, 20.9, 9.8],
			"rotation": {"angle": 0, "axis": "z", "origin": [1.7972, 21.13849, 8]},
			"faces": {
				"north": {"uv": [6.25, 2.275, 7.75, 3.75], "texture": "#0"},
				"east": {"uv": [6.25, 2.275, 7.75, 3.75], "texture": "#0"},
				"south": {"uv": [6.25, 2.275, 7.75, 3.75], "texture": "#0"},
				"west": {"uv": [6.25, 2.275, 7.75, 3.75], "texture": "#0"},
				"up": {"uv": [10.5, 5.025, 11, 5.5], "texture": "#0"},
				"down": {"uv": [6.25, 2.275, 7.7, 3.75], "texture": "#0"}
			}
		}
	],
	"display": {
		"ground": {
			"translation": [0, 7.25, 0]
		},
		"gui": {
			"rotation": [0, -180, 0],
			"translation": [0, -5, -7.75]
		},
		"head": {
			"translation": [-0.5, -27, 0],
			"scale": [1.75, 1.75, 1.75]
		},
		"fixed": {
			"translation": [0, -5, -7.75]
		}
	},
	"groups": [
		{
			"name": "Soft And Wet",
			"origin": [8, 8, 8],
			"color": 0,
			"nbt": "{}",
			"armAnimationEnabled": false,
			"children": [
				{
					"name": "head",
					"origin": [8, 23.5, 8],
					"color": 0,
					"nbt": "{}",
					"armAnimationEnabled": false,
					"children": [
						0,
						1,
						2,
						3,
						4,
						5,
						6,
						7,
						8,
						{
							"name": "Eye",
							"origin": [10, 27, 4.075],
							"color": 0,
							"nbt": "{}",
							"armAnimationEnabled": false,
							"children": []
						},
						{
							"name": "Eye",
							"origin": [10, 27, 4.075],
							"color": 0,
							"nbt": "{}",
							"armAnimationEnabled": false,
							"children": [9, 10, 11, 12, 13, 14, 15]
						},
						{
							"name": "Eye",
							"origin": [10, 27, 4.075],
							"color": 0,
							"nbt": "{}",
							"armAnimationEnabled": false,
							"children": [16, 17, 18, 19, 20, 21, 22]
						},
						23
					]
				},
				{
					"name": "body",
					"origin": [8, 8, 8],
					"color": 0,
					"nbt": "{}",
					"armAnimationEnabled": false,
					"children": [
						24,
						25,
						26,
						27,
						28,
						{
							"name": "waist",
							"origin": [8, 8, 8],
							"color": 0,
							"nbt": "{}",
							"armAnimationEnabled": false,
							"children": [29, 30, 31]
						},
						32
					]
				},
				{
					"name": "leg",
					"origin": [8, 8, 8],
					"color": 0,
					"nbt": "{}",
					"armAnimationEnabled": false,
					"children": [
						{
							"name": "Left",
							"origin": [8, 8, 8],
							"color": 0,
							"nbt": "{}",
							"armAnimationEnabled": false,
							"children": [
								{
									"name": "bottom",
									"origin": [15.5, 7.35, -0.5],
									"color": 0,
									"nbt": "{}",
									"armAnimationEnabled": false,
									"children": [33, 34]
								},
								{
									"name": "Top",
									"origin": [15.5, 7.35, -0.5],
									"color": 0,
									"nbt": "{}",
									"armAnimationEnabled": false,
									"children": [35]
								}
							]
						},
						{
							"name": "Right",
							"origin": [8, 8, 8],
							"color": 0,
							"nbt": "{}",
							"armAnimationEnabled": false,
							"children": [
								{
									"name": "bottom",
									"origin": [15.5, 7.35, -0.5],
									"color": 0,
									"nbt": "{}",
									"armAnimationEnabled": false,
									"children": [36, 37]
								},
								{
									"name": "Top",
									"origin": [15.5, 7.35, -0.5],
									"color": 0,
									"nbt": "{}",
									"armAnimationEnabled": false,
									"children": [38]
								}
							]
						}
					]
				},
				{
					"name": "Arms",
					"origin": [0, 0.8, 0],
					"color": 0,
					"nbt": "{}",
					"armAnimationEnabled": false,
					"children": [
						{
							"name": "Left",
							"origin": [8, 12, 8],
							"color": 0,
							"nbt": "{}",
							"armAnimationEnabled": false,
							"children": [
								{
									"name": "botom",
									"origin": [8, 12, 8],
									"color": 0,
									"nbt": "{}",
									"armAnimationEnabled": false,
									"children": [39]
								},
								{
									"name": "Top",
									"origin": [15.38032, 19.59041, 8],
									"color": 0,
									"nbt": "{}",
									"armAnimationEnabled": false,
									"children": [40, 41]
								}
							]
						},
						{
							"name": "Right",
							"origin": [8, 12, 8],
							"color": 0,
							"nbt": "{}",
							"armAnimationEnabled": false,
							"children": [
								{
									"name": "botom",
									"origin": [8, 12, 8],
									"color": 0,
									"nbt": "{}",
									"armAnimationEnabled": false,
									"children": [42]
								},
								{
									"name": "Top",
									"origin": [15.38032, 19.59041, 8],
									"color": 0,
									"nbt": "{}",
									"armAnimationEnabled": false,
									"children": [43, 44]
								}
							]
						}
					]
				}
			]
		}
	]
}