{
	"credit": "Made with Blockbench",
	"textures": {
		"0": "stand/custom/breathing_style/insect/skin",
		"particle": "stand/custom/breathing_style/insect/skin"
	},
	"elements": [
		{
			"name": "left_leg",
			"from": [4, -0.5, 6],
			"to": [8, 11.5, 10],
			"faces": {
				"north": {"uv": [5, 13, 6, 16], "texture": "#0"},
				"east": {"uv": [4, 13, 5, 16], "texture": "#0"},
				"south": {"uv": [7, 13, 8, 16], "texture": "#0"},
				"west": {"uv": [6, 13, 7, 16], "texture": "#0"},
				"up": {"uv": [6, 13, 5, 12], "texture": "#0"},
				"down": {"uv": [7, 12, 6, 13], "texture": "#0"}
			}
		},
		{
			"name": "left_leg_2nd_layer",
			"from": [3.5, -1, 5.5],
			"to": [8.5, 12, 10.5],
			"faces": {
				"north": {"uv": [1, 13, 2, 16], "texture": "#0"},
				"east": {"uv": [0, 13, 1, 16], "texture": "#0"},
				"south": {"uv": [3, 13, 4, 16], "texture": "#0"},
				"west": {"uv": [2, 13, 3, 16], "texture": "#0"},
				"up": {"uv": [2, 12, 1, 11], "texture": "#0"},
				"down": {"uv": [3, 12, 2, 13], "texture": "#0"}
			}
		}
	],
	"display": {
		"head": {
			"translation": [3, -10, 0],
			"scale": [1.5, 1.5, 1.5]
		}
	},
	"groups": [
		{
			"name": "steve",
			"origin": [8, 8, 8],
			"color": 0,
			"children": [0, 1]
		}
	]
}