{
	"credit": "Made with Blockbench",
	"textures": {
		"2": "stand/custom/breathing_style/insect/texture",
		"particle": "stand/custom/breathing_style/insect/texture"
	},
	"elements": [
		{
			"from": [7.67578, -6.68772, 7.0628],
			"to": [7.82422, -6.18772, 8.63312],
			"rotation": {"angle": 0, "axis": "x", "origin": [8, 8.06298, 7.84796]},
			"faces": {
				"north": {"uv": [14.42969, 0.5, 16, 0], "rotation": 180, "texture": "#2"},
				"east": {"uv": [14.42969, 0.5, 16, 0], "rotation": 180, "texture": "#2"},
				"south": {"uv": [14.42969, 0.5, 16, 0], "rotation": 180, "texture": "#2"},
				"west": {"uv": [14.42969, 0.5, 16, 0], "rotation": 180, "texture": "#2"},
				"up": {"uv": [14.42969, 0.5, 16, 0], "texture": "#2"},
				"down": {"uv": [14.42969, 0.5, 16, 0], "texture": "#2"}
			}
		},
		{
			"from": [7.80078, -6.68772, 7.0628],
			"to": [8.19922, -6.18772, 7.13312],
			"rotation": {"angle": 0, "axis": "x", "origin": [8, 8.06298, 7.84796]},
			"faces": {
				"north": {"uv": [14.42969, 0.5, 16, 0], "rotation": 180, "texture": "#2"},
				"east": {"uv": [14.42969, 0.5, 16, 0], "rotation": 180, "texture": "#2"},
				"south": {"uv": [14.42969, 0.5, 16, 0], "rotation": 180, "texture": "#2"},
				"west": {"uv": [14.42969, 0.5, 16, 0], "rotation": 180, "texture": "#2"},
				"up": {"uv": [14.42969, 0.5, 16, 0], "texture": "#2"},
				"down": {"uv": [14.42969, 0.5, 16, 0], "texture": "#2"}
			}
		},
		{
			"from": [7.80078, -6.68772, 8.5628],
			"to": [8.19922, -6.18772, 8.63312],
			"rotation": {"angle": 0, "axis": "x", "origin": [8, 8.06298, 7.84796]},
			"faces": {
				"north": {"uv": [14.42969, 0.5, 16, 0], "rotation": 180, "texture": "#2"},
				"east": {"uv": [14.42969, 0.5, 16, 0], "rotation": 180, "texture": "#2"},
				"south": {"uv": [14.42969, 0.5, 16, 0], "rotation": 180, "texture": "#2"},
				"west": {"uv": [14.42969, 0.5, 16, 0], "rotation": 180, "texture": "#2"},
				"up": {"uv": [14.42969, 0.5, 16, 0], "texture": "#2"},
				"down": {"uv": [14.42969, 0.5, 16, 0], "texture": "#2"}
			}
		},
		{
			"from": [8.17578, -6.68772, 7.0628],
			"to": [8.32422, -6.18772, 8.63312],
			"rotation": {"angle": 0, "axis": "x", "origin": [8, 8.06298, 7.84796]},
			"faces": {
				"north": {"uv": [14.42969, 0.5, 16, 0], "rotation": 180, "texture": "#2"},
				"east": {"uv": [14.42969, 0.5, 16, 0], "rotation": 180, "texture": "#2"},
				"south": {"uv": [14.42969, 0.5, 16, 0], "rotation": 180, "texture": "#2"},
				"west": {"uv": [14.42969, 0.5, 16, 0], "rotation": 180, "texture": "#2"},
				"up": {"uv": [14.42969, 0.5, 16, 0], "texture": "#2"},
				"down": {"uv": [14.42969, 0.5, 16, 0], "texture": "#2"}
			}
		},
		{
			"from": [7.67578, -6.18772, 6.9378],
			"to": [8.32422, -6.06272, 7.13312],
			"rotation": {"angle": 0, "axis": "x", "origin": [8, 8.06298, 7.84796]},
			"faces": {
				"north": {"uv": [14.42969, 1.25, 16, 0.75], "rotation": 180, "texture": "#2"},
				"east": {"uv": [14.42969, 1.25, 16, 0.75], "rotation": 180, "texture": "#2"},
				"south": {"uv": [14.42969, 1.25, 16, 0.75], "rotation": 180, "texture": "#2"},
				"west": {"uv": [14.42969, 1.25, 16, 0.75], "rotation": 180, "texture": "#2"},
				"up": {"uv": [14.42969, 1.25, 16, 0.75], "texture": "#2"},
				"down": {"uv": [14.42969, 1.25, 16, 0.75], "texture": "#2"}
			}
		},
		{
			"from": [7.55078, -6.18772, 6.9378],
			"to": [7.82422, -6.06272, 8.75812],
			"rotation": {"angle": 0, "axis": "x", "origin": [8, 8.06298, 7.84796]},
			"faces": {
				"north": {"uv": [14.42969, 1.25, 16, 0.75], "rotation": 180, "texture": "#2"},
				"east": {"uv": [14.42969, 1.25, 16, 0.75], "rotation": 180, "texture": "#2"},
				"south": {"uv": [14.42969, 1.25, 16, 0.75], "rotation": 180, "texture": "#2"},
				"west": {"uv": [14.42969, 1.25, 16, 0.75], "rotation": 180, "texture": "#2"},
				"up": {"uv": [14.42969, 1.25, 16, 0.75], "texture": "#2"},
				"down": {"uv": [14.42969, 1.25, 16, 0.75], "texture": "#2"}
			}
		},
		{
			"from": [8.17578, -6.18772, 6.9378],
			"to": [8.44922, -6.06272, 8.75812],
			"rotation": {"angle": 0, "axis": "x", "origin": [8, 8.06298, 7.84796]},
			"faces": {
				"north": {"uv": [14.42969, 1.25, 16, 0.75], "rotation": 180, "texture": "#2"},
				"east": {"uv": [14.42969, 1.25, 16, 0.75], "rotation": 180, "texture": "#2"},
				"south": {"uv": [14.42969, 1.25, 16, 0.75], "rotation": 180, "texture": "#2"},
				"west": {"uv": [14.42969, 1.25, 16, 0.75], "rotation": 180, "texture": "#2"},
				"up": {"uv": [14.42969, 1.25, 16, 0.75], "texture": "#2"},
				"down": {"uv": [14.42969, 1.25, 16, 0.75], "texture": "#2"}
			}
		},
		{
			"from": [7.67578, -6.18772, 8.5628],
			"to": [8.32422, -6.06272, 8.75812],
			"rotation": {"angle": 0, "axis": "x", "origin": [8, 8.06298, 7.84796]},
			"faces": {
				"north": {"uv": [14.42969, 1.25, 16, 0.75], "rotation": 180, "texture": "#2"},
				"east": {"uv": [14.42969, 1.25, 16, 0.75], "rotation": 180, "texture": "#2"},
				"south": {"uv": [14.42969, 1.25, 16, 0.75], "rotation": 180, "texture": "#2"},
				"west": {"uv": [14.42969, 1.25, 16, 0.75], "rotation": 180, "texture": "#2"},
				"up": {"uv": [14.42969, 1.25, 16, 0.75], "texture": "#2"},
				"down": {"uv": [14.42969, 1.25, 16, 0.75], "texture": "#2"}
			}
		},
		{
			"from": [7.55078, -6.68772, 6.9378],
			"to": [7.82422, -6.56272, 8.75812],
			"rotation": {"angle": 0, "axis": "x", "origin": [8, 8.06298, 7.84796]},
			"faces": {
				"north": {"uv": [14.42969, 1.25, 16, 0.75], "rotation": 180, "texture": "#2"},
				"east": {"uv": [14.42969, 1.25, 16, 0.75], "rotation": 180, "texture": "#2"},
				"south": {"uv": [14.42969, 1.25, 16, 0.75], "rotation": 180, "texture": "#2"},
				"west": {"uv": [14.42969, 1.25, 16, 0.75], "rotation": 180, "texture": "#2"},
				"up": {"uv": [14.42969, 1.25, 16, 0.75], "texture": "#2"},
				"down": {"uv": [14.42969, 1.25, 16, 0.75], "texture": "#2"}
			}
		},
		{
			"from": [7.67578, -6.68772, 8.5628],
			"to": [8.32422, -6.56272, 8.75812],
			"rotation": {"angle": 0, "axis": "x", "origin": [8, 8.06298, 7.84796]},
			"faces": {
				"north": {"uv": [14.42969, 1.25, 16, 0.75], "rotation": 180, "texture": "#2"},
				"east": {"uv": [14.42969, 1.25, 16, 0.75], "rotation": 180, "texture": "#2"},
				"south": {"uv": [14.42969, 1.25, 16, 0.75], "rotation": 180, "texture": "#2"},
				"west": {"uv": [14.42969, 1.25, 16, 0.75], "rotation": 180, "texture": "#2"},
				"up": {"uv": [14.42969, 1.25, 16, 0.75], "texture": "#2"},
				"down": {"uv": [14.42969, 1.25, 16, 0.75], "texture": "#2"}
			}
		},
		{
			"from": [8.17578, -6.68772, 6.9378],
			"to": [8.44922, -6.56272, 8.75812],
			"rotation": {"angle": 0, "axis": "x", "origin": [8, 8.06298, 7.84796]},
			"faces": {
				"north": {"uv": [14.42969, 1.25, 16, 0.75], "rotation": 180, "texture": "#2"},
				"east": {"uv": [14.42969, 1.25, 16, 0.75], "rotation": 180, "texture": "#2"},
				"south": {"uv": [14.42969, 1.25, 16, 0.75], "rotation": 180, "texture": "#2"},
				"west": {"uv": [14.42969, 1.25, 16, 0.75], "rotation": 180, "texture": "#2"},
				"up": {"uv": [14.42969, 1.25, 16, 0.75], "texture": "#2"},
				"down": {"uv": [14.42969, 1.25, 16, 0.75], "texture": "#2"}
			}
		},
		{
			"from": [7.67578, -6.68772, 6.9378],
			"to": [8.32422, -6.56272, 7.13312],
			"rotation": {"angle": 0, "axis": "x", "origin": [8, 8.06298, 7.84796]},
			"faces": {
				"north": {"uv": [14.42969, 1.25, 16, 0.75], "rotation": 180, "texture": "#2"},
				"east": {"uv": [14.42969, 1.25, 16, 0.75], "rotation": 180, "texture": "#2"},
				"south": {"uv": [14.42969, 1.25, 16, 0.75], "rotation": 180, "texture": "#2"},
				"west": {"uv": [14.42969, 1.25, 16, 0.75], "rotation": 180, "texture": "#2"},
				"up": {"uv": [14.42969, 1.25, 16, 0.75], "texture": "#2"},
				"down": {"uv": [14.42969, 1.25, 16, 0.75], "texture": "#2"}
			}
		},
		{
			"from": [8.125, -6.66038, 7.09796],
			"to": [8.25, 22.83962, 8.59796],
			"rotation": {"angle": 0, "axis": "x", "origin": [8, 8.06298, 7.84796]},
			"faces": {
				"north": {"uv": [12.5, 16, 14, 0], "rotation": 180, "texture": "#2"},
				"east": {"uv": [12.5, 16, 14, 0], "rotation": 180, "texture": "#2"},
				"south": {"uv": [12.5, 16, 14, 0], "rotation": 180, "texture": "#2"},
				"west": {"uv": [12.5, 16, 14, 0], "rotation": 180, "texture": "#2"},
				"up": {"uv": [12.5, 16, 14, 0], "texture": "#2"},
				"down": {"uv": [12.5, 16, 14, 0], "texture": "#2"}
			}
		},
		{
			"from": [7.75, -6.66038, 7.09796],
			"to": [7.875, 22.83962, 8.59796],
			"rotation": {"angle": 0, "axis": "x", "origin": [8, 8.06298, 7.84796]},
			"faces": {
				"north": {"uv": [9.5, 16, 11, 0], "rotation": 180, "texture": "#2"},
				"east": {"uv": [9.5, 16, 11, 0], "rotation": 180, "texture": "#2"},
				"south": {"uv": [9.5, 16, 11, 0], "rotation": 180, "texture": "#2"},
				"west": {"uv": [9.5, 16, 11, 0], "rotation": 180, "texture": "#2"},
				"up": {"uv": [9.5, 16, 11, 0], "texture": "#2"},
				"down": {"uv": [9.5, 16, 11, 0], "texture": "#2"}
			}
		},
		{
			"from": [7.875, -6.66038, 8.47296],
			"to": [8.125, 22.83962, 8.59796],
			"rotation": {"angle": 0, "axis": "x", "origin": [8, 8.06298, 7.84796]},
			"faces": {
				"north": {"uv": [9, 16, 9.25, 0], "rotation": 180, "texture": "#2"},
				"east": {"uv": [9, 16, 9.25, 0], "rotation": 180, "texture": "#2"},
				"south": {"uv": [9, 16, 9.25, 0], "rotation": 180, "texture": "#2"},
				"west": {"uv": [9, 16, 9.25, 0], "rotation": 180, "texture": "#2"},
				"up": {"uv": [9, 16, 9.25, 0], "texture": "#2"},
				"down": {"uv": [9, 16, 9.25, 0], "texture": "#2"}
			}
		},
		{
			"from": [7.875, -6.66038, 7.09796],
			"to": [8.125, 22.83962, 7.22296],
			"rotation": {"angle": 0, "axis": "x", "origin": [8, 8.06298, 7.84796]},
			"faces": {
				"north": {"uv": [9, 16, 9.25, 0], "rotation": 180, "texture": "#2"},
				"east": {"uv": [9, 16, 9.25, 0], "rotation": 180, "texture": "#2"},
				"south": {"uv": [9, 16, 9.25, 0], "rotation": 180, "texture": "#2"},
				"west": {"uv": [9, 16, 9.25, 0], "rotation": 180, "texture": "#2"},
				"up": {"uv": [9, 16, 9.25, 0], "texture": "#2"},
				"down": {"uv": [9, 16, 9.25, 0], "texture": "#2"}
			}
		},
		{
			"from": [7.75, 18.5409, -2.32137],
			"to": [8.25, 19.0409, -2.07137],
			"rotation": {"angle": 45, "axis": "x", "origin": [8, 8.06298, 7.84796]},
			"faces": {
				"north": {"uv": [0, 16, 0.5, 15.75], "rotation": 180, "texture": "#2"},
				"east": {"uv": [0.5, 15.75, 0, 16], "texture": "#2"},
				"south": {"uv": [0, 16, 0.5, 15.75], "rotation": 180, "texture": "#2"},
				"west": {"uv": [0.5, 15.75, 0, 16], "texture": "#2"},
				"up": {"uv": [0, 16, 0.5, 15.75], "texture": "#2"},
				"down": {"uv": [0, 16, 0.5, 15.75], "texture": "#2"}
			}
		},
		{
			"from": [7.75, 22.33962, 7.27765],
			"to": [8.25, 23.01931, 8.41827],
			"rotation": {"angle": 0, "axis": "x", "origin": [8, 8.06298, 7.84796]},
			"faces": {
				"north": {"uv": [0, 16, 0.5, 15.75], "rotation": 180, "texture": "#2"},
				"east": {"uv": [0, 16, 0.5, 15.75], "rotation": 180, "texture": "#2"},
				"south": {"uv": [0, 16, 0.5, 15.75], "rotation": 180, "texture": "#2"},
				"west": {"uv": [0, 16, 0.5, 15.75], "rotation": 180, "texture": "#2"},
				"up": {"uv": [0, 16, 0.5, 15.75], "texture": "#2"},
				"down": {"uv": [0, 16, 0.5, 15.75], "texture": "#2"}
			}
		},
		{
			"from": [7.75, 17.98231, -3.12996],
			"to": [8.25, 18.23231, -2.62996],
			"rotation": {"angle": 45, "axis": "x", "origin": [8, 8.06298, 7.84796]},
			"faces": {
				"north": {"uv": [0, 16, 0.5, 15.75], "rotation": 180, "texture": "#2"},
				"east": {"uv": [0.5, 15.75, 0, 16], "texture": "#2"},
				"south": {"uv": [0, 16, 0.5, 15.75], "rotation": 180, "texture": "#2"},
				"west": {"uv": [0.5, 15.75, 0, 16], "texture": "#2"},
				"up": {"uv": [0, 16, 0.5, 15.75], "texture": "#2"},
				"down": {"uv": [0, 16, 0.5, 15.75], "texture": "#2"}
			}
		}
	],
	"display": {
		"thirdperson_righthand": {
			"rotation": [1.25, 0, 0],
			"translation": [0, -1.25, 1.75],
			"scale": [1.1, 1, 1.1]
		},
		"thirdperson_lefthand": {
			"rotation": [9.5, 0, 180],
			"translation": [-2.75, -14.25, 0]
		},
		"firstperson_righthand": {
			"rotation": [-7, 1.87, -5.93],
			"translation": [28.5, 14.25, -28.25],
			"scale": [2, 2, 2]
		},
		"firstperson_lefthand": {
			"rotation": [135, 18, 0],
			"translation": [5.25, -9.75, 7.25],
			"scale": [1.3, 1, 1.3]
		},
		"ground": {
			"rotation": [0, 0, -90],
			"translation": [0, 0.5, 0],
			"scale": [1.2, 1.2, 1.2]
		},
		"gui": {
			"rotation": [-56, -48, -90],
			"translation": [2, 1, 0],
			"scale": [0.58, 0.58, 0.58]
		},
		"head": {
			"scale": [1.2, 1.2, 1.2]
		},
		"fixed": {
			"rotation": [0, -90, 0],
			"translation": [0, 0, -1.5],
			"scale": [1.7, 1.7, 1.7]
		}
	},
	"groups": [
		{
			"name": "sheath",
			"origin": [14, 2.78634, 17.84796],
			"color": 0,
			"children": [
				{
					"name": "group",
					"origin": [14, 17.78634, 17.84796],
					"color": 0,
					"children": [0, 1, 2, 3, 4, 5, 6, 7, 8, 9, 10, 11, 12, 13, 14, 15, 16, 17, 18]
				}
			]
		}
	]
}