{
	"credit": "Made with Blockbench",
	"textures": {
		"1": "stand/custom/breathing_style/insect/skin"
	},
	"elements": [
		{
			"name": "head",
			"from": [4.18, 22.26, 9.06906],
			"to": [11.54, 29.62, 16.42906],
			"rotation": {"angle": 0, "axis": "x", "origin": [7.36, 25.3, 7.36]},
			"faces": {
				"north": {"uv": [2, 2, 4, 4], "texture": "#1"},
				"east": {"uv": [0, 2, 2, 4], "texture": "#1"},
				"south": {"uv": [6, 2, 8, 4], "texture": "#1"},
				"west": {"uv": [4, 2, 6, 4], "texture": "#1"},
				"up": {"uv": [4, 2, 2, 0], "texture": "#1"},
				"down": {"uv": [6, 0, 4, 2], "texture": "#1"}
			}
		},
		{
			"name": "head_2nd_layer",
			"from": [3.72, 21.8, 8.60906],
			"to": [12, 30.08, 16.88906],
			"rotation": {"angle": 0, "axis": "x", "origin": [7.36, 25.3, 7.36]},
			"faces": {
				"north": {"uv": [10, 2, 12, 4], "texture": "#1"},
				"east": {"uv": [8, 2, 10, 4], "texture": "#1"},
				"south": {"uv": [14, 2, 16, 4], "texture": "#1"},
				"west": {"uv": [12, 2, 14, 4], "texture": "#1"},
				"up": {"uv": [12, 2, 10, 0], "texture": "#1"},
				"down": {"uv": [14, 0, 12, 2], "texture": "#1"}
			}
		},
		{
			"name": "body",
			"from": [4, 11.5, 8.5],
			"to": [12, 23.5, 12.5],
			"rotation": {"angle": 22.5, "axis": "x", "origin": [8, 17.5125, 8]},
			"faces": {
				"north": {"uv": [5, 5, 7, 7.98], "texture": "#1"},
				"east": {"uv": [4, 5, 5, 8], "texture": "#1"},
				"south": {"uv": [8, 5, 10, 8], "texture": "#1"},
				"west": {"uv": [7, 5, 8, 7.98], "texture": "#1"},
				"up": {"uv": [7, 5, 5, 4], "texture": "#1"},
				"down": {"uv": [9, 4, 7, 5], "texture": "#1"}
			}
		},
		{
			"name": "body_2nd_layer",
			"from": [4, 11.02, 8],
			"to": [12, 24.03, 13],
			"rotation": {"angle": 22.5, "axis": "x", "origin": [8, 17.5125, 8]},
			"faces": {
				"north": {"uv": [5, 9, 7, 12], "texture": "#1"},
				"east": {"uv": [4, 9, 5, 12], "texture": "#1"},
				"south": {"uv": [8, 9, 10, 12], "texture": "#1"},
				"west": {"uv": [7, 9, 8, 12], "texture": "#1"},
				"up": {"uv": [7, 9, 5, 8], "texture": "#1"},
				"down": {"uv": [9, 8, 7, 9], "texture": "#1"}
			}
		},
		{
			"name": "right_arm",
			"from": [12, 9.65245, 9.49686],
			"to": [16, 21.65245, 13.49686],
			"rotation": {"angle": -22.5, "axis": "x", "origin": [13.9975, 18.90245, 11.49686]},
			"faces": {
				"north": {"uv": [11, 5, 12, 8], "texture": "#1"},
				"east": {"uv": [10, 5, 11, 8], "texture": "#1"},
				"south": {"uv": [13, 5, 14, 8], "texture": "#1"},
				"west": {"uv": [12, 5, 13, 8], "texture": "#1"},
				"up": {"uv": [12, 5, 11, 4], "texture": "#1"},
				"down": {"uv": [13, 4, 12, 5], "texture": "#1"}
			}
		},
		{
			"name": "right_arm_2nd_layer",
			"from": [11.5, 9.15245, 8.99686],
			"to": [16.49, 22.15245, 13.99686],
			"rotation": {"angle": -22.5, "axis": "x", "origin": [13.9975, 18.90245, 11.49686]},
			"faces": {
				"north": {"uv": [11, 9, 12, 12], "texture": "#1"},
				"east": {"uv": [10, 9, 11, 12], "texture": "#1"},
				"south": {"uv": [13, 9, 14, 12], "texture": "#1"},
				"west": {"uv": [12, 9, 13, 12], "texture": "#1"},
				"up": {"uv": [12, 9, 11, 8], "texture": "#1"},
				"down": {"uv": [13, 8, 12, 9], "texture": "#1"}
			}
		},
		{
			"name": "left_arm",
			"from": [0, 15.35235, 5.52802],
			"to": [4, 27.35235, 9.52802],
			"rotation": {"angle": 45, "axis": "x", "origin": [2, 17.35235, 4.77802]},
			"faces": {
				"north": {"uv": [9, 13, 10, 16], "texture": "#1"},
				"east": {"uv": [8, 13, 9, 16], "texture": "#1"},
				"south": {"uv": [11, 13, 12, 16], "texture": "#1"},
				"west": {"uv": [10, 13, 11, 16], "texture": "#1"},
				"up": {"uv": [10, 13, 9, 12], "texture": "#1"},
				"down": {"uv": [11, 12, 10, 13], "texture": "#1"}
			}
		},
		{
			"name": "left_arm_2nd_layer",
			"from": [-0.5, 14.85235, 5.02802],
			"to": [4.5, 27.85235, 10.02802],
			"rotation": {"angle": 45, "axis": "x", "origin": [2, 17.35235, 4.77802]},
			"faces": {
				"north": {"uv": [13, 13, 14, 16], "texture": "#1"},
				"east": {"uv": [12, 13, 13, 16], "texture": "#1"},
				"south": {"uv": [15, 13, 16, 16], "texture": "#1"},
				"west": {"uv": [14, 13, 15, 16], "texture": "#1"},
				"up": {"uv": [14, 13, 13, 12], "texture": "#1"},
				"down": {"uv": [15, 12, 14, 13], "texture": "#1"}
			}
		},
		{
			"name": "right_leg",
			"from": [8, 6.99722, -3.64081],
			"to": [12, 10.99722, 8.35919],
			"rotation": {"angle": -22.5, "axis": "x", "origin": [10, 9.24722, 4.10919]},
			"faces": {
				"north": {"uv": [3, 4, 2, 5], "rotation": 180, "texture": "#1"},
				"east": {"uv": [0, 5, 1, 8], "rotation": 270, "texture": "#1"},
				"south": {"uv": [2, 5, 1, 4], "texture": "#1"},
				"west": {"uv": [2, 5, 3, 8], "rotation": 90, "texture": "#1"},
				"up": {"uv": [1, 5, 2, 8], "rotation": 180, "texture": "#1"},
				"down": {"uv": [3, 5, 4, 8], "texture": "#1"}
			}
		},
		{
			"name": "right_leg_2nd_layer",
			"from": [7.5, 6.49722, -4.14081],
			"to": [12.5, 11.49722, 8.85919],
			"rotation": {"angle": -22.5, "axis": "x", "origin": [10, 9.24722, 4.10919]},
			"faces": {
				"north": {"uv": [3, 8, 2, 9], "rotation": 180, "texture": "#1"},
				"east": {"uv": [0, 9, 1, 12], "rotation": 270, "texture": "#1"},
				"south": {"uv": [2, 9, 1, 8], "texture": "#1"},
				"west": {"uv": [2, 9, 3, 12], "rotation": 90, "texture": "#1"},
				"up": {"uv": [1, 9, 2, 12], "rotation": 180, "texture": "#1"},
				"down": {"uv": [3, 9, 4, 12], "texture": "#1"}
			}
		},
		{
			"from": [12.75, 4.25, 2.75],
			"to": [12.75, 4.8125, 5.75],
			"rotation": {"angle": 22.5, "axis": "x", "origin": [12.75, 4.75, 5.5]},
			"faces": {
				"north": {"uv": [8.5, 5.5, 8.75, 5.75], "texture": "#1"},
				"east": {"uv": [8.5, 5.5, 8.75, 5.75], "texture": "#1"},
				"south": {"uv": [8.5, 5.5, 8.75, 5.75], "texture": "#1"},
				"west": {"uv": [8.5, 5.5, 8.75, 5.75], "texture": "#1"},
				"up": {"uv": [8.5, 5.5, 8.75, 5.75], "texture": "#1"},
				"down": {"uv": [8.5, 5.5, 8.75, 5.75], "texture": "#1"}
			}
		},
		{
			"from": [12.75, 4.25, 5.5],
			"to": [12.75, 4.8125, 8.5],
			"rotation": {"angle": 0, "axis": "x", "origin": [12.75, 4.75, 5.5]},
			"faces": {
				"north": {"uv": [8.5, 5.5, 8.75, 5.75], "texture": "#1"},
				"east": {"uv": [8.5, 5.5, 8.75, 5.75], "texture": "#1"},
				"south": {"uv": [8.5, 5.5, 8.75, 5.75], "texture": "#1"},
				"west": {"uv": [8.5, 5.5, 8.75, 5.75], "texture": "#1"},
				"up": {"uv": [8.5, 5.5, 8.75, 5.75], "texture": "#1"},
				"down": {"uv": [8.5, 5.5, 8.75, 5.75], "texture": "#1"}
			}
		},
		{
			"from": [12.5625, 5.25, 6.57422],
			"to": [12.5625, 5.64453, 10.16016],
			"rotation": {"angle": 0, "axis": "x", "origin": [12.75, 4.75, 5.5]},
			"faces": {
				"north": {"uv": [8.5, 5.5, 8.75, 5.75], "texture": "#1"},
				"east": {"uv": [8.5, 5.5, 8.75, 5.75], "texture": "#1"},
				"south": {"uv": [8.5, 5.5, 8.75, 5.75], "texture": "#1"},
				"west": {"uv": [8.5, 5.5, 8.75, 5.75], "texture": "#1"},
				"up": {"uv": [8.5, 5.5, 8.75, 5.75], "texture": "#1"},
				"down": {"uv": [8.5, 5.5, 8.75, 5.75], "texture": "#1"}
			}
		},
		{
			"name": "left_leg",
			"from": [4, -0.5, 6.875],
			"to": [8, 11.5, 10.875],
			"rotation": {"angle": 0, "axis": "x", "origin": [6, 5.5, 8]},
			"faces": {
				"north": {"uv": [5, 13, 6, 16], "texture": "#1"},
				"east": {"uv": [4, 13, 5, 16], "texture": "#1"},
				"south": {"uv": [7, 13, 8, 16], "texture": "#1"},
				"west": {"uv": [6, 13, 7, 16], "texture": "#1"},
				"up": {"uv": [6, 13, 5, 12], "texture": "#1"},
				"down": {"uv": [7, 12, 6, 13], "texture": "#1"}
			}
		},
		{
			"name": "left_leg_2nd_layer",
			"from": [3.5, -1, 6.375],
			"to": [8.5, 12, 11.375],
			"rotation": {"angle": 0, "axis": "x", "origin": [6, 5.5, 8]},
			"faces": {
				"north": {"uv": [1, 13, 2, 16], "texture": "#1"},
				"east": {"uv": [0, 13, 1, 16], "texture": "#1"},
				"south": {"uv": [3, 13, 4, 16], "texture": "#1"},
				"west": {"uv": [2, 13, 3, 16], "texture": "#1"},
				"up": {"uv": [2, 12, 1, 11], "texture": "#1"},
				"down": {"uv": [3, 12, 2, 13], "texture": "#1"}
			}
		}
	],
	"display": {
		"head": {
			"translation": [0, -29.5, -4.25],
			"scale": [1.6, 1.6, 1.6]
		}
	},
	"groups": [
		{
			"name": "steve",
			"origin": [8, 8, 8],
			"color": 0,
			"children": [
				{
					"name": "group",
					"origin": [0, 0, 0],
					"color": 0,
					"children": [0, 1]
				},
				{
					"name": "group",
					"origin": [0, 0, 0],
					"color": 0,
					"children": [2, 3]
				},
				{
					"name": "group",
					"origin": [0, 0, 0],
					"color": 0,
					"children": [4, 5]
				},
				{
					"name": "group",
					"origin": [0, 0, 0],
					"color": 0,
					"children": [6, 7]
				},
				{
					"name": "group",
					"origin": [0, 0, 0],
					"color": 0,
					"children": [8, 9, 10, 11, 12]
				},
				{
					"name": "group",
					"origin": [0, 0, 0],
					"color": 0,
					"children": [13, 14]
				}
			]
		}
	]
}