{
	"credit": "Made with Blockbench",
	"textures": {
		"0": "stand/star_platinum/skin",
		"particle": "stand/star_platinum/skin"
	},
	"elements": [
		{
			"name": "right_arm_2nd_layer",
			"from": [11.85056, 5.41111, 7.95278],
			"to": [16.84056, 10.61111, 20.85278],
			"rotation": {"angle": 22.5, "axis": "y", "origin": [7.5, 1, 5]},
			"faces": {
				"north": {"uv": [13, 8, 12, 9], "rotation": 180, "texture": "#0"},
				"east": {"uv": [10, 9, 11, 12], "rotation": 270, "texture": "#0"},
				"south": {"uv": [12, 9, 11, 8], "texture": "#0"},
				"west": {"uv": [12, 9, 13, 12], "rotation": 90, "texture": "#0"},
				"up": {"uv": [11, 9, 12, 12], "rotation": 180, "texture": "#0"},
				"down": {"uv": [13, 9, 14, 12], "texture": "#0"}
			}
		},
		{
			"from": [11.85056, 5.51111, 7.75278],
			"to": [16.85056, 10.51111, 9.75278],
			"rotation": {"angle": 22.5, "axis": "y", "origin": [7.5, 1, 5]},
			"faces": {
				"north": {"uv": [5.75, 15, 6.75, 16], "rotation": 180, "texture": "#0"},
				"east": {"uv": [9.25, 15.5, 11.75, 16], "rotation": 270, "texture": "#0"},
				"south": {"uv": [5.75, 15, 6.75, 16], "rotation": 180, "texture": "#0"},
				"west": {"uv": [5.75, 15, 6.75, 16], "rotation": 180, "texture": "#0"},
				"up": {"uv": [5.75, 15, 6.75, 16], "rotation": 180, "texture": "#0"},
				"down": {"uv": [5.75, 15, 6.75, 16], "rotation": 180, "texture": "#0"}
			}
		},
		{
			"from": [12.35056, 6.01111, 7.60278],
			"to": [16.35056, 10.01111, 7.85278],
			"rotation": {"angle": 22.5, "axis": "y", "origin": [7.5, 1, 5]},
			"faces": {
				"north": {"uv": [6.5, 12.5, 6.75, 13], "rotation": 180, "texture": "#0"},
				"east": {"uv": [6.5, 12.5, 6.75, 13], "rotation": 180, "texture": "#0"},
				"south": {"uv": [6.5, 12.5, 6.75, 13], "rotation": 180, "texture": "#0"},
				"west": {"uv": [6.5, 12.5, 6.75, 13], "rotation": 180, "texture": "#0"},
				"up": {"uv": [6.5, 12.5, 6.75, 13], "rotation": 180, "texture": "#0"},
				"down": {"uv": [6.5, 12.5, 6.75, 13], "rotation": 180, "texture": "#0"}
			}
		},
		{
			"from": [16.10056, 9.26111, 8.10278],
			"to": [17.10056, 10.26111, 9.10278],
			"rotation": {"angle": 22.5, "axis": "y", "origin": [7.5, 1, 5]},
			"faces": {
				"north": {"uv": [13.75, 15.75, 14, 16], "rotation": 270, "texture": "#0"},
				"east": {"uv": [13.75, 15.75, 14, 16], "rotation": 270, "texture": "#0"},
				"south": {"uv": [13.75, 15.75, 14, 16], "rotation": 270, "texture": "#0"},
				"west": {"uv": [13.75, 15.75, 14, 16], "rotation": 270, "texture": "#0"},
				"up": {"uv": [13.75, 15.75, 14, 16], "rotation": 270, "texture": "#0"},
				"down": {"uv": [13.75, 15.75, 14, 16], "rotation": 270, "texture": "#0"}
			}
		},
		{
			"from": [16.10056, 8.06111, 8.10278],
			"to": [17.10056, 9.06111, 9.10278],
			"rotation": {"angle": 22.5, "axis": "y", "origin": [7.5, 1, 5]},
			"faces": {
				"north": {"uv": [13.75, 15.75, 14, 16], "rotation": 270, "texture": "#0"},
				"east": {"uv": [13.75, 15.75, 14, 16], "rotation": 270, "texture": "#0"},
				"south": {"uv": [13.75, 15.75, 14, 16], "rotation": 270, "texture": "#0"},
				"west": {"uv": [13.75, 15.75, 14, 16], "rotation": 270, "texture": "#0"},
				"up": {"uv": [13.75, 15.75, 14, 16], "rotation": 270, "texture": "#0"},
				"down": {"uv": [13.75, 15.75, 14, 16], "rotation": 270, "texture": "#0"}
			}
		},
		{
			"from": [16.10056, 6.86111, 8.10278],
			"to": [17.10056, 7.86111, 9.10278],
			"rotation": {"angle": 22.5, "axis": "y", "origin": [7.5, 1, 5]},
			"faces": {
				"north": {"uv": [13.75, 15.75, 14, 16], "rotation": 270, "texture": "#0"},
				"east": {"uv": [13.75, 15.75, 14, 16], "rotation": 270, "texture": "#0"},
				"south": {"uv": [13.75, 15.75, 14, 16], "rotation": 270, "texture": "#0"},
				"west": {"uv": [13.75, 15.75, 14, 16], "rotation": 270, "texture": "#0"},
				"up": {"uv": [13.75, 15.75, 14, 16], "rotation": 270, "texture": "#0"},
				"down": {"uv": [13.75, 15.75, 14, 16], "rotation": 270, "texture": "#0"}
			}
		},
		{
			"from": [16.10056, 5.66111, 8.10278],
			"to": [17.10056, 6.66111, 9.10278],
			"rotation": {"angle": 22.5, "axis": "y", "origin": [7.5, 1, 5]},
			"faces": {
				"north": {"uv": [13.75, 15.75, 14, 16], "rotation": 270, "texture": "#0"},
				"east": {"uv": [13.75, 15.75, 14, 16], "rotation": 270, "texture": "#0"},
				"south": {"uv": [13.75, 15.75, 14, 16], "rotation": 270, "texture": "#0"},
				"west": {"uv": [13.75, 15.75, 14, 16], "rotation": 270, "texture": "#0"},
				"up": {"uv": [13.75, 15.75, 14, 16], "rotation": 270, "texture": "#0"},
				"down": {"uv": [13.75, 15.75, 14, 16], "rotation": 270, "texture": "#0"}
			}
		},
		{
			"from": [14.85056, 5.71111, 9.85278],
			"to": [16.55056, 10.31111, 11.85278],
			"rotation": {"angle": 22.5, "axis": "y", "origin": [7.5, 1, 5]},
			"faces": {
				"north": {"uv": [0, 0, 1.7, 4.6], "rotation": 180, "texture": "#0"},
				"east": {"uv": [9.75, 15.75, 11.25, 16], "rotation": 270, "texture": "#0"},
				"south": {"uv": [5.75, 15, 6.75, 16], "rotation": 180, "texture": "#0"},
				"west": {"uv": [5.75, 15, 6.75, 16], "rotation": 180, "texture": "#0"},
				"up": {"uv": [5.75, 15, 6.75, 16], "rotation": 180, "texture": "#0"},
				"down": {"uv": [5.75, 15, 6.75, 16], "rotation": 180, "texture": "#0"}
			}
		},
		{
			"name": "right_arm",
			"from": [12.35056, 6.11111, 7.85278],
			"to": [16.35056, 10.11111, 19.85278],
			"rotation": {"angle": 22.5, "axis": "y", "origin": [7.5, 1, 5]},
			"faces": {
				"north": {"uv": [13, 4, 12, 5], "rotation": 180, "texture": "#0"},
				"east": {"uv": [10, 5, 11, 8], "rotation": 270, "texture": "#0"},
				"south": {"uv": [12, 5, 11, 4], "texture": "#0"},
				"west": {"uv": [12, 5, 13, 8], "rotation": 90, "texture": "#0"},
				"up": {"uv": [11, 5, 12, 8], "rotation": 180, "texture": "#0"},
				"down": {"uv": [13, 5, 14, 8], "texture": "#0"}
			}
		},
		{
			"name": "right_arm_2nd_layer",
			"from": [12.10467, -6.63594, 1.62389],
			"to": [16.29627, -2.26794, 12.45989],
			"rotation": {"angle": -45, "axis": "z", "origin": [15.1702, -4.46127, 3.34356]},
			"faces": {
				"north": {"uv": [13, 8, 12, 9], "rotation": 180, "texture": "#0"},
				"east": {"uv": [10, 9, 11, 12], "rotation": 270, "texture": "#0"},
				"south": {"uv": [12, 9, 11, 8], "texture": "#0"},
				"west": {"uv": [12, 9, 13, 12], "rotation": 90, "texture": "#0"},
				"up": {"uv": [11, 9, 12, 12], "rotation": 180, "texture": "#0"},
				"down": {"uv": [13, 9, 14, 12], "texture": "#0"}
			}
		},
		{
			"from": [12.10467, -6.55194, 1.45589],
			"to": [16.30467, -2.35194, 3.13589],
			"rotation": {"angle": -45, "axis": "z", "origin": [15.1702, -4.46127, 3.34356]},
			"faces": {
				"north": {"uv": [5.75, 15, 6.75, 16], "rotation": 180, "texture": "#0"},
				"east": {"uv": [9.25, 15.5, 11.75, 16], "rotation": 270, "texture": "#0"},
				"south": {"uv": [5.75, 15, 6.75, 16], "rotation": 180, "texture": "#0"},
				"west": {"uv": [5.75, 15, 6.75, 16], "rotation": 180, "texture": "#0"},
				"up": {"uv": [5.75, 15, 6.75, 16], "rotation": 180, "texture": "#0"},
				"down": {"uv": [5.75, 15, 6.75, 16], "rotation": 180, "texture": "#0"}
			}
		},
		{
			"from": [12.52467, -6.13194, 1.32989],
			"to": [15.88467, -2.77194, 1.53989],
			"rotation": {"angle": -45, "axis": "z", "origin": [15.1702, -4.46127, 3.34356]},
			"faces": {
				"north": {"uv": [6.5, 12.5, 6.75, 13], "rotation": 180, "texture": "#0"},
				"east": {"uv": [6.5, 12.5, 6.75, 13], "rotation": 180, "texture": "#0"},
				"south": {"uv": [6.5, 12.5, 6.75, 13], "rotation": 180, "texture": "#0"},
				"west": {"uv": [6.5, 12.5, 6.75, 13], "rotation": 180, "texture": "#0"},
				"up": {"uv": [6.5, 12.5, 6.75, 13], "rotation": 180, "texture": "#0"},
				"down": {"uv": [6.5, 12.5, 6.75, 13], "rotation": 180, "texture": "#0"}
			}
		},
		{
			"from": [15.67467, -3.40194, 1.74989],
			"to": [16.51467, -2.56194, 2.58989],
			"rotation": {"angle": -45, "axis": "z", "origin": [15.1702, -4.46127, 3.34356]},
			"faces": {
				"north": {"uv": [13.75, 15.75, 14, 16], "rotation": 270, "texture": "#0"},
				"east": {"uv": [13.75, 15.75, 14, 16], "rotation": 270, "texture": "#0"},
				"south": {"uv": [13.75, 15.75, 14, 16], "rotation": 270, "texture": "#0"},
				"west": {"uv": [13.75, 15.75, 14, 16], "rotation": 270, "texture": "#0"},
				"up": {"uv": [13.75, 15.75, 14, 16], "rotation": 270, "texture": "#0"},
				"down": {"uv": [13.75, 15.75, 14, 16], "rotation": 270, "texture": "#0"}
			}
		},
		{
			"from": [15.67467, -4.40994, 1.74989],
			"to": [16.51467, -3.56994, 2.58989],
			"rotation": {"angle": -45, "axis": "z", "origin": [15.1702, -4.46127, 3.34356]},
			"faces": {
				"north": {"uv": [13.75, 15.75, 14, 16], "rotation": 270, "texture": "#0"},
				"east": {"uv": [13.75, 15.75, 14, 16], "rotation": 270, "texture": "#0"},
				"south": {"uv": [13.75, 15.75, 14, 16], "rotation": 270, "texture": "#0"},
				"west": {"uv": [13.75, 15.75, 14, 16], "rotation": 270, "texture": "#0"},
				"up": {"uv": [13.75, 15.75, 14, 16], "rotation": 270, "texture": "#0"},
				"down": {"uv": [13.75, 15.75, 14, 16], "rotation": 270, "texture": "#0"}
			}
		},
		{
			"from": [15.67467, -5.41794, 1.74989],
			"to": [16.51467, -4.57794, 2.58989],
			"rotation": {"angle": -45, "axis": "z", "origin": [15.1702, -4.46127, 3.34356]},
			"faces": {
				"north": {"uv": [13.75, 15.75, 14, 16], "rotation": 270, "texture": "#0"},
				"east": {"uv": [13.75, 15.75, 14, 16], "rotation": 270, "texture": "#0"},
				"south": {"uv": [13.75, 15.75, 14, 16], "rotation": 270, "texture": "#0"},
				"west": {"uv": [13.75, 15.75, 14, 16], "rotation": 270, "texture": "#0"},
				"up": {"uv": [13.75, 15.75, 14, 16], "rotation": 270, "texture": "#0"},
				"down": {"uv": [13.75, 15.75, 14, 16], "rotation": 270, "texture": "#0"}
			}
		},
		{
			"from": [15.67467, -6.42594, 1.74989],
			"to": [16.51467, -5.58594, 2.58989],
			"rotation": {"angle": -45, "axis": "z", "origin": [15.1702, -4.46127, 3.34356]},
			"faces": {
				"north": {"uv": [13.75, 15.75, 14, 16], "rotation": 270, "texture": "#0"},
				"east": {"uv": [13.75, 15.75, 14, 16], "rotation": 270, "texture": "#0"},
				"south": {"uv": [13.75, 15.75, 14, 16], "rotation": 270, "texture": "#0"},
				"west": {"uv": [13.75, 15.75, 14, 16], "rotation": 270, "texture": "#0"},
				"up": {"uv": [13.75, 15.75, 14, 16], "rotation": 270, "texture": "#0"},
				"down": {"uv": [13.75, 15.75, 14, 16], "rotation": 270, "texture": "#0"}
			}
		},
		{
			"from": [14.62467, -6.38394, 3.21989],
			"to": [16.05267, -2.51994, 4.89989],
			"rotation": {"angle": -45, "axis": "z", "origin": [15.1702, -4.46127, 3.34356]},
			"faces": {
				"north": {"uv": [0, 0, 1.7, 4.6], "rotation": 180, "texture": "#0"},
				"east": {"uv": [9.75, 15.75, 11.25, 16], "rotation": 270, "texture": "#0"},
				"south": {"uv": [5.75, 15, 6.75, 16], "rotation": 180, "texture": "#0"},
				"west": {"uv": [5.75, 15, 6.75, 16], "rotation": 180, "texture": "#0"},
				"up": {"uv": [5.75, 15, 6.75, 16], "rotation": 180, "texture": "#0"},
				"down": {"uv": [5.75, 15, 6.75, 16], "rotation": 180, "texture": "#0"}
			}
		},
		{
			"name": "right_arm",
			"from": [12.52467, -6.04794, 1.53989],
			"to": [15.88467, -2.68794, 11.61989],
			"rotation": {"angle": -45, "axis": "z", "origin": [15.1702, -4.46127, 3.34356]},
			"faces": {
				"north": {"uv": [13, 4, 12, 5], "rotation": 180, "texture": "#0"},
				"east": {"uv": [10, 5, 11, 8], "rotation": 270, "texture": "#0"},
				"south": {"uv": [12, 5, 11, 4], "texture": "#0"},
				"west": {"uv": [12, 5, 13, 8], "rotation": 90, "texture": "#0"},
				"up": {"uv": [11, 5, 12, 8], "rotation": 180, "texture": "#0"},
				"down": {"uv": [13, 5, 14, 8], "texture": "#0"}
			}
		},
		{
			"name": "right_arm_2nd_layer",
			"from": [25.10467, 6.36406, -7.37611],
			"to": [29.29627, 10.73206, 3.45989],
			"rotation": {"angle": 45, "axis": "z", "origin": [15.1702, -4.46127, 3.34356]},
			"faces": {
				"north": {"uv": [13, 8, 12, 9], "rotation": 180, "texture": "#0"},
				"east": {"uv": [10, 9, 11, 12], "rotation": 270, "texture": "#0"},
				"south": {"uv": [12, 9, 11, 8], "texture": "#0"},
				"west": {"uv": [12, 9, 13, 12], "rotation": 90, "texture": "#0"},
				"up": {"uv": [11, 9, 12, 12], "rotation": 180, "texture": "#0"},
				"down": {"uv": [13, 9, 14, 12], "texture": "#0"}
			}
		},
		{
			"from": [25.10467, 6.44806, -7.54411],
			"to": [29.30467, 10.64806, -5.86411],
			"rotation": {"angle": 45, "axis": "z", "origin": [15.1702, -4.46127, 3.34356]},
			"faces": {
				"north": {"uv": [5.75, 15, 6.75, 16], "rotation": 180, "texture": "#0"},
				"east": {"uv": [9.25, 15.5, 11.75, 16], "rotation": 270, "texture": "#0"},
				"south": {"uv": [5.75, 15, 6.75, 16], "rotation": 180, "texture": "#0"},
				"west": {"uv": [5.75, 15, 6.75, 16], "rotation": 180, "texture": "#0"},
				"up": {"uv": [5.75, 15, 6.75, 16], "rotation": 180, "texture": "#0"},
				"down": {"uv": [5.75, 15, 6.75, 16], "rotation": 180, "texture": "#0"}
			}
		},
		{
			"from": [25.52467, 6.86806, -7.67011],
			"to": [28.88467, 10.22806, -7.46011],
			"rotation": {"angle": 45, "axis": "z", "origin": [15.1702, -4.46127, 3.34356]},
			"faces": {
				"north": {"uv": [6.5, 12.5, 6.75, 13], "rotation": 180, "texture": "#0"},
				"east": {"uv": [6.5, 12.5, 6.75, 13], "rotation": 180, "texture": "#0"},
				"south": {"uv": [6.5, 12.5, 6.75, 13], "rotation": 180, "texture": "#0"},
				"west": {"uv": [6.5, 12.5, 6.75, 13], "rotation": 180, "texture": "#0"},
				"up": {"uv": [6.5, 12.5, 6.75, 13], "rotation": 180, "texture": "#0"},
				"down": {"uv": [6.5, 12.5, 6.75, 13], "rotation": 180, "texture": "#0"}
			}
		},
		{
			"from": [28.67467, 9.59806, -7.25011],
			"to": [29.51467, 10.43806, -6.41011],
			"rotation": {"angle": 45, "axis": "z", "origin": [15.1702, -4.46127, 3.34356]},
			"faces": {
				"north": {"uv": [13.75, 15.75, 14, 16], "rotation": 270, "texture": "#0"},
				"east": {"uv": [13.75, 15.75, 14, 16], "rotation": 270, "texture": "#0"},
				"south": {"uv": [13.75, 15.75, 14, 16], "rotation": 270, "texture": "#0"},
				"west": {"uv": [13.75, 15.75, 14, 16], "rotation": 270, "texture": "#0"},
				"up": {"uv": [13.75, 15.75, 14, 16], "rotation": 270, "texture": "#0"},
				"down": {"uv": [13.75, 15.75, 14, 16], "rotation": 270, "texture": "#0"}
			}
		},
		{
			"from": [28.67467, 8.59006, -7.25011],
			"to": [29.51467, 9.43006, -6.41011],
			"rotation": {"angle": 45, "axis": "z", "origin": [15.1702, -4.46127, 3.34356]},
			"faces": {
				"north": {"uv": [13.75, 15.75, 14, 16], "rotation": 270, "texture": "#0"},
				"east": {"uv": [13.75, 15.75, 14, 16], "rotation": 270, "texture": "#0"},
				"south": {"uv": [13.75, 15.75, 14, 16], "rotation": 270, "texture": "#0"},
				"west": {"uv": [13.75, 15.75, 14, 16], "rotation": 270, "texture": "#0"},
				"up": {"uv": [13.75, 15.75, 14, 16], "rotation": 270, "texture": "#0"},
				"down": {"uv": [13.75, 15.75, 14, 16], "rotation": 270, "texture": "#0"}
			}
		},
		{
			"from": [28.67467, 7.58206, -7.25011],
			"to": [29.51467, 8.42206, -6.41011],
			"rotation": {"angle": 45, "axis": "z", "origin": [15.1702, -4.46127, 3.34356]},
			"faces": {
				"north": {"uv": [13.75, 15.75, 14, 16], "rotation": 270, "texture": "#0"},
				"east": {"uv": [13.75, 15.75, 14, 16], "rotation": 270, "texture": "#0"},
				"south": {"uv": [13.75, 15.75, 14, 16], "rotation": 270, "texture": "#0"},
				"west": {"uv": [13.75, 15.75, 14, 16], "rotation": 270, "texture": "#0"},
				"up": {"uv": [13.75, 15.75, 14, 16], "rotation": 270, "texture": "#0"},
				"down": {"uv": [13.75, 15.75, 14, 16], "rotation": 270, "texture": "#0"}
			}
		},
		{
			"from": [28.67467, 6.57406, -7.25011],
			"to": [29.51467, 7.41406, -6.41011],
			"rotation": {"angle": 45, "axis": "z", "origin": [15.1702, -4.46127, 3.34356]},
			"faces": {
				"north": {"uv": [13.75, 15.75, 14, 16], "rotation": 270, "texture": "#0"},
				"east": {"uv": [13.75, 15.75, 14, 16], "rotation": 270, "texture": "#0"},
				"south": {"uv": [13.75, 15.75, 14, 16], "rotation": 270, "texture": "#0"},
				"west": {"uv": [13.75, 15.75, 14, 16], "rotation": 270, "texture": "#0"},
				"up": {"uv": [13.75, 15.75, 14, 16], "rotation": 270, "texture": "#0"},
				"down": {"uv": [13.75, 15.75, 14, 16], "rotation": 270, "texture": "#0"}
			}
		},
		{
			"from": [27.62467, 6.61606, -5.78011],
			"to": [29.05267, 10.48006, -4.10011],
			"rotation": {"angle": 45, "axis": "z", "origin": [15.1702, -4.46127, 3.34356]},
			"faces": {
				"north": {"uv": [0, 0, 1.7, 4.6], "rotation": 180, "texture": "#0"},
				"east": {"uv": [9.75, 15.75, 11.25, 16], "rotation": 270, "texture": "#0"},
				"south": {"uv": [5.75, 15, 6.75, 16], "rotation": 180, "texture": "#0"},
				"west": {"uv": [5.75, 15, 6.75, 16], "rotation": 180, "texture": "#0"},
				"up": {"uv": [5.75, 15, 6.75, 16], "rotation": 180, "texture": "#0"},
				"down": {"uv": [5.75, 15, 6.75, 16], "rotation": 180, "texture": "#0"}
			}
		},
		{
			"name": "right_arm",
			"from": [25.52467, 6.95206, -7.46011],
			"to": [28.88467, 10.31206, 2.61989],
			"rotation": {"angle": 45, "axis": "z", "origin": [15.1702, -4.46127, 3.34356]},
			"faces": {
				"north": {"uv": [13, 4, 12, 5], "rotation": 180, "texture": "#0"},
				"east": {"uv": [10, 5, 11, 8], "rotation": 270, "texture": "#0"},
				"south": {"uv": [12, 5, 11, 4], "texture": "#0"},
				"west": {"uv": [12, 5, 13, 8], "rotation": 90, "texture": "#0"},
				"up": {"uv": [11, 5, 12, 8], "rotation": 180, "texture": "#0"},
				"down": {"uv": [13, 5, 14, 8], "texture": "#0"}
			}
		},
		{
			"name": "right_arm_2nd_layer",
			"from": [18.85056, -2.58889, 11.95278],
			"to": [23.84056, 2.61111, 24.85278],
			"rotation": {"angle": 0, "axis": "y", "origin": [7.5, 1, 5]},
			"faces": {
				"north": {"uv": [13, 8, 12, 9], "rotation": 180, "texture": "#0"},
				"east": {"uv": [10, 9, 11, 12], "rotation": 270, "texture": "#0"},
				"south": {"uv": [12, 9, 11, 8], "texture": "#0"},
				"west": {"uv": [12, 9, 13, 12], "rotation": 90, "texture": "#0"},
				"up": {"uv": [11, 9, 12, 12], "rotation": 180, "texture": "#0"},
				"down": {"uv": [13, 9, 14, 12], "texture": "#0"}
			}
		},
		{
			"from": [18.85056, -2.48889, 11.75278],
			"to": [23.85056, 2.51111, 13.75278],
			"rotation": {"angle": 0, "axis": "y", "origin": [7.5, 1, 5]},
			"faces": {
				"north": {"uv": [5.75, 15, 6.75, 16], "rotation": 180, "texture": "#0"},
				"east": {"uv": [9.25, 15.5, 11.75, 16], "rotation": 270, "texture": "#0"},
				"south": {"uv": [5.75, 15, 6.75, 16], "rotation": 180, "texture": "#0"},
				"west": {"uv": [5.75, 15, 6.75, 16], "rotation": 180, "texture": "#0"},
				"up": {"uv": [5.75, 15, 6.75, 16], "rotation": 180, "texture": "#0"},
				"down": {"uv": [5.75, 15, 6.75, 16], "rotation": 180, "texture": "#0"}
			}
		},
		{
			"from": [19.35056, -1.98889, 11.60278],
			"to": [23.35056, 2.01111, 11.85278],
			"rotation": {"angle": 0, "axis": "y", "origin": [7.5, 1, 5]},
			"faces": {
				"north": {"uv": [6.5, 12.5, 6.75, 13], "rotation": 180, "texture": "#0"},
				"east": {"uv": [6.5, 12.5, 6.75, 13], "rotation": 180, "texture": "#0"},
				"south": {"uv": [6.5, 12.5, 6.75, 13], "rotation": 180, "texture": "#0"},
				"west": {"uv": [6.5, 12.5, 6.75, 13], "rotation": 180, "texture": "#0"},
				"up": {"uv": [6.5, 12.5, 6.75, 13], "rotation": 180, "texture": "#0"},
				"down": {"uv": [6.5, 12.5, 6.75, 13], "rotation": 180, "texture": "#0"}
			}
		},
		{
			"from": [23.10056, 1.26111, 12.10278],
			"to": [24.10056, 2.26111, 13.10278],
			"rotation": {"angle": 0, "axis": "y", "origin": [7.5, 1, 5]},
			"faces": {
				"north": {"uv": [13.75, 15.75, 14, 16], "rotation": 270, "texture": "#0"},
				"east": {"uv": [13.75, 15.75, 14, 16], "rotation": 270, "texture": "#0"},
				"south": {"uv": [13.75, 15.75, 14, 16], "rotation": 270, "texture": "#0"},
				"west": {"uv": [13.75, 15.75, 14, 16], "rotation": 270, "texture": "#0"},
				"up": {"uv": [13.75, 15.75, 14, 16], "rotation": 270, "texture": "#0"},
				"down": {"uv": [13.75, 15.75, 14, 16], "rotation": 270, "texture": "#0"}
			}
		},
		{
			"from": [23.10056, 0.06111, 12.10278],
			"to": [24.10056, 1.06111, 13.10278],
			"rotation": {"angle": 0, "axis": "y", "origin": [7.5, 1, 5]},
			"faces": {
				"north": {"uv": [13.75, 15.75, 14, 16], "rotation": 270, "texture": "#0"},
				"east": {"uv": [13.75, 15.75, 14, 16], "rotation": 270, "texture": "#0"},
				"south": {"uv": [13.75, 15.75, 14, 16], "rotation": 270, "texture": "#0"},
				"west": {"uv": [13.75, 15.75, 14, 16], "rotation": 270, "texture": "#0"},
				"up": {"uv": [13.75, 15.75, 14, 16], "rotation": 270, "texture": "#0"},
				"down": {"uv": [13.75, 15.75, 14, 16], "rotation": 270, "texture": "#0"}
			}
		},
		{
			"from": [23.10056, -1.13889, 12.10278],
			"to": [24.10056, -0.13889, 13.10278],
			"rotation": {"angle": 0, "axis": "y", "origin": [7.5, 1, 5]},
			"faces": {
				"north": {"uv": [13.75, 15.75, 14, 16], "rotation": 270, "texture": "#0"},
				"east": {"uv": [13.75, 15.75, 14, 16], "rotation": 270, "texture": "#0"},
				"south": {"uv": [13.75, 15.75, 14, 16], "rotation": 270, "texture": "#0"},
				"west": {"uv": [13.75, 15.75, 14, 16], "rotation": 270, "texture": "#0"},
				"up": {"uv": [13.75, 15.75, 14, 16], "rotation": 270, "texture": "#0"},
				"down": {"uv": [13.75, 15.75, 14, 16], "rotation": 270, "texture": "#0"}
			}
		},
		{
			"from": [23.10056, -2.33889, 12.10278],
			"to": [24.10056, -1.33889, 13.10278],
			"rotation": {"angle": 0, "axis": "y", "origin": [7.5, 1, 5]},
			"faces": {
				"north": {"uv": [13.75, 15.75, 14, 16], "rotation": 270, "texture": "#0"},
				"east": {"uv": [13.75, 15.75, 14, 16], "rotation": 270, "texture": "#0"},
				"south": {"uv": [13.75, 15.75, 14, 16], "rotation": 270, "texture": "#0"},
				"west": {"uv": [13.75, 15.75, 14, 16], "rotation": 270, "texture": "#0"},
				"up": {"uv": [13.75, 15.75, 14, 16], "rotation": 270, "texture": "#0"},
				"down": {"uv": [13.75, 15.75, 14, 16], "rotation": 270, "texture": "#0"}
			}
		},
		{
			"from": [21.85056, -2.28889, 13.85278],
			"to": [23.55056, 2.31111, 15.85278],
			"rotation": {"angle": 0, "axis": "y", "origin": [7.5, 1, 5]},
			"faces": {
				"north": {"uv": [0, 0, 1.7, 4.6], "rotation": 180, "texture": "#0"},
				"east": {"uv": [9.75, 15.75, 11.25, 16], "rotation": 270, "texture": "#0"},
				"south": {"uv": [5.75, 15, 6.75, 16], "rotation": 180, "texture": "#0"},
				"west": {"uv": [5.75, 15, 6.75, 16], "rotation": 180, "texture": "#0"},
				"up": {"uv": [5.75, 15, 6.75, 16], "rotation": 180, "texture": "#0"},
				"down": {"uv": [5.75, 15, 6.75, 16], "rotation": 180, "texture": "#0"}
			}
		},
		{
			"name": "right_arm",
			"from": [19.35056, -1.88889, 11.85278],
			"to": [23.35056, 2.11111, 23.85278],
			"rotation": {"angle": 0, "axis": "y", "origin": [7.5, 1, 5]},
			"faces": {
				"north": {"uv": [13, 4, 12, 5], "rotation": 180, "texture": "#0"},
				"east": {"uv": [10, 5, 11, 8], "rotation": 270, "texture": "#0"},
				"south": {"uv": [12, 5, 11, 4], "texture": "#0"},
				"west": {"uv": [12, 5, 13, 8], "rotation": 90, "texture": "#0"},
				"up": {"uv": [11, 5, 12, 8], "rotation": 180, "texture": "#0"},
				"down": {"uv": [13, 5, 14, 8], "texture": "#0"}
			}
		},
		{
			"name": "right_arm_2nd_layer",
			"from": [15.85056, -1.58889, -4.04722],
			"to": [20.84056, 3.61111, 8.85278],
			"rotation": {"angle": 22.5, "axis": "y", "origin": [7.5, 1, 5]},
			"faces": {
				"north": {"uv": [13, 8, 12, 9], "rotation": 180, "texture": "#0"},
				"east": {"uv": [10, 9, 11, 12], "rotation": 270, "texture": "#0"},
				"south": {"uv": [12, 9, 11, 8], "texture": "#0"},
				"west": {"uv": [12, 9, 13, 12], "rotation": 90, "texture": "#0"},
				"up": {"uv": [11, 9, 12, 12], "rotation": 180, "texture": "#0"},
				"down": {"uv": [13, 9, 14, 12], "texture": "#0"}
			}
		},
		{
			"from": [15.85056, -1.48889, -4.24722],
			"to": [20.85056, 3.51111, -2.24722],
			"rotation": {"angle": 22.5, "axis": "y", "origin": [7.5, 1, 5]},
			"faces": {
				"north": {"uv": [5.75, 15, 6.75, 16], "rotation": 180, "texture": "#0"},
				"east": {"uv": [9.25, 15.5, 11.75, 16], "rotation": 270, "texture": "#0"},
				"south": {"uv": [5.75, 15, 6.75, 16], "rotation": 180, "texture": "#0"},
				"west": {"uv": [5.75, 15, 6.75, 16], "rotation": 180, "texture": "#0"},
				"up": {"uv": [5.75, 15, 6.75, 16], "rotation": 180, "texture": "#0"},
				"down": {"uv": [5.75, 15, 6.75, 16], "rotation": 180, "texture": "#0"}
			}
		},
		{
			"from": [16.35056, -0.98889, -4.39722],
			"to": [20.35056, 3.01111, -4.14722],
			"rotation": {"angle": 22.5, "axis": "y", "origin": [7.5, 1, 5]},
			"faces": {
				"north": {"uv": [6.5, 12.5, 6.75, 13], "rotation": 180, "texture": "#0"},
				"east": {"uv": [6.5, 12.5, 6.75, 13], "rotation": 180, "texture": "#0"},
				"south": {"uv": [6.5, 12.5, 6.75, 13], "rotation": 180, "texture": "#0"},
				"west": {"uv": [6.5, 12.5, 6.75, 13], "rotation": 180, "texture": "#0"},
				"up": {"uv": [6.5, 12.5, 6.75, 13], "rotation": 180, "texture": "#0"},
				"down": {"uv": [6.5, 12.5, 6.75, 13], "rotation": 180, "texture": "#0"}
			}
		},
		{
			"from": [20.10056, 2.26111, -3.89722],
			"to": [21.10056, 3.26111, -2.89722],
			"rotation": {"angle": 22.5, "axis": "y", "origin": [7.5, 1, 5]},
			"faces": {
				"north": {"uv": [13.75, 15.75, 14, 16], "rotation": 270, "texture": "#0"},
				"east": {"uv": [13.75, 15.75, 14, 16], "rotation": 270, "texture": "#0"},
				"south": {"uv": [13.75, 15.75, 14, 16], "rotation": 270, "texture": "#0"},
				"west": {"uv": [13.75, 15.75, 14, 16], "rotation": 270, "texture": "#0"},
				"up": {"uv": [13.75, 15.75, 14, 16], "rotation": 270, "texture": "#0"},
				"down": {"uv": [13.75, 15.75, 14, 16], "rotation": 270, "texture": "#0"}
			}
		},
		{
			"from": [20.10056, 1.06111, -3.89722],
			"to": [21.10056, 2.06111, -2.89722],
			"rotation": {"angle": 22.5, "axis": "y", "origin": [7.5, 1, 5]},
			"faces": {
				"north": {"uv": [13.75, 15.75, 14, 16], "rotation": 270, "texture": "#0"},
				"east": {"uv": [13.75, 15.75, 14, 16], "rotation": 270, "texture": "#0"},
				"south": {"uv": [13.75, 15.75, 14, 16], "rotation": 270, "texture": "#0"},
				"west": {"uv": [13.75, 15.75, 14, 16], "rotation": 270, "texture": "#0"},
				"up": {"uv": [13.75, 15.75, 14, 16], "rotation": 270, "texture": "#0"},
				"down": {"uv": [13.75, 15.75, 14, 16], "rotation": 270, "texture": "#0"}
			}
		},
		{
			"from": [20.10056, -0.13889, -3.89722],
			"to": [21.10056, 0.86111, -2.89722],
			"rotation": {"angle": 22.5, "axis": "y", "origin": [7.5, 1, 5]},
			"faces": {
				"north": {"uv": [13.75, 15.75, 14, 16], "rotation": 270, "texture": "#0"},
				"east": {"uv": [13.75, 15.75, 14, 16], "rotation": 270, "texture": "#0"},
				"south": {"uv": [13.75, 15.75, 14, 16], "rotation": 270, "texture": "#0"},
				"west": {"uv": [13.75, 15.75, 14, 16], "rotation": 270, "texture": "#0"},
				"up": {"uv": [13.75, 15.75, 14, 16], "rotation": 270, "texture": "#0"},
				"down": {"uv": [13.75, 15.75, 14, 16], "rotation": 270, "texture": "#0"}
			}
		},
		{
			"from": [20.10056, -1.33889, -3.89722],
			"to": [21.10056, -0.33889, -2.89722],
			"rotation": {"angle": 22.5, "axis": "y", "origin": [7.5, 1, 5]},
			"faces": {
				"north": {"uv": [13.75, 15.75, 14, 16], "rotation": 270, "texture": "#0"},
				"east": {"uv": [13.75, 15.75, 14, 16], "rotation": 270, "texture": "#0"},
				"south": {"uv": [13.75, 15.75, 14, 16], "rotation": 270, "texture": "#0"},
				"west": {"uv": [13.75, 15.75, 14, 16], "rotation": 270, "texture": "#0"},
				"up": {"uv": [13.75, 15.75, 14, 16], "rotation": 270, "texture": "#0"},
				"down": {"uv": [13.75, 15.75, 14, 16], "rotation": 270, "texture": "#0"}
			}
		},
		{
			"from": [18.85056, -1.28889, -2.14722],
			"to": [20.55056, 3.31111, -0.14722],
			"rotation": {"angle": 22.5, "axis": "y", "origin": [7.5, 1, 5]},
			"faces": {
				"north": {"uv": [0, 0, 1.7, 4.6], "rotation": 180, "texture": "#0"},
				"east": {"uv": [9.75, 15.75, 11.25, 16], "rotation": 270, "texture": "#0"},
				"south": {"uv": [5.75, 15, 6.75, 16], "rotation": 180, "texture": "#0"},
				"west": {"uv": [5.75, 15, 6.75, 16], "rotation": 180, "texture": "#0"},
				"up": {"uv": [5.75, 15, 6.75, 16], "rotation": 180, "texture": "#0"},
				"down": {"uv": [5.75, 15, 6.75, 16], "rotation": 180, "texture": "#0"}
			}
		},
		{
			"name": "right_arm",
			"from": [16.35056, -0.88889, -4.14722],
			"to": [20.35056, 3.11111, 7.85278],
			"rotation": {"angle": 22.5, "axis": "y", "origin": [7.5, 1, 5]},
			"faces": {
				"north": {"uv": [13, 4, 12, 5], "rotation": 180, "texture": "#0"},
				"east": {"uv": [10, 5, 11, 8], "rotation": 270, "texture": "#0"},
				"south": {"uv": [12, 5, 11, 4], "texture": "#0"},
				"west": {"uv": [12, 5, 13, 8], "rotation": 90, "texture": "#0"},
				"up": {"uv": [11, 5, 12, 8], "rotation": 180, "texture": "#0"},
				"down": {"uv": [13, 5, 14, 8], "texture": "#0"}
			}
		},
		{
			"name": "right_arm_2nd_layer",
			"from": [16.85056, 11.41111, 1.95278],
			"to": [21.84056, 16.61111, 14.85278],
			"rotation": {"angle": 22.5, "axis": "y", "origin": [7.5, 1, 5]},
			"faces": {
				"north": {"uv": [13, 8, 12, 9], "rotation": 180, "texture": "#0"},
				"east": {"uv": [10, 9, 11, 12], "rotation": 270, "texture": "#0"},
				"south": {"uv": [12, 9, 11, 8], "texture": "#0"},
				"west": {"uv": [12, 9, 13, 12], "rotation": 90, "texture": "#0"},
				"up": {"uv": [11, 9, 12, 12], "rotation": 180, "texture": "#0"},
				"down": {"uv": [13, 9, 14, 12], "texture": "#0"}
			}
		},
		{
			"from": [16.85056, 11.51111, 1.75278],
			"to": [21.85056, 16.51111, 3.75278],
			"rotation": {"angle": 22.5, "axis": "y", "origin": [7.5, 1, 5]},
			"faces": {
				"north": {"uv": [5.75, 15, 6.75, 16], "rotation": 180, "texture": "#0"},
				"east": {"uv": [9.25, 15.5, 11.75, 16], "rotation": 270, "texture": "#0"},
				"south": {"uv": [5.75, 15, 6.75, 16], "rotation": 180, "texture": "#0"},
				"west": {"uv": [5.75, 15, 6.75, 16], "rotation": 180, "texture": "#0"},
				"up": {"uv": [5.75, 15, 6.75, 16], "rotation": 180, "texture": "#0"},
				"down": {"uv": [5.75, 15, 6.75, 16], "rotation": 180, "texture": "#0"}
			}
		},
		{
			"from": [17.35056, 12.01111, 1.60278],
			"to": [21.35056, 16.01111, 1.85278],
			"rotation": {"angle": 22.5, "axis": "y", "origin": [7.5, 1, 5]},
			"faces": {
				"north": {"uv": [6.5, 12.5, 6.75, 13], "rotation": 180, "texture": "#0"},
				"east": {"uv": [6.5, 12.5, 6.75, 13], "rotation": 180, "texture": "#0"},
				"south": {"uv": [6.5, 12.5, 6.75, 13], "rotation": 180, "texture": "#0"},
				"west": {"uv": [6.5, 12.5, 6.75, 13], "rotation": 180, "texture": "#0"},
				"up": {"uv": [6.5, 12.5, 6.75, 13], "rotation": 180, "texture": "#0"},
				"down": {"uv": [6.5, 12.5, 6.75, 13], "rotation": 180, "texture": "#0"}
			}
		},
		{
			"from": [21.10056, 15.26111, 2.10278],
			"to": [22.10056, 16.26111, 3.10278],
			"rotation": {"angle": 22.5, "axis": "y", "origin": [7.5, 1, 5]},
			"faces": {
				"north": {"uv": [13.75, 15.75, 14, 16], "rotation": 270, "texture": "#0"},
				"east": {"uv": [13.75, 15.75, 14, 16], "rotation": 270, "texture": "#0"},
				"south": {"uv": [13.75, 15.75, 14, 16], "rotation": 270, "texture": "#0"},
				"west": {"uv": [13.75, 15.75, 14, 16], "rotation": 270, "texture": "#0"},
				"up": {"uv": [13.75, 15.75, 14, 16], "rotation": 270, "texture": "#0"},
				"down": {"uv": [13.75, 15.75, 14, 16], "rotation": 270, "texture": "#0"}
			}
		},
		{
			"from": [21.10056, 14.06111, 2.10278],
			"to": [22.10056, 15.06111, 3.10278],
			"rotation": {"angle": 22.5, "axis": "y", "origin": [7.5, 1, 5]},
			"faces": {
				"north": {"uv": [13.75, 15.75, 14, 16], "rotation": 270, "texture": "#0"},
				"east": {"uv": [13.75, 15.75, 14, 16], "rotation": 270, "texture": "#0"},
				"south": {"uv": [13.75, 15.75, 14, 16], "rotation": 270, "texture": "#0"},
				"west": {"uv": [13.75, 15.75, 14, 16], "rotation": 270, "texture": "#0"},
				"up": {"uv": [13.75, 15.75, 14, 16], "rotation": 270, "texture": "#0"},
				"down": {"uv": [13.75, 15.75, 14, 16], "rotation": 270, "texture": "#0"}
			}
		},
		{
			"from": [21.10056, 12.86111, 2.10278],
			"to": [22.10056, 13.86111, 3.10278],
			"rotation": {"angle": 22.5, "axis": "y", "origin": [7.5, 1, 5]},
			"faces": {
				"north": {"uv": [13.75, 15.75, 14, 16], "rotation": 270, "texture": "#0"},
				"east": {"uv": [13.75, 15.75, 14, 16], "rotation": 270, "texture": "#0"},
				"south": {"uv": [13.75, 15.75, 14, 16], "rotation": 270, "texture": "#0"},
				"west": {"uv": [13.75, 15.75, 14, 16], "rotation": 270, "texture": "#0"},
				"up": {"uv": [13.75, 15.75, 14, 16], "rotation": 270, "texture": "#0"},
				"down": {"uv": [13.75, 15.75, 14, 16], "rotation": 270, "texture": "#0"}
			}
		},
		{
			"from": [21.10056, 11.66111, 2.10278],
			"to": [22.10056, 12.66111, 3.10278],
			"rotation": {"angle": 22.5, "axis": "y", "origin": [7.5, 1, 5]},
			"faces": {
				"north": {"uv": [13.75, 15.75, 14, 16], "rotation": 270, "texture": "#0"},
				"east": {"uv": [13.75, 15.75, 14, 16], "rotation": 270, "texture": "#0"},
				"south": {"uv": [13.75, 15.75, 14, 16], "rotation": 270, "texture": "#0"},
				"west": {"uv": [13.75, 15.75, 14, 16], "rotation": 270, "texture": "#0"},
				"up": {"uv": [13.75, 15.75, 14, 16], "rotation": 270, "texture": "#0"},
				"down": {"uv": [13.75, 15.75, 14, 16], "rotation": 270, "texture": "#0"}
			}
		},
		{
			"from": [19.85056, 11.71111, 3.85278],
			"to": [21.55056, 16.31111, 5.85278],
			"rotation": {"angle": 22.5, "axis": "y", "origin": [7.5, 1, 5]},
			"faces": {
				"north": {"uv": [0, 0, 1.7, 4.6], "rotation": 180, "texture": "#0"},
				"east": {"uv": [9.75, 15.75, 11.25, 16], "rotation": 270, "texture": "#0"},
				"south": {"uv": [5.75, 15, 6.75, 16], "rotation": 180, "texture": "#0"},
				"west": {"uv": [5.75, 15, 6.75, 16], "rotation": 180, "texture": "#0"},
				"up": {"uv": [5.75, 15, 6.75, 16], "rotation": 180, "texture": "#0"},
				"down": {"uv": [5.75, 15, 6.75, 16], "rotation": 180, "texture": "#0"}
			}
		},
		{
			"name": "right_arm",
			"from": [17.35056, 12.11111, 1.85278],
			"to": [21.35056, 16.11111, 13.85278],
			"rotation": {"angle": 22.5, "axis": "y", "origin": [7.5, 1, 5]},
			"faces": {
				"north": {"uv": [13, 4, 12, 5], "rotation": 180, "texture": "#0"},
				"east": {"uv": [10, 5, 11, 8], "rotation": 270, "texture": "#0"},
				"south": {"uv": [12, 5, 11, 4], "texture": "#0"},
				"west": {"uv": [12, 5, 13, 8], "rotation": 90, "texture": "#0"},
				"up": {"uv": [11, 5, 12, 8], "rotation": 180, "texture": "#0"},
				"down": {"uv": [13, 5, 14, 8], "texture": "#0"}
			}
		},
		{
			"name": "right_arm_2nd_layer",
			"from": [2.59447, 5.38889, 0.1746],
			"to": [7.58447, 10.58889, 13.0746],
			"rotation": {"angle": -22.5, "axis": "y", "origin": [9.93503, 8, -5.77817]},
			"faces": {
				"north": {"uv": [13, 8, 12, 9], "texture": "#0"},
				"east": {"uv": [12, 9, 13, 12], "rotation": 270, "texture": "#0"},
				"south": {"uv": [12, 9, 11, 8], "rotation": 180, "texture": "#0"},
				"west": {"uv": [10, 9, 11, 12], "rotation": 90, "texture": "#0"},
				"up": {"uv": [13, 9, 14, 12], "rotation": 180, "texture": "#0"},
				"down": {"uv": [11, 9, 12, 12], "texture": "#0"}
			}
		},
		{
			"from": [2.58447, 5.48889, -0.0254],
			"to": [7.58447, 10.48889, 1.9746],
			"rotation": {"angle": -22.5, "axis": "y", "origin": [9.93503, 8, -5.77817]},
			"faces": {
				"north": {"uv": [5.75, 15, 6.75, 16], "texture": "#0"},
				"east": {"uv": [5.75, 15, 6.75, 16], "texture": "#0"},
				"south": {"uv": [5.75, 15, 6.75, 16], "texture": "#0"},
				"west": {"uv": [9.25, 15.5, 11.75, 16], "rotation": 90, "texture": "#0"},
				"up": {"uv": [5.75, 15, 6.75, 16], "texture": "#0"},
				"down": {"uv": [5.75, 15, 6.75, 16], "texture": "#0"}
			}
		},
		{
			"from": [3.08447, 5.98889, -0.1754],
			"to": [7.08447, 9.98889, 0.0746],
			"rotation": {"angle": -22.5, "axis": "y", "origin": [9.93503, 8, -5.77817]},
			"faces": {
				"north": {"uv": [6.5, 12.5, 6.75, 13], "texture": "#0"},
				"east": {"uv": [6.5, 12.5, 6.75, 13], "texture": "#0"},
				"south": {"uv": [6.5, 12.5, 6.75, 13], "texture": "#0"},
				"west": {"uv": [6.5, 12.5, 6.75, 13], "texture": "#0"},
				"up": {"uv": [6.5, 12.5, 6.75, 13], "texture": "#0"},
				"down": {"uv": [6.5, 12.5, 6.75, 13], "texture": "#0"}
			}
		},
		{
			"from": [2.33447, 5.73889, 0.3246],
			"to": [3.33447, 6.73889, 1.3246],
			"rotation": {"angle": -22.5, "axis": "y", "origin": [9.93503, 8, -5.77817]},
			"faces": {
				"north": {"uv": [13.75, 15.75, 14, 16], "rotation": 90, "texture": "#0"},
				"east": {"uv": [13.75, 15.75, 14, 16], "rotation": 90, "texture": "#0"},
				"south": {"uv": [13.75, 15.75, 14, 16], "rotation": 90, "texture": "#0"},
				"west": {"uv": [13.75, 15.75, 14, 16], "rotation": 90, "texture": "#0"},
				"up": {"uv": [13.75, 15.75, 14, 16], "rotation": 90, "texture": "#0"},
				"down": {"uv": [13.75, 15.75, 14, 16], "rotation": 90, "texture": "#0"}
			}
		},
		{
			"from": [2.33447, 6.93889, 0.3246],
			"to": [3.33447, 7.93889, 1.3246],
			"rotation": {"angle": -22.5, "axis": "y", "origin": [9.93503, 8, -5.77817]},
			"faces": {
				"north": {"uv": [13.75, 15.75, 14, 16], "rotation": 90, "texture": "#0"},
				"east": {"uv": [13.75, 15.75, 14, 16], "rotation": 90, "texture": "#0"},
				"south": {"uv": [13.75, 15.75, 14, 16], "rotation": 90, "texture": "#0"},
				"west": {"uv": [13.75, 15.75, 14, 16], "rotation": 90, "texture": "#0"},
				"up": {"uv": [13.75, 15.75, 14, 16], "rotation": 90, "texture": "#0"},
				"down": {"uv": [13.75, 15.75, 14, 16], "rotation": 90, "texture": "#0"}
			}
		},
		{
			"from": [2.33447, 8.13889, 0.3246],
			"to": [3.33447, 9.13889, 1.3246],
			"rotation": {"angle": -22.5, "axis": "y", "origin": [9.93503, 8, -5.77817]},
			"faces": {
				"north": {"uv": [13.75, 15.75, 14, 16], "rotation": 90, "texture": "#0"},
				"east": {"uv": [13.75, 15.75, 14, 16], "rotation": 90, "texture": "#0"},
				"south": {"uv": [13.75, 15.75, 14, 16], "rotation": 90, "texture": "#0"},
				"west": {"uv": [13.75, 15.75, 14, 16], "rotation": 90, "texture": "#0"},
				"up": {"uv": [13.75, 15.75, 14, 16], "rotation": 90, "texture": "#0"},
				"down": {"uv": [13.75, 15.75, 14, 16], "rotation": 90, "texture": "#0"}
			}
		},
		{
			"from": [2.33447, 9.33889, 0.3246],
			"to": [3.33447, 10.33889, 1.3246],
			"rotation": {"angle": -22.5, "axis": "y", "origin": [9.93503, 8, -5.77817]},
			"faces": {
				"north": {"uv": [13.75, 15.75, 14, 16], "rotation": 90, "texture": "#0"},
				"east": {"uv": [13.75, 15.75, 14, 16], "rotation": 90, "texture": "#0"},
				"south": {"uv": [13.75, 15.75, 14, 16], "rotation": 90, "texture": "#0"},
				"west": {"uv": [13.75, 15.75, 14, 16], "rotation": 90, "texture": "#0"},
				"up": {"uv": [13.75, 15.75, 14, 16], "rotation": 90, "texture": "#0"},
				"down": {"uv": [13.75, 15.75, 14, 16], "rotation": 90, "texture": "#0"}
			}
		},
		{
			"from": [2.88447, 5.68889, 2.0746],
			"to": [4.58447, 10.28889, 4.0746],
			"rotation": {"angle": -22.5, "axis": "y", "origin": [9.93503, 8, -5.77817]},
			"faces": {
				"north": {"uv": [0, 0, 1.7, 4.6], "texture": "#0"},
				"east": {"uv": [5.75, 15, 6.75, 16], "texture": "#0"},
				"south": {"uv": [5.75, 15, 6.75, 16], "texture": "#0"},
				"west": {"uv": [9.75, 15.75, 11.25, 16], "rotation": 90, "texture": "#0"},
				"up": {"uv": [5.75, 15, 6.75, 16], "texture": "#0"},
				"down": {"uv": [5.75, 15, 6.75, 16], "texture": "#0"}
			}
		},
		{
			"name": "right_arm",
			"from": [3.08447, 5.88889, 0.0746],
			"to": [7.08447, 9.88889, 12.0746],
			"rotation": {"angle": -22.5, "axis": "y", "origin": [9.93503, 8, -5.77817]},
			"faces": {
				"north": {"uv": [13, 4, 12, 5], "texture": "#0"},
				"east": {"uv": [12, 5, 13, 8], "rotation": 270, "texture": "#0"},
				"south": {"uv": [12, 5, 11, 4], "rotation": 180, "texture": "#0"},
				"west": {"uv": [10, 5, 11, 8], "rotation": 90, "texture": "#0"},
				"up": {"uv": [13, 5, 14, 8], "rotation": 180, "texture": "#0"},
				"down": {"uv": [11, 5, 12, 8], "texture": "#0"}
			}
		},
		{
			"name": "right_arm_2nd_layer",
			"from": [-3.83673, -2.47511, -9.58978],
			"to": [0.35487, 1.89289, 1.24622],
			"rotation": {"angle": 22.5, "axis": "z", "origin": [-2.71067, 3.71822, 5.12989]},
			"faces": {
				"north": {"uv": [13, 8, 12, 9], "texture": "#0"},
				"east": {"uv": [12, 9, 13, 12], "rotation": 270, "texture": "#0"},
				"south": {"uv": [12, 9, 11, 8], "rotation": 180, "texture": "#0"},
				"west": {"uv": [10, 9, 11, 12], "rotation": 90, "texture": "#0"},
				"up": {"uv": [13, 9, 14, 12], "rotation": 180, "texture": "#0"},
				"down": {"uv": [11, 9, 12, 12], "texture": "#0"}
			}
		},
		{
			"from": [-3.84513, -2.39111, -9.75778],
			"to": [0.35487, 1.80889, -8.07778],
			"rotation": {"angle": 22.5, "axis": "z", "origin": [-2.71067, 3.71822, 5.12989]},
			"faces": {
				"north": {"uv": [5.75, 15, 6.75, 16], "texture": "#0"},
				"east": {"uv": [5.75, 15, 6.75, 16], "texture": "#0"},
				"south": {"uv": [5.75, 15, 6.75, 16], "texture": "#0"},
				"west": {"uv": [9.25, 15.5, 11.75, 16], "rotation": 90, "texture": "#0"},
				"up": {"uv": [5.75, 15, 6.75, 16], "texture": "#0"},
				"down": {"uv": [5.75, 15, 6.75, 16], "texture": "#0"}
			}
		},
		{
			"from": [-3.42513, -1.97111, -9.88378],
			"to": [-0.06513, 1.38889, -9.67378],
			"rotation": {"angle": 22.5, "axis": "z", "origin": [-2.71067, 3.71822, 5.12989]},
			"faces": {
				"north": {"uv": [6.5, 12.5, 6.75, 13], "texture": "#0"},
				"east": {"uv": [6.5, 12.5, 6.75, 13], "texture": "#0"},
				"south": {"uv": [6.5, 12.5, 6.75, 13], "texture": "#0"},
				"west": {"uv": [6.5, 12.5, 6.75, 13], "texture": "#0"},
				"up": {"uv": [6.5, 12.5, 6.75, 13], "texture": "#0"},
				"down": {"uv": [6.5, 12.5, 6.75, 13], "texture": "#0"}
			}
		},
		{
			"from": [-4.05513, -2.18111, -9.46378],
			"to": [-3.21513, -1.34111, -8.62378],
			"rotation": {"angle": 22.5, "axis": "z", "origin": [-2.71067, 3.71822, 5.12989]},
			"faces": {
				"north": {"uv": [13.75, 15.75, 14, 16], "rotation": 90, "texture": "#0"},
				"east": {"uv": [13.75, 15.75, 14, 16], "rotation": 90, "texture": "#0"},
				"south": {"uv": [13.75, 15.75, 14, 16], "rotation": 90, "texture": "#0"},
				"west": {"uv": [13.75, 15.75, 14, 16], "rotation": 90, "texture": "#0"},
				"up": {"uv": [13.75, 15.75, 14, 16], "rotation": 90, "texture": "#0"},
				"down": {"uv": [13.75, 15.75, 14, 16], "rotation": 90, "texture": "#0"}
			}
		},
		{
			"from": [-4.05513, -1.17311, -9.46378],
			"to": [-3.21513, -0.33311, -8.62378],
			"rotation": {"angle": 22.5, "axis": "z", "origin": [-2.71067, 3.71822, 5.12989]},
			"faces": {
				"north": {"uv": [13.75, 15.75, 14, 16], "rotation": 90, "texture": "#0"},
				"east": {"uv": [13.75, 15.75, 14, 16], "rotation": 90, "texture": "#0"},
				"south": {"uv": [13.75, 15.75, 14, 16], "rotation": 90, "texture": "#0"},
				"west": {"uv": [13.75, 15.75, 14, 16], "rotation": 90, "texture": "#0"},
				"up": {"uv": [13.75, 15.75, 14, 16], "rotation": 90, "texture": "#0"},
				"down": {"uv": [13.75, 15.75, 14, 16], "rotation": 90, "texture": "#0"}
			}
		},
		{
			"from": [-4.05513, -0.16511, -9.46378],
			"to": [-3.21513, 0.67489, -8.62378],
			"rotation": {"angle": 22.5, "axis": "z", "origin": [-2.71067, 3.71822, 5.12989]},
			"faces": {
				"north": {"uv": [13.75, 15.75, 14, 16], "rotation": 90, "texture": "#0"},
				"east": {"uv": [13.75, 15.75, 14, 16], "rotation": 90, "texture": "#0"},
				"south": {"uv": [13.75, 15.75, 14, 16], "rotation": 90, "texture": "#0"},
				"west": {"uv": [13.75, 15.75, 14, 16], "rotation": 90, "texture": "#0"},
				"up": {"uv": [13.75, 15.75, 14, 16], "rotation": 90, "texture": "#0"},
				"down": {"uv": [13.75, 15.75, 14, 16], "rotation": 90, "texture": "#0"}
			}
		},
		{
			"from": [-4.05513, 0.84289, -9.46378],
			"to": [-3.21513, 1.68289, -8.62378],
			"rotation": {"angle": 22.5, "axis": "z", "origin": [-2.71067, 3.71822, 5.12989]},
			"faces": {
				"north": {"uv": [13.75, 15.75, 14, 16], "rotation": 90, "texture": "#0"},
				"east": {"uv": [13.75, 15.75, 14, 16], "rotation": 90, "texture": "#0"},
				"south": {"uv": [13.75, 15.75, 14, 16], "rotation": 90, "texture": "#0"},
				"west": {"uv": [13.75, 15.75, 14, 16], "rotation": 90, "texture": "#0"},
				"up": {"uv": [13.75, 15.75, 14, 16], "rotation": 90, "texture": "#0"},
				"down": {"uv": [13.75, 15.75, 14, 16], "rotation": 90, "texture": "#0"}
			}
		},
		{
			"from": [-3.59313, -2.22311, -7.99378],
			"to": [-2.16513, 1.64089, -6.31378],
			"rotation": {"angle": 22.5, "axis": "z", "origin": [-2.71067, 3.71822, 5.12989]},
			"faces": {
				"north": {"uv": [0, 0, 1.7, 4.6], "texture": "#0"},
				"east": {"uv": [5.75, 15, 6.75, 16], "texture": "#0"},
				"south": {"uv": [5.75, 15, 6.75, 16], "texture": "#0"},
				"west": {"uv": [9.75, 15.75, 11.25, 16], "rotation": 90, "texture": "#0"},
				"up": {"uv": [5.75, 15, 6.75, 16], "texture": "#0"},
				"down": {"uv": [5.75, 15, 6.75, 16], "texture": "#0"}
			}
		},
		{
			"name": "right_arm",
			"from": [-3.42513, -2.05511, -9.67378],
			"to": [-0.06513, 1.30489, 0.40622],
			"rotation": {"angle": 22.5, "axis": "z", "origin": [-2.71067, 3.71822, 5.12989]},
			"faces": {
				"north": {"uv": [13, 4, 12, 5], "texture": "#0"},
				"east": {"uv": [12, 5, 13, 8], "rotation": 270, "texture": "#0"},
				"south": {"uv": [12, 5, 11, 4], "rotation": 180, "texture": "#0"},
				"west": {"uv": [10, 5, 11, 8], "rotation": 90, "texture": "#0"},
				"up": {"uv": [13, 5, 14, 8], "rotation": 180, "texture": "#0"},
				"down": {"uv": [11, 5, 12, 8], "texture": "#0"}
			}
		},
		{
			"name": "right_arm_2nd_layer",
			"from": [-12.83673, 10.52489, 3.41022],
			"to": [-8.64513, 14.89289, 14.24622],
			"rotation": {"angle": -45, "axis": "z", "origin": [-2.71067, 3.71822, 5.12989]},
			"faces": {
				"north": {"uv": [13, 8, 12, 9], "texture": "#0"},
				"east": {"uv": [12, 9, 13, 12], "rotation": 270, "texture": "#0"},
				"south": {"uv": [12, 9, 11, 8], "rotation": 180, "texture": "#0"},
				"west": {"uv": [10, 9, 11, 12], "rotation": 90, "texture": "#0"},
				"up": {"uv": [13, 9, 14, 12], "rotation": 180, "texture": "#0"},
				"down": {"uv": [11, 9, 12, 12], "texture": "#0"}
			}
		},
		{
			"from": [-12.84513, 10.60889, 3.24222],
			"to": [-8.64513, 14.80889, 4.92222],
			"rotation": {"angle": -45, "axis": "z", "origin": [-2.71067, 3.71822, 5.12989]},
			"faces": {
				"north": {"uv": [5.75, 15, 6.75, 16], "texture": "#0"},
				"east": {"uv": [5.75, 15, 6.75, 16], "texture": "#0"},
				"south": {"uv": [5.75, 15, 6.75, 16], "texture": "#0"},
				"west": {"uv": [9.25, 15.5, 11.75, 16], "rotation": 90, "texture": "#0"},
				"up": {"uv": [5.75, 15, 6.75, 16], "texture": "#0"},
				"down": {"uv": [5.75, 15, 6.75, 16], "texture": "#0"}
			}
		},
		{
			"from": [-12.42513, 11.02889, 3.11622],
			"to": [-9.06513, 14.38889, 3.32622],
			"rotation": {"angle": -45, "axis": "z", "origin": [-2.71067, 3.71822, 5.12989]},
			"faces": {
				"north": {"uv": [6.5, 12.5, 6.75, 13], "texture": "#0"},
				"east": {"uv": [6.5, 12.5, 6.75, 13], "texture": "#0"},
				"south": {"uv": [6.5, 12.5, 6.75, 13], "texture": "#0"},
				"west": {"uv": [6.5, 12.5, 6.75, 13], "texture": "#0"},
				"up": {"uv": [6.5, 12.5, 6.75, 13], "texture": "#0"},
				"down": {"uv": [6.5, 12.5, 6.75, 13], "texture": "#0"}
			}
		},
		{
			"from": [-13.05513, 10.81889, 3.53622],
			"to": [-12.21513, 11.65889, 4.37622],
			"rotation": {"angle": -45, "axis": "z", "origin": [-2.71067, 3.71822, 5.12989]},
			"faces": {
				"north": {"uv": [13.75, 15.75, 14, 16], "rotation": 90, "texture": "#0"},
				"east": {"uv": [13.75, 15.75, 14, 16], "rotation": 90, "texture": "#0"},
				"south": {"uv": [13.75, 15.75, 14, 16], "rotation": 90, "texture": "#0"},
				"west": {"uv": [13.75, 15.75, 14, 16], "rotation": 90, "texture": "#0"},
				"up": {"uv": [13.75, 15.75, 14, 16], "rotation": 90, "texture": "#0"},
				"down": {"uv": [13.75, 15.75, 14, 16], "rotation": 90, "texture": "#0"}
			}
		},
		{
			"from": [-13.05513, 11.82689, 3.53622],
			"to": [-12.21513, 12.66689, 4.37622],
			"rotation": {"angle": -45, "axis": "z", "origin": [-2.71067, 3.71822, 5.12989]},
			"faces": {
				"north": {"uv": [13.75, 15.75, 14, 16], "rotation": 90, "texture": "#0"},
				"east": {"uv": [13.75, 15.75, 14, 16], "rotation": 90, "texture": "#0"},
				"south": {"uv": [13.75, 15.75, 14, 16], "rotation": 90, "texture": "#0"},
				"west": {"uv": [13.75, 15.75, 14, 16], "rotation": 90, "texture": "#0"},
				"up": {"uv": [13.75, 15.75, 14, 16], "rotation": 90, "texture": "#0"},
				"down": {"uv": [13.75, 15.75, 14, 16], "rotation": 90, "texture": "#0"}
			}
		},
		{
			"from": [-13.05513, 12.83489, 3.53622],
			"to": [-12.21513, 13.67489, 4.37622],
			"rotation": {"angle": -45, "axis": "z", "origin": [-2.71067, 3.71822, 5.12989]},
			"faces": {
				"north": {"uv": [13.75, 15.75, 14, 16], "rotation": 90, "texture": "#0"},
				"east": {"uv": [13.75, 15.75, 14, 16], "rotation": 90, "texture": "#0"},
				"south": {"uv": [13.75, 15.75, 14, 16], "rotation": 90, "texture": "#0"},
				"west": {"uv": [13.75, 15.75, 14, 16], "rotation": 90, "texture": "#0"},
				"up": {"uv": [13.75, 15.75, 14, 16], "rotation": 90, "texture": "#0"},
				"down": {"uv": [13.75, 15.75, 14, 16], "rotation": 90, "texture": "#0"}
			}
		},
		{
			"from": [-13.05513, 13.84289, 3.53622],
			"to": [-12.21513, 14.68289, 4.37622],
			"rotation": {"angle": -45, "axis": "z", "origin": [-2.71067, 3.71822, 5.12989]},
			"faces": {
				"north": {"uv": [13.75, 15.75, 14, 16], "rotation": 90, "texture": "#0"},
				"east": {"uv": [13.75, 15.75, 14, 16], "rotation": 90, "texture": "#0"},
				"south": {"uv": [13.75, 15.75, 14, 16], "rotation": 90, "texture": "#0"},
				"west": {"uv": [13.75, 15.75, 14, 16], "rotation": 90, "texture": "#0"},
				"up": {"uv": [13.75, 15.75, 14, 16], "rotation": 90, "texture": "#0"},
				"down": {"uv": [13.75, 15.75, 14, 16], "rotation": 90, "texture": "#0"}
			}
		},
		{
			"from": [-12.59313, 10.77689, 5.00622],
			"to": [-11.16513, 14.64089, 6.68622],
			"rotation": {"angle": -45, "axis": "z", "origin": [-2.71067, 3.71822, 5.12989]},
			"faces": {
				"north": {"uv": [0, 0, 1.7, 4.6], "texture": "#0"},
				"east": {"uv": [5.75, 15, 6.75, 16], "texture": "#0"},
				"south": {"uv": [5.75, 15, 6.75, 16], "texture": "#0"},
				"west": {"uv": [9.75, 15.75, 11.25, 16], "rotation": 90, "texture": "#0"},
				"up": {"uv": [5.75, 15, 6.75, 16], "texture": "#0"},
				"down": {"uv": [5.75, 15, 6.75, 16], "texture": "#0"}
			}
		},
		{
			"name": "right_arm",
			"from": [-12.42513, 10.94489, 3.32622],
			"to": [-9.06513, 14.30489, 13.40622],
			"rotation": {"angle": -45, "axis": "z", "origin": [-2.71067, 3.71822, 5.12989]},
			"faces": {
				"north": {"uv": [13, 4, 12, 5], "texture": "#0"},
				"east": {"uv": [12, 5, 13, 8], "rotation": 270, "texture": "#0"},
				"south": {"uv": [12, 5, 11, 4], "rotation": 180, "texture": "#0"},
				"west": {"uv": [10, 5, 11, 8], "rotation": 90, "texture": "#0"},
				"up": {"uv": [13, 5, 14, 8], "rotation": 180, "texture": "#0"},
				"down": {"uv": [11, 5, 12, 8], "texture": "#0"}
			}
		},
		{
			"name": "right_arm_2nd_layer",
			"from": [1.59447, -5.61111, 8.1746],
			"to": [6.58447, -0.41111, 21.0746],
			"rotation": {"angle": -22.5, "axis": "y", "origin": [9.93503, 8, -5.77817]},
			"faces": {
				"north": {"uv": [13, 8, 12, 9], "texture": "#0"},
				"east": {"uv": [12, 9, 13, 12], "rotation": 270, "texture": "#0"},
				"south": {"uv": [12, 9, 11, 8], "rotation": 180, "texture": "#0"},
				"west": {"uv": [10, 9, 11, 12], "rotation": 90, "texture": "#0"},
				"up": {"uv": [13, 9, 14, 12], "rotation": 180, "texture": "#0"},
				"down": {"uv": [11, 9, 12, 12], "texture": "#0"}
			}
		},
		{
			"from": [1.58447, -5.51111, 7.9746],
			"to": [6.58447, -0.51111, 9.9746],
			"rotation": {"angle": -22.5, "axis": "y", "origin": [9.93503, 8, -5.77817]},
			"faces": {
				"north": {"uv": [5.75, 15, 6.75, 16], "texture": "#0"},
				"east": {"uv": [5.75, 15, 6.75, 16], "texture": "#0"},
				"south": {"uv": [5.75, 15, 6.75, 16], "texture": "#0"},
				"west": {"uv": [9.25, 15.5, 11.75, 16], "rotation": 90, "texture": "#0"},
				"up": {"uv": [5.75, 15, 6.75, 16], "texture": "#0"},
				"down": {"uv": [5.75, 15, 6.75, 16], "texture": "#0"}
			}
		},
		{
			"from": [2.08447, -5.01111, 7.8246],
			"to": [6.08447, -1.01111, 8.0746],
			"rotation": {"angle": -22.5, "axis": "y", "origin": [9.93503, 8, -5.77817]},
			"faces": {
				"north": {"uv": [6.5, 12.5, 6.75, 13], "texture": "#0"},
				"east": {"uv": [6.5, 12.5, 6.75, 13], "texture": "#0"},
				"south": {"uv": [6.5, 12.5, 6.75, 13], "texture": "#0"},
				"west": {"uv": [6.5, 12.5, 6.75, 13], "texture": "#0"},
				"up": {"uv": [6.5, 12.5, 6.75, 13], "texture": "#0"},
				"down": {"uv": [6.5, 12.5, 6.75, 13], "texture": "#0"}
			}
		},
		{
			"from": [1.33447, -5.26111, 8.3246],
			"to": [2.33447, -4.26111, 9.3246],
			"rotation": {"angle": -22.5, "axis": "y", "origin": [9.93503, 8, -5.77817]},
			"faces": {
				"north": {"uv": [13.75, 15.75, 14, 16], "rotation": 90, "texture": "#0"},
				"east": {"uv": [13.75, 15.75, 14, 16], "rotation": 90, "texture": "#0"},
				"south": {"uv": [13.75, 15.75, 14, 16], "rotation": 90, "texture": "#0"},
				"west": {"uv": [13.75, 15.75, 14, 16], "rotation": 90, "texture": "#0"},
				"up": {"uv": [13.75, 15.75, 14, 16], "rotation": 90, "texture": "#0"},
				"down": {"uv": [13.75, 15.75, 14, 16], "rotation": 90, "texture": "#0"}
			}
		},
		{
			"from": [1.33447, -4.06111, 8.3246],
			"to": [2.33447, -3.06111, 9.3246],
			"rotation": {"angle": -22.5, "axis": "y", "origin": [9.93503, 8, -5.77817]},
			"faces": {
				"north": {"uv": [13.75, 15.75, 14, 16], "rotation": 90, "texture": "#0"},
				"east": {"uv": [13.75, 15.75, 14, 16], "rotation": 90, "texture": "#0"},
				"south": {"uv": [13.75, 15.75, 14, 16], "rotation": 90, "texture": "#0"},
				"west": {"uv": [13.75, 15.75, 14, 16], "rotation": 90, "texture": "#0"},
				"up": {"uv": [13.75, 15.75, 14, 16], "rotation": 90, "texture": "#0"},
				"down": {"uv": [13.75, 15.75, 14, 16], "rotation": 90, "texture": "#0"}
			}
		},
		{
			"from": [1.33447, -2.86111, 8.3246],
			"to": [2.33447, -1.86111, 9.3246],
			"rotation": {"angle": -22.5, "axis": "y", "origin": [9.93503, 8, -5.77817]},
			"faces": {
				"north": {"uv": [13.75, 15.75, 14, 16], "rotation": 90, "texture": "#0"},
				"east": {"uv": [13.75, 15.75, 14, 16], "rotation": 90, "texture": "#0"},
				"south": {"uv": [13.75, 15.75, 14, 16], "rotation": 90, "texture": "#0"},
				"west": {"uv": [13.75, 15.75, 14, 16], "rotation": 90, "texture": "#0"},
				"up": {"uv": [13.75, 15.75, 14, 16], "rotation": 90, "texture": "#0"},
				"down": {"uv": [13.75, 15.75, 14, 16], "rotation": 90, "texture": "#0"}
			}
		},
		{
			"from": [1.33447, -1.66111, 8.3246],
			"to": [2.33447, -0.66111, 9.3246],
			"rotation": {"angle": -22.5, "axis": "y", "origin": [9.93503, 8, -5.77817]},
			"faces": {
				"north": {"uv": [13.75, 15.75, 14, 16], "rotation": 90, "texture": "#0"},
				"east": {"uv": [13.75, 15.75, 14, 16], "rotation": 90, "texture": "#0"},
				"south": {"uv": [13.75, 15.75, 14, 16], "rotation": 90, "texture": "#0"},
				"west": {"uv": [13.75, 15.75, 14, 16], "rotation": 90, "texture": "#0"},
				"up": {"uv": [13.75, 15.75, 14, 16], "rotation": 90, "texture": "#0"},
				"down": {"uv": [13.75, 15.75, 14, 16], "rotation": 90, "texture": "#0"}
			}
		},
		{
			"from": [1.88447, -5.31111, 10.0746],
			"to": [3.58447, -0.71111, 12.0746],
			"rotation": {"angle": -22.5, "axis": "y", "origin": [9.93503, 8, -5.77817]},
			"faces": {
				"north": {"uv": [0, 0, 1.7, 4.6], "texture": "#0"},
				"east": {"uv": [5.75, 15, 6.75, 16], "texture": "#0"},
				"south": {"uv": [5.75, 15, 6.75, 16], "texture": "#0"},
				"west": {"uv": [9.75, 15.75, 11.25, 16], "rotation": 90, "texture": "#0"},
				"up": {"uv": [5.75, 15, 6.75, 16], "texture": "#0"},
				"down": {"uv": [5.75, 15, 6.75, 16], "texture": "#0"}
			}
		},
		{
			"name": "right_arm",
			"from": [2.08447, -5.11111, 8.0746],
			"to": [6.08447, -1.11111, 20.0746],
			"rotation": {"angle": -22.5, "axis": "y", "origin": [9.93503, 8, -5.77817]},
			"faces": {
				"north": {"uv": [13, 4, 12, 5], "texture": "#0"},
				"east": {"uv": [12, 5, 13, 8], "rotation": 270, "texture": "#0"},
				"south": {"uv": [12, 5, 11, 4], "rotation": 180, "texture": "#0"},
				"west": {"uv": [10, 5, 11, 8], "rotation": 90, "texture": "#0"},
				"up": {"uv": [13, 5, 14, 8], "rotation": 180, "texture": "#0"},
				"down": {"uv": [11, 5, 12, 8], "texture": "#0"}
			}
		},
		{
			"name": "right_arm_2nd_layer",
			"from": [-9.40553, 9.38889, 8.1746],
			"to": [-4.41553, 14.58889, 21.0746],
			"rotation": {"angle": 0, "axis": "y", "origin": [9.93503, 8, -5.77817]},
			"faces": {
				"north": {"uv": [13, 8, 12, 9], "texture": "#0"},
				"east": {"uv": [12, 9, 13, 12], "rotation": 270, "texture": "#0"},
				"south": {"uv": [12, 9, 11, 8], "rotation": 180, "texture": "#0"},
				"west": {"uv": [10, 9, 11, 12], "rotation": 90, "texture": "#0"},
				"up": {"uv": [13, 9, 14, 12], "rotation": 180, "texture": "#0"},
				"down": {"uv": [11, 9, 12, 12], "texture": "#0"}
			}
		},
		{
			"from": [-9.41553, 9.48889, 7.9746],
			"to": [-4.41553, 14.48889, 9.9746],
			"rotation": {"angle": 0, "axis": "y", "origin": [9.93503, 8, -5.77817]},
			"faces": {
				"north": {"uv": [5.75, 15, 6.75, 16], "texture": "#0"},
				"east": {"uv": [5.75, 15, 6.75, 16], "texture": "#0"},
				"south": {"uv": [5.75, 15, 6.75, 16], "texture": "#0"},
				"west": {"uv": [9.25, 15.5, 11.75, 16], "rotation": 90, "texture": "#0"},
				"up": {"uv": [5.75, 15, 6.75, 16], "texture": "#0"},
				"down": {"uv": [5.75, 15, 6.75, 16], "texture": "#0"}
			}
		},
		{
			"from": [-8.91553, 9.98889, 7.8246],
			"to": [-4.91553, 13.98889, 8.0746],
			"rotation": {"angle": 0, "axis": "y", "origin": [9.93503, 8, -5.77817]},
			"faces": {
				"north": {"uv": [6.5, 12.5, 6.75, 13], "texture": "#0"},
				"east": {"uv": [6.5, 12.5, 6.75, 13], "texture": "#0"},
				"south": {"uv": [6.5, 12.5, 6.75, 13], "texture": "#0"},
				"west": {"uv": [6.5, 12.5, 6.75, 13], "texture": "#0"},
				"up": {"uv": [6.5, 12.5, 6.75, 13], "texture": "#0"},
				"down": {"uv": [6.5, 12.5, 6.75, 13], "texture": "#0"}
			}
		},
		{
			"from": [-9.66553, 9.73889, 8.3246],
			"to": [-8.66553, 10.73889, 9.3246],
			"rotation": {"angle": 0, "axis": "y", "origin": [9.93503, 8, -5.77817]},
			"faces": {
				"north": {"uv": [13.75, 15.75, 14, 16], "rotation": 90, "texture": "#0"},
				"east": {"uv": [13.75, 15.75, 14, 16], "rotation": 90, "texture": "#0"},
				"south": {"uv": [13.75, 15.75, 14, 16], "rotation": 90, "texture": "#0"},
				"west": {"uv": [13.75, 15.75, 14, 16], "rotation": 90, "texture": "#0"},
				"up": {"uv": [13.75, 15.75, 14, 16], "rotation": 90, "texture": "#0"},
				"down": {"uv": [13.75, 15.75, 14, 16], "rotation": 90, "texture": "#0"}
			}
		},
		{
			"from": [-9.66553, 10.93889, 8.3246],
			"to": [-8.66553, 11.93889, 9.3246],
			"rotation": {"angle": 0, "axis": "y", "origin": [9.93503, 8, -5.77817]},
			"faces": {
				"north": {"uv": [13.75, 15.75, 14, 16], "rotation": 90, "texture": "#0"},
				"east": {"uv": [13.75, 15.75, 14, 16], "rotation": 90, "texture": "#0"},
				"south": {"uv": [13.75, 15.75, 14, 16], "rotation": 90, "texture": "#0"},
				"west": {"uv": [13.75, 15.75, 14, 16], "rotation": 90, "texture": "#0"},
				"up": {"uv": [13.75, 15.75, 14, 16], "rotation": 90, "texture": "#0"},
				"down": {"uv": [13.75, 15.75, 14, 16], "rotation": 90, "texture": "#0"}
			}
		},
		{
			"from": [-9.66553, 12.13889, 8.3246],
			"to": [-8.66553, 13.13889, 9.3246],
			"rotation": {"angle": 0, "axis": "y", "origin": [9.93503, 8, -5.77817]},
			"faces": {
				"north": {"uv": [13.75, 15.75, 14, 16], "rotation": 90, "texture": "#0"},
				"east": {"uv": [13.75, 15.75, 14, 16], "rotation": 90, "texture": "#0"},
				"south": {"uv": [13.75, 15.75, 14, 16], "rotation": 90, "texture": "#0"},
				"west": {"uv": [13.75, 15.75, 14, 16], "rotation": 90, "texture": "#0"},
				"up": {"uv": [13.75, 15.75, 14, 16], "rotation": 90, "texture": "#0"},
				"down": {"uv": [13.75, 15.75, 14, 16], "rotation": 90, "texture": "#0"}
			}
		},
		{
			"from": [-9.66553, 13.33889, 8.3246],
			"to": [-8.66553, 14.33889, 9.3246],
			"rotation": {"angle": 0, "axis": "y", "origin": [9.93503, 8, -5.77817]},
			"faces": {
				"north": {"uv": [13.75, 15.75, 14, 16], "rotation": 90, "texture": "#0"},
				"east": {"uv": [13.75, 15.75, 14, 16], "rotation": 90, "texture": "#0"},
				"south": {"uv": [13.75, 15.75, 14, 16], "rotation": 90, "texture": "#0"},
				"west": {"uv": [13.75, 15.75, 14, 16], "rotation": 90, "texture": "#0"},
				"up": {"uv": [13.75, 15.75, 14, 16], "rotation": 90, "texture": "#0"},
				"down": {"uv": [13.75, 15.75, 14, 16], "rotation": 90, "texture": "#0"}
			}
		},
		{
			"from": [-9.11553, 9.68889, 10.0746],
			"to": [-7.41553, 14.28889, 12.0746],
			"rotation": {"angle": 0, "axis": "y", "origin": [9.93503, 8, -5.77817]},
			"faces": {
				"north": {"uv": [0, 0, 1.7, 4.6], "texture": "#0"},
				"east": {"uv": [5.75, 15, 6.75, 16], "texture": "#0"},
				"south": {"uv": [5.75, 15, 6.75, 16], "texture": "#0"},
				"west": {"uv": [9.75, 15.75, 11.25, 16], "rotation": 90, "texture": "#0"},
				"up": {"uv": [5.75, 15, 6.75, 16], "texture": "#0"},
				"down": {"uv": [5.75, 15, 6.75, 16], "texture": "#0"}
			}
		},
		{
			"name": "right_arm",
			"from": [-8.91553, 9.88889, 8.0746],
			"to": [-4.91553, 13.88889, 20.0746],
			"rotation": {"angle": 0, "axis": "y", "origin": [9.93503, 8, -5.77817]},
			"faces": {
				"north": {"uv": [13, 4, 12, 5], "texture": "#0"},
				"east": {"uv": [12, 5, 13, 8], "rotation": 270, "texture": "#0"},
				"south": {"uv": [12, 5, 11, 4], "rotation": 180, "texture": "#0"},
				"west": {"uv": [10, 5, 11, 8], "rotation": 90, "texture": "#0"},
				"up": {"uv": [13, 5, 14, 8], "rotation": 180, "texture": "#0"},
				"down": {"uv": [11, 5, 12, 8], "texture": "#0"}
			}
		},
		{
			"name": "right_arm_2nd_layer",
			"from": [-0.1837, 8.38889, -8.36093],
			"to": [4.8063, 13.58889, 4.53907],
			"rotation": {"angle": -45, "axis": "y", "origin": [2.15685, 11, -9.31371]},
			"faces": {
				"north": {"uv": [13, 8, 12, 9], "texture": "#0"},
				"east": {"uv": [12, 9, 13, 12], "rotation": 270, "texture": "#0"},
				"south": {"uv": [12, 9, 11, 8], "rotation": 180, "texture": "#0"},
				"west": {"uv": [10, 9, 11, 12], "rotation": 90, "texture": "#0"},
				"up": {"uv": [13, 9, 14, 12], "rotation": 180, "texture": "#0"},
				"down": {"uv": [11, 9, 12, 12], "texture": "#0"}
			}
		},
		{
			"from": [-0.1937, 8.48889, -8.56093],
			"to": [4.8063, 13.48889, -6.56093],
			"rotation": {"angle": -45, "axis": "y", "origin": [2.15685, 11, -9.31371]},
			"faces": {
				"north": {"uv": [5.75, 15, 6.75, 16], "texture": "#0"},
				"east": {"uv": [5.75, 15, 6.75, 16], "texture": "#0"},
				"south": {"uv": [5.75, 15, 6.75, 16], "texture": "#0"},
				"west": {"uv": [9.25, 15.5, 11.75, 16], "rotation": 90, "texture": "#0"},
				"up": {"uv": [5.75, 15, 6.75, 16], "texture": "#0"},
				"down": {"uv": [5.75, 15, 6.75, 16], "texture": "#0"}
			}
		},
		{
			"from": [0.3063, 8.98889, -8.71093],
			"to": [4.3063, 12.98889, -8.46093],
			"rotation": {"angle": -45, "axis": "y", "origin": [2.15685, 11, -9.31371]},
			"faces": {
				"north": {"uv": [6.5, 12.5, 6.75, 13], "texture": "#0"},
				"east": {"uv": [6.5, 12.5, 6.75, 13], "texture": "#0"},
				"south": {"uv": [6.5, 12.5, 6.75, 13], "texture": "#0"},
				"west": {"uv": [6.5, 12.5, 6.75, 13], "texture": "#0"},
				"up": {"uv": [6.5, 12.5, 6.75, 13], "texture": "#0"},
				"down": {"uv": [6.5, 12.5, 6.75, 13], "texture": "#0"}
			}
		},
		{
			"from": [-0.4437, 8.73889, -8.21093],
			"to": [0.5563, 9.73889, -7.21093],
			"rotation": {"angle": -45, "axis": "y", "origin": [2.15685, 11, -9.31371]},
			"faces": {
				"north": {"uv": [13.75, 15.75, 14, 16], "rotation": 90, "texture": "#0"},
				"east": {"uv": [13.75, 15.75, 14, 16], "rotation": 90, "texture": "#0"},
				"south": {"uv": [13.75, 15.75, 14, 16], "rotation": 90, "texture": "#0"},
				"west": {"uv": [13.75, 15.75, 14, 16], "rotation": 90, "texture": "#0"},
				"up": {"uv": [13.75, 15.75, 14, 16], "rotation": 90, "texture": "#0"},
				"down": {"uv": [13.75, 15.75, 14, 16], "rotation": 90, "texture": "#0"}
			}
		},
		{
			"from": [-0.4437, 9.93889, -8.21093],
			"to": [0.5563, 10.93889, -7.21093],
			"rotation": {"angle": -45, "axis": "y", "origin": [2.15685, 11, -9.31371]},
			"faces": {
				"north": {"uv": [13.75, 15.75, 14, 16], "rotation": 90, "texture": "#0"},
				"east": {"uv": [13.75, 15.75, 14, 16], "rotation": 90, "texture": "#0"},
				"south": {"uv": [13.75, 15.75, 14, 16], "rotation": 90, "texture": "#0"},
				"west": {"uv": [13.75, 15.75, 14, 16], "rotation": 90, "texture": "#0"},
				"up": {"uv": [13.75, 15.75, 14, 16], "rotation": 90, "texture": "#0"},
				"down": {"uv": [13.75, 15.75, 14, 16], "rotation": 90, "texture": "#0"}
			}
		},
		{
			"from": [-0.4437, 11.13889, -8.21093],
			"to": [0.5563, 12.13889, -7.21093],
			"rotation": {"angle": -45, "axis": "y", "origin": [2.15685, 11, -9.31371]},
			"faces": {
				"north": {"uv": [13.75, 15.75, 14, 16], "rotation": 90, "texture": "#0"},
				"east": {"uv": [13.75, 15.75, 14, 16], "rotation": 90, "texture": "#0"},
				"south": {"uv": [13.75, 15.75, 14, 16], "rotation": 90, "texture": "#0"},
				"west": {"uv": [13.75, 15.75, 14, 16], "rotation": 90, "texture": "#0"},
				"up": {"uv": [13.75, 15.75, 14, 16], "rotation": 90, "texture": "#0"},
				"down": {"uv": [13.75, 15.75, 14, 16], "rotation": 90, "texture": "#0"}
			}
		},
		{
			"from": [-0.4437, 12.33889, -8.21093],
			"to": [0.5563, 13.33889, -7.21093],
			"rotation": {"angle": -45, "axis": "y", "origin": [2.15685, 11, -9.31371]},
			"faces": {
				"north": {"uv": [13.75, 15.75, 14, 16], "rotation": 90, "texture": "#0"},
				"east": {"uv": [13.75, 15.75, 14, 16], "rotation": 90, "texture": "#0"},
				"south": {"uv": [13.75, 15.75, 14, 16], "rotation": 90, "texture": "#0"},
				"west": {"uv": [13.75, 15.75, 14, 16], "rotation": 90, "texture": "#0"},
				"up": {"uv": [13.75, 15.75, 14, 16], "rotation": 90, "texture": "#0"},
				"down": {"uv": [13.75, 15.75, 14, 16], "rotation": 90, "texture": "#0"}
			}
		},
		{
			"from": [0.1063, 8.68889, -6.46093],
			"to": [1.8063, 13.28889, -4.46093],
			"rotation": {"angle": -45, "axis": "y", "origin": [2.15685, 11, -9.31371]},
			"faces": {
				"north": {"uv": [0, 0, 1.7, 4.6], "texture": "#0"},
				"east": {"uv": [5.75, 15, 6.75, 16], "texture": "#0"},
				"south": {"uv": [5.75, 15, 6.75, 16], "texture": "#0"},
				"west": {"uv": [9.75, 15.75, 11.25, 16], "rotation": 90, "texture": "#0"},
				"up": {"uv": [5.75, 15, 6.75, 16], "texture": "#0"},
				"down": {"uv": [5.75, 15, 6.75, 16], "texture": "#0"}
			}
		},
		{
			"name": "right_arm",
			"from": [0.3063, 8.88889, -8.46093],
			"to": [4.3063, 12.88889, 3.53907],
			"rotation": {"angle": -45, "axis": "y", "origin": [2.15685, 11, -9.31371]},
			"faces": {
				"north": {"uv": [13, 4, 12, 5], "texture": "#0"},
				"east": {"uv": [12, 5, 13, 8], "rotation": 270, "texture": "#0"},
				"south": {"uv": [12, 5, 11, 4], "rotation": 180, "texture": "#0"},
				"west": {"uv": [10, 5, 11, 8], "rotation": 90, "texture": "#0"},
				"up": {"uv": [13, 5, 14, 8], "rotation": 180, "texture": "#0"},
				"down": {"uv": [11, 5, 12, 8], "texture": "#0"}
			}
		},
		{
			"from": [-7.2, 16, -2],
			"to": [-7.2, 17, 9],
			"rotation": {"angle": -45, "axis": "y", "origin": [-1.2, 16.5, 3.5]},
			"faces": {
				"north": {"uv": [7.5, 4.5, 8.25, 4.75], "texture": "#0"},
				"east": {"uv": [7.5, 4.5, 8.25, 4.75], "texture": "#0"},
				"south": {"uv": [7.5, 4.5, 8.25, 4.75], "texture": "#0"},
				"west": {"uv": [7.5, 4.5, 8.25, 4.75], "texture": "#0"},
				"up": {"uv": [7.5, 4.5, 8.25, 4.75], "texture": "#0"},
				"down": {"uv": [7.5, 4.5, 8.25, 4.75], "texture": "#0"}
			}
		},
		{
			"from": [-9.2, 16, 3],
			"to": [-9.2, 17, 14],
			"rotation": {"angle": 0, "axis": "y", "origin": [-1.2, 16.5, 3.5]},
			"faces": {
				"north": {"uv": [7.5, 4.5, 8.25, 4.75], "texture": "#0"},
				"east": {"uv": [7.5, 4.5, 8.25, 4.75], "texture": "#0"},
				"south": {"uv": [7.5, 4.5, 8.25, 4.75], "texture": "#0"},
				"west": {"uv": [7.5, 4.5, 8.25, 4.75], "texture": "#0"},
				"up": {"uv": [7.5, 4.5, 8.25, 4.75], "texture": "#0"},
				"down": {"uv": [7.5, 4.5, 8.25, 4.75], "texture": "#0"}
			}
		},
		{
			"from": [-12.5, 16, 10],
			"to": [-12.5, 17, 21],
			"rotation": {"angle": 22.5, "axis": "y", "origin": [-1.2, 16.5, 3.5]},
			"faces": {
				"north": {"uv": [7.5, 4.5, 8.25, 4.75], "texture": "#0"},
				"east": {"uv": [7.5, 4.5, 8.25, 4.75], "texture": "#0"},
				"south": {"uv": [7.5, 4.5, 8.25, 4.75], "texture": "#0"},
				"west": {"uv": [7.5, 4.5, 8.25, 4.75], "texture": "#0"},
				"up": {"uv": [7.5, 4.5, 8.25, 4.75], "texture": "#0"},
				"down": {"uv": [7.5, 4.5, 8.25, 4.75], "texture": "#0"}
			}
		},
		{
			"from": [0.5, 3, -10.5],
			"to": [11.5, 4, -10.5],
			"rotation": {"angle": 22.5, "axis": "y", "origin": [6, 3.5, -4.5]},
			"faces": {
				"north": {"uv": [7.5, 4.5, 8.25, 4.75], "texture": "#0"},
				"east": {"uv": [7.5, 4.5, 8.25, 4.75], "texture": "#0"},
				"south": {"uv": [7.5, 4.5, 8.25, 4.75], "texture": "#0"},
				"west": {"uv": [7.5, 4.5, 8.25, 4.75], "texture": "#0"},
				"up": {"uv": [7.5, 4.5, 8.25, 4.75], "texture": "#0"},
				"down": {"uv": [7.5, 4.5, 8.25, 4.75], "texture": "#0"}
			}
		},
		{
			"from": [-6.1, 6, 2],
			"to": [-6.1, 7, 13],
			"rotation": {"angle": 0, "axis": "y", "origin": [2.2, 3.5, -4.5]},
			"faces": {
				"north": {"uv": [7.5, 4.5, 8.25, 4.75], "texture": "#0"},
				"east": {"uv": [7.5, 4.5, 8.25, 4.75], "texture": "#0"},
				"south": {"uv": [7.5, 4.5, 8.25, 4.75], "texture": "#0"},
				"west": {"uv": [7.5, 4.5, 8.25, 4.75], "texture": "#0"},
				"up": {"uv": [7.5, 4.5, 8.25, 4.75], "texture": "#0"},
				"down": {"uv": [7.5, 4.5, 8.25, 4.75], "texture": "#0"}
			}
		},
		{
			"from": [-10.0604, 6, 13.61028],
			"to": [-10.0604, 7, 24.61028],
			"rotation": {"angle": 22.5, "axis": "y", "origin": [-10.0604, 6.5, 3.41028]},
			"faces": {
				"north": {"uv": [7.5, 4.5, 8.25, 4.75], "texture": "#0"},
				"east": {"uv": [7.5, 4.5, 8.25, 4.75], "texture": "#0"},
				"south": {"uv": [7.5, 4.5, 8.25, 4.75], "texture": "#0"},
				"west": {"uv": [7.5, 4.5, 8.25, 4.75], "texture": "#0"},
				"up": {"uv": [7.5, 4.5, 8.25, 4.75], "texture": "#0"},
				"down": {"uv": [7.5, 4.5, 8.25, 4.75], "texture": "#0"}
			}
		},
		{
			"from": [-2, 3, -5],
			"to": [-2, 4, 6],
			"rotation": {"angle": -22.5, "axis": "y", "origin": [6, 3.5, -4.5]},
			"faces": {
				"north": {"uv": [7.5, 4.5, 8.25, 4.75], "texture": "#0"},
				"east": {"uv": [7.5, 4.5, 8.25, 4.75], "texture": "#0"},
				"south": {"uv": [7.5, 4.5, 8.25, 4.75], "texture": "#0"},
				"west": {"uv": [7.5, 4.5, 8.25, 4.75], "texture": "#0"},
				"up": {"uv": [7.5, 4.5, 8.25, 4.75], "texture": "#0"},
				"down": {"uv": [7.5, 4.5, 8.25, 4.75], "texture": "#0"}
			}
		},
		{
			"from": [-12, -2, 6],
			"to": [-12, -1, 17],
			"rotation": {"angle": 22.5, "axis": "y", "origin": [-6, -1.5, 11.5]},
			"faces": {
				"north": {"uv": [7.5, 4.5, 8.25, 4.75], "texture": "#0"},
				"east": {"uv": [7.5, 4.5, 8.25, 4.75], "texture": "#0"},
				"south": {"uv": [7.5, 4.5, 8.25, 4.75], "texture": "#0"},
				"west": {"uv": [7.5, 4.5, 8.25, 4.75], "texture": "#0"},
				"up": {"uv": [7.5, 4.5, 8.25, 4.75], "rotation": 270, "texture": "#0"},
				"down": {"uv": [7.5, 4.5, 8.25, 4.75], "rotation": 90, "texture": "#0"}
			}
		},
		{
			"from": [-6.5, -2, 19.5],
			"to": [4.5, -1, 19.5],
			"rotation": {"angle": -22.5, "axis": "y", "origin": [-6, -1.5, 11.5]},
			"faces": {
				"north": {"uv": [7.5, 4.5, 8.25, 4.75], "texture": "#0"},
				"east": {"uv": [7.5, 4.5, 8.25, 4.75], "texture": "#0"},
				"south": {"uv": [7.5, 4.5, 8.25, 4.75], "texture": "#0"},
				"west": {"uv": [7.5, 4.5, 8.25, 4.75], "texture": "#0"},
				"up": {"uv": [7.5, 4.5, 8.25, 4.75], "rotation": 270, "texture": "#0"},
				"down": {"uv": [7.5, 4.5, 8.25, 4.75], "rotation": 90, "texture": "#0"}
			}
		},
		{
			"from": [-3, 16, 11],
			"to": [-3, 17, 22],
			"rotation": {"angle": 22.5, "axis": "y", "origin": [6, 14.5, 11.5]},
			"faces": {
				"north": {"uv": [7.5, 4.5, 8.25, 4.75], "texture": "#0"},
				"east": {"uv": [7.5, 4.5, 8.25, 4.75], "texture": "#0"},
				"south": {"uv": [7.5, 4.5, 8.25, 4.75], "texture": "#0"},
				"west": {"uv": [7.5, 4.5, 8.25, 4.75], "texture": "#0"},
				"up": {"uv": [7.5, 4.5, 8.25, 4.75], "rotation": 270, "texture": "#0"},
				"down": {"uv": [7.5, 4.5, 8.25, 4.75], "rotation": 90, "texture": "#0"}
			}
		},
		{
			"from": [31.87135, -2, 11.4216],
			"to": [31.87135, -1, 22.4216],
			"rotation": {"angle": -22.5, "axis": "y", "origin": [29.99267, -1.5, 12.30028]},
			"faces": {
				"north": {"uv": [8.25, 4.5, 7.5, 4.75], "texture": "#0"},
				"east": {"uv": [8.25, 4.5, 7.5, 4.75], "texture": "#0"},
				"south": {"uv": [8.25, 4.5, 7.5, 4.75], "texture": "#0"},
				"west": {"uv": [8.25, 4.5, 7.5, 4.75], "texture": "#0"},
				"up": {"uv": [7.5, 4.75, 8.25, 4.5], "rotation": 180, "texture": "#0"},
				"down": {"uv": [7.5, 4.75, 8.25, 4.5], "rotation": 180, "texture": "#0"}
			}
		},
		{
			"from": [31.93201, -2, 2.20408],
			"to": [31.93201, -1, 13.20408],
			"rotation": {"angle": 22.5, "axis": "y", "origin": [29.99267, -1.5, 12.30028]},
			"faces": {
				"north": {"uv": [8.25, 4.5, 7.5, 4.75], "texture": "#0"},
				"east": {"uv": [8.25, 4.5, 7.5, 4.75], "texture": "#0"},
				"south": {"uv": [8.25, 4.5, 7.5, 4.75], "texture": "#0"},
				"west": {"uv": [8.25, 4.5, 7.5, 4.75], "texture": "#0"},
				"up": {"uv": [7.5, 4.75, 8.25, 4.5], "rotation": 270, "texture": "#0"},
				"down": {"uv": [7.5, 4.75, 8.25, 4.5], "rotation": 90, "texture": "#0"}
			}
		},
		{
			"from": [20.32307, 6, -1.5894],
			"to": [20.32307, 7, 9.4106],
			"rotation": {"angle": 22.5, "axis": "y", "origin": [19.27614, 6.5, -1.2924]},
			"faces": {
				"north": {"uv": [8.25, 4.5, 7.5, 4.75], "texture": "#0"},
				"east": {"uv": [8.25, 4.5, 7.5, 4.75], "texture": "#0"},
				"south": {"uv": [8.25, 4.5, 7.5, 4.75], "texture": "#0"},
				"west": {"uv": [8.25, 4.5, 7.5, 4.75], "texture": "#0"},
				"up": {"uv": [8.25, 4.5, 7.5, 4.75], "texture": "#0"},
				"down": {"uv": [8.25, 4.5, 7.5, 4.75], "texture": "#0"}
			}
		},
		{
			"from": [18, 11, 7],
			"to": [18, 12, 18],
			"rotation": {"angle": -22.5, "axis": "y", "origin": [10, 11.5, 7.5]},
			"faces": {
				"north": {"uv": [8.25, 4.5, 7.5, 4.75], "texture": "#0"},
				"east": {"uv": [8.25, 4.5, 7.5, 4.75], "texture": "#0"},
				"south": {"uv": [8.25, 4.5, 7.5, 4.75], "texture": "#0"},
				"west": {"uv": [8.25, 4.5, 7.5, 4.75], "texture": "#0"},
				"up": {"uv": [8.25, 4.5, 7.5, 4.75], "texture": "#0"},
				"down": {"uv": [8.25, 4.5, 7.5, 4.75], "texture": "#0"}
			}
		},
		{
			"from": [16, 11, 2],
			"to": [16, 12, 13],
			"rotation": {"angle": 22.5, "axis": "y", "origin": [10, 11.5, 7.5]},
			"faces": {
				"north": {"uv": [8.25, 4.5, 7.5, 4.75], "texture": "#0"},
				"east": {"uv": [8.25, 4.5, 7.5, 4.75], "texture": "#0"},
				"south": {"uv": [8.25, 4.5, 7.5, 4.75], "texture": "#0"},
				"west": {"uv": [8.25, 4.5, 7.5, 4.75], "texture": "#0"},
				"up": {"uv": [8.25, 4.5, 7.5, 4.75], "rotation": 90, "texture": "#0"},
				"down": {"uv": [8.25, 4.5, 7.5, 4.75], "rotation": 270, "texture": "#0"}
			}
		},
		{
			"from": [25, 16, -2],
			"to": [25, 17, 9],
			"rotation": {"angle": 45, "axis": "y", "origin": [19, 16.5, 3.5]},
			"faces": {
				"north": {"uv": [8.25, 4.5, 7.5, 4.75], "texture": "#0"},
				"east": {"uv": [8.25, 4.5, 7.5, 4.75], "texture": "#0"},
				"south": {"uv": [8.25, 4.5, 7.5, 4.75], "texture": "#0"},
				"west": {"uv": [8.25, 4.5, 7.5, 4.75], "texture": "#0"},
				"up": {"uv": [8.25, 4.5, 7.5, 4.75], "texture": "#0"},
				"down": {"uv": [8.25, 4.5, 7.5, 4.75], "texture": "#0"}
			}
		},
		{
			"from": [27, 16, 3],
			"to": [27, 17, 14],
			"rotation": {"angle": 0, "axis": "y", "origin": [19, 16.5, 3.5]},
			"faces": {
				"north": {"uv": [8.25, 4.5, 7.5, 4.75], "texture": "#0"},
				"east": {"uv": [8.25, 4.5, 7.5, 4.75], "texture": "#0"},
				"south": {"uv": [8.25, 4.5, 7.5, 4.75], "texture": "#0"},
				"west": {"uv": [8.25, 4.5, 7.5, 4.75], "texture": "#0"},
				"up": {"uv": [8.25, 4.5, 7.5, 4.75], "texture": "#0"},
				"down": {"uv": [8.25, 4.5, 7.5, 4.75], "texture": "#0"}
			}
		},
		{
			"from": [30.3, 11, 10],
			"to": [30.3, 12, 21],
			"rotation": {"angle": -22.5, "axis": "y", "origin": [19, 16.5, 3.5]},
			"faces": {
				"north": {"uv": [8.25, 4.5, 7.5, 4.75], "texture": "#0"},
				"east": {"uv": [8.25, 4.5, 7.5, 4.75], "texture": "#0"},
				"south": {"uv": [8.25, 4.5, 7.5, 4.75], "texture": "#0"},
				"west": {"uv": [8.25, 4.5, 7.5, 4.75], "texture": "#0"},
				"up": {"uv": [8.25, 4.5, 7.5, 4.75], "texture": "#0"},
				"down": {"uv": [8.25, 4.5, 7.5, 4.75], "texture": "#0"}
			}
		},
		{
			"from": [26.84764, 11, 2.81088],
			"to": [26.84764, 12, 13.81088],
			"rotation": {"angle": 0, "axis": "y", "origin": [24.84764, 11.5, 18.91088]},
			"faces": {
				"north": {"uv": [8.25, 4.5, 7.5, 4.75], "texture": "#0"},
				"east": {"uv": [8.25, 4.5, 7.5, 4.75], "texture": "#0"},
				"south": {"uv": [8.25, 4.5, 7.5, 4.75], "texture": "#0"},
				"west": {"uv": [8.25, 4.5, 7.5, 4.75], "texture": "#0"},
				"up": {"uv": [8.25, 4.5, 7.5, 4.75], "texture": "#0"},
				"down": {"uv": [8.25, 4.5, 7.5, 4.75], "texture": "#0"}
			}
		},
		{
			"from": [20.3, 6, -12],
			"to": [20.3, 7, -1],
			"rotation": {"angle": 45, "axis": "y", "origin": [19.27614, 6.5, -1.2924]},
			"faces": {
				"north": {"uv": [8.25, 4.5, 7.5, 4.75], "texture": "#0"},
				"east": {"uv": [8.25, 4.5, 7.5, 4.75], "texture": "#0"},
				"south": {"uv": [8.25, 4.5, 7.5, 4.75], "texture": "#0"},
				"west": {"uv": [8.25, 4.5, 7.5, 4.75], "texture": "#0"},
				"up": {"uv": [8.25, 4.5, 7.5, 4.75], "texture": "#0"},
				"down": {"uv": [8.25, 4.5, 7.5, 4.75], "texture": "#0"}
			}
		}
	],
	"display": {
		"thirdperson_righthand": {
			"translation": [-7.75, -2.5, 1.75],
			"scale": [1.1, 1.1, 1.1]
		},
		"thirdperson_lefthand": {
			"rotation": [0, 0, -180],
			"translation": [0.5, -10.5, 7],
			"scale": [1.1, 1.1, 1.1]
		},
		"ground": {
			"translation": [0, 8.5, 0]
		},
		"head": {
			"translation": [0, -29, 0],
			"scale": [1.6, 1.6, 1.6]
		}
	},
	"groups": [
		{
			"name": "steve",
			"origin": [8, 8, 8],
			"color": 0,
			"children": [
				{
					"name": "group",
					"origin": [9.14944, -0.01111, 5.64722],
					"color": 0,
					"children": [0, 1, 2, 3, 4, 5, 6, 7, 8]
				},
				{
					"name": "group",
					"origin": [9.14944, -0.01111, 5.64722],
					"color": 0,
					"children": [9, 10, 11, 12, 13, 14, 15, 16, 17]
				},
				{
					"name": "group",
					"origin": [9.14944, -0.01111, 5.64722],
					"color": 0,
					"children": [18, 19, 20, 21, 22, 23, 24, 25, 26]
				},
				{
					"name": "group",
					"origin": [9.14944, -0.01111, 5.64722],
					"color": 0,
					"children": [27, 28, 29, 30, 31, 32, 33, 34, 35]
				},
				{
					"name": "group",
					"origin": [9.14944, -0.01111, 5.64722],
					"color": 0,
					"children": [36, 37, 38, 39, 40, 41, 42, 43, 44]
				},
				{
					"name": "group",
					"origin": [9.14944, -0.01111, 5.64722],
					"color": 0,
					"children": [45, 46, 47, 48, 49, 50, 51, 52, 53]
				}
			]
		},
		{
			"name": "steve",
			"origin": [8, 8, 8],
			"color": 0,
			"children": [
				{
					"name": "group",
					"origin": [9.14944, -0.01111, 5.64722],
					"color": 0,
					"children": [54, 55, 56, 57, 58, 59, 60, 61, 62]
				},
				{
					"name": "group",
					"origin": [9.14944, -0.01111, 5.64722],
					"color": 0,
					"children": [63, 64, 65, 66, 67, 68, 69, 70, 71]
				},
				{
					"name": "group",
					"origin": [9.14944, -0.01111, 5.64722],
					"color": 0,
					"children": [72, 73, 74, 75, 76, 77, 78, 79, 80]
				},
				{
					"name": "group",
					"origin": [9.14944, -0.01111, 5.64722],
					"color": 0,
					"children": [81, 82, 83, 84, 85, 86, 87, 88, 89]
				},
				{
					"name": "group",
					"origin": [9.14944, -0.01111, 5.64722],
					"color": 0,
					"children": [90, 91, 92, 93, 94, 95, 96, 97, 98]
				},
				{
					"name": "group",
					"origin": [9.14944, -0.01111, 5.64722],
					"color": 0,
					"children": [99, 100, 101, 102, 103, 104, 105, 106, 107]
				}
			]
		}, 108, 109, 110, 111, 112, 113, 114, 115, 116, 117, 118, 119, 120, 121, 122, 123, 124, 125, 126, 127]
}