{
	"credit": "Made with Blockbench",
	"textures": {
		"0": "stand/star_platinum/skin",
		"particle": "stand/star_platinum/skin"
	},
	"elements": [
		{
			"name": "right_arm_2nd_layer",
			"from": [18.15501, 3.41111, -14.38929],
			"to": [23.14501, 8.61111, -1.48929],
			"rotation": {"angle": 22.5, "axis": "y", "origin": [16.80445, 8, 6.55793]},
			"faces": {
				"north": {"uv": [13, 8, 12, 9], "rotation": 180, "texture": "#0"},
				"east": {"uv": [10, 9, 11, 12], "rotation": 270, "texture": "#0"},
				"south": {"uv": [12, 9, 11, 8], "texture": "#0"},
				"west": {"uv": [12, 9, 13, 12], "rotation": 90, "texture": "#0"},
				"up": {"uv": [11, 9, 12, 12], "rotation": 180, "texture": "#0"},
				"down": {"uv": [13, 9, 14, 12], "texture": "#0"}
			}
		},
		{
			"from": [18.15501, 3.51111, -14.58929],
			"to": [23.15501, 8.51111, -12.58929],
			"rotation": {"angle": 22.5, "axis": "y", "origin": [16.80445, 8, 6.55793]},
			"faces": {
				"north": {"uv": [5.75, 15, 6.75, 16], "rotation": 180, "texture": "#0"},
				"east": {"uv": [9.25, 15.5, 11.75, 16], "rotation": 270, "texture": "#0"},
				"south": {"uv": [5.75, 15, 6.75, 16], "rotation": 180, "texture": "#0"},
				"west": {"uv": [5.75, 15, 6.75, 16], "rotation": 180, "texture": "#0"},
				"up": {"uv": [5.75, 15, 6.75, 16], "rotation": 180, "texture": "#0"},
				"down": {"uv": [5.75, 15, 6.75, 16], "rotation": 180, "texture": "#0"}
			}
		},
		{
			"from": [18.65501, 4.01111, -14.73929],
			"to": [22.65501, 8.01111, -14.48929],
			"rotation": {"angle": 22.5, "axis": "y", "origin": [16.80445, 8, 6.55793]},
			"faces": {
				"north": {"uv": [6.5, 12.5, 6.75, 13], "rotation": 180, "texture": "#0"},
				"east": {"uv": [6.5, 12.5, 6.75, 13], "rotation": 180, "texture": "#0"},
				"south": {"uv": [6.5, 12.5, 6.75, 13], "rotation": 180, "texture": "#0"},
				"west": {"uv": [6.5, 12.5, 6.75, 13], "rotation": 180, "texture": "#0"},
				"up": {"uv": [6.5, 12.5, 6.75, 13], "rotation": 180, "texture": "#0"},
				"down": {"uv": [6.5, 12.5, 6.75, 13], "rotation": 180, "texture": "#0"}
			}
		},
		{
			"from": [22.40501, 7.26111, -14.23929],
			"to": [23.40501, 8.26111, -13.23929],
			"rotation": {"angle": 22.5, "axis": "y", "origin": [16.80445, 8, 6.55793]},
			"faces": {
				"north": {"uv": [13.75, 15.75, 14, 16], "rotation": 270, "texture": "#0"},
				"east": {"uv": [13.75, 15.75, 14, 16], "rotation": 270, "texture": "#0"},
				"south": {"uv": [13.75, 15.75, 14, 16], "rotation": 270, "texture": "#0"},
				"west": {"uv": [13.75, 15.75, 14, 16], "rotation": 270, "texture": "#0"},
				"up": {"uv": [13.75, 15.75, 14, 16], "rotation": 270, "texture": "#0"},
				"down": {"uv": [13.75, 15.75, 14, 16], "rotation": 270, "texture": "#0"}
			}
		},
		{
			"from": [22.40501, 6.06111, -14.23929],
			"to": [23.40501, 7.06111, -13.23929],
			"rotation": {"angle": 22.5, "axis": "y", "origin": [16.80445, 8, 6.55793]},
			"faces": {
				"north": {"uv": [13.75, 15.75, 14, 16], "rotation": 270, "texture": "#0"},
				"east": {"uv": [13.75, 15.75, 14, 16], "rotation": 270, "texture": "#0"},
				"south": {"uv": [13.75, 15.75, 14, 16], "rotation": 270, "texture": "#0"},
				"west": {"uv": [13.75, 15.75, 14, 16], "rotation": 270, "texture": "#0"},
				"up": {"uv": [13.75, 15.75, 14, 16], "rotation": 270, "texture": "#0"},
				"down": {"uv": [13.75, 15.75, 14, 16], "rotation": 270, "texture": "#0"}
			}
		},
		{
			"from": [22.40501, 4.86111, -14.23929],
			"to": [23.40501, 5.86111, -13.23929],
			"rotation": {"angle": 22.5, "axis": "y", "origin": [16.80445, 8, 6.55793]},
			"faces": {
				"north": {"uv": [13.75, 15.75, 14, 16], "rotation": 270, "texture": "#0"},
				"east": {"uv": [13.75, 15.75, 14, 16], "rotation": 270, "texture": "#0"},
				"south": {"uv": [13.75, 15.75, 14, 16], "rotation": 270, "texture": "#0"},
				"west": {"uv": [13.75, 15.75, 14, 16], "rotation": 270, "texture": "#0"},
				"up": {"uv": [13.75, 15.75, 14, 16], "rotation": 270, "texture": "#0"},
				"down": {"uv": [13.75, 15.75, 14, 16], "rotation": 270, "texture": "#0"}
			}
		},
		{
			"from": [22.40501, 3.66111, -14.23929],
			"to": [23.40501, 4.66111, -13.23929],
			"rotation": {"angle": 22.5, "axis": "y", "origin": [16.80445, 8, 6.55793]},
			"faces": {
				"north": {"uv": [13.75, 15.75, 14, 16], "rotation": 270, "texture": "#0"},
				"east": {"uv": [13.75, 15.75, 14, 16], "rotation": 270, "texture": "#0"},
				"south": {"uv": [13.75, 15.75, 14, 16], "rotation": 270, "texture": "#0"},
				"west": {"uv": [13.75, 15.75, 14, 16], "rotation": 270, "texture": "#0"},
				"up": {"uv": [13.75, 15.75, 14, 16], "rotation": 270, "texture": "#0"},
				"down": {"uv": [13.75, 15.75, 14, 16], "rotation": 270, "texture": "#0"}
			}
		},
		{
			"from": [21.15501, 3.71111, -12.48929],
			"to": [22.85501, 8.31111, -10.48929],
			"rotation": {"angle": 22.5, "axis": "y", "origin": [16.80445, 8, 6.55793]},
			"faces": {
				"north": {"uv": [0, 0, 1.7, 4.6], "rotation": 180, "texture": "#0"},
				"east": {"uv": [9.75, 15.75, 11.25, 16], "rotation": 270, "texture": "#0"},
				"south": {"uv": [5.75, 15, 6.75, 16], "rotation": 180, "texture": "#0"},
				"west": {"uv": [5.75, 15, 6.75, 16], "rotation": 180, "texture": "#0"},
				"up": {"uv": [5.75, 15, 6.75, 16], "rotation": 180, "texture": "#0"},
				"down": {"uv": [5.75, 15, 6.75, 16], "rotation": 180, "texture": "#0"}
			}
		},
		{
			"name": "right_arm",
			"from": [18.65501, 4.11111, -14.48929],
			"to": [22.65501, 8.11111, -2.48929],
			"rotation": {"angle": 22.5, "axis": "y", "origin": [16.80445, 8, 6.55793]},
			"faces": {
				"north": {"uv": [13, 4, 12, 5], "rotation": 180, "texture": "#0"},
				"east": {"uv": [10, 5, 11, 8], "rotation": 270, "texture": "#0"},
				"south": {"uv": [12, 5, 11, 4], "texture": "#0"},
				"west": {"uv": [12, 5, 13, 8], "rotation": 90, "texture": "#0"},
				"up": {"uv": [11, 5, 12, 8], "rotation": 180, "texture": "#0"},
				"down": {"uv": [13, 5, 14, 8], "texture": "#0"}
			}
		},
		{
			"name": "right_arm_2nd_layer",
			"from": [15.80467, -7.63594, -2.17611],
			"to": [19.99627, -3.26794, 8.65989],
			"rotation": {"angle": -45, "axis": "z", "origin": [15.1702, -4.46127, 3.34356]},
			"faces": {
				"north": {"uv": [13, 8, 12, 9], "rotation": 180, "texture": "#0"},
				"east": {"uv": [10, 9, 11, 12], "rotation": 270, "texture": "#0"},
				"south": {"uv": [12, 9, 11, 8], "texture": "#0"},
				"west": {"uv": [12, 9, 13, 12], "rotation": 90, "texture": "#0"},
				"up": {"uv": [11, 9, 12, 12], "rotation": 180, "texture": "#0"},
				"down": {"uv": [13, 9, 14, 12], "texture": "#0"}
			}
		},
		{
			"from": [15.80467, -7.55194, -2.34411],
			"to": [20.00467, -3.35194, -0.66411],
			"rotation": {"angle": -45, "axis": "z", "origin": [15.1702, -4.46127, 3.34356]},
			"faces": {
				"north": {"uv": [5.75, 15, 6.75, 16], "rotation": 180, "texture": "#0"},
				"east": {"uv": [9.25, 15.5, 11.75, 16], "rotation": 270, "texture": "#0"},
				"south": {"uv": [5.75, 15, 6.75, 16], "rotation": 180, "texture": "#0"},
				"west": {"uv": [5.75, 15, 6.75, 16], "rotation": 180, "texture": "#0"},
				"up": {"uv": [5.75, 15, 6.75, 16], "rotation": 180, "texture": "#0"},
				"down": {"uv": [5.75, 15, 6.75, 16], "rotation": 180, "texture": "#0"}
			}
		},
		{
			"from": [16.22467, -7.13194, -2.47011],
			"to": [19.58467, -3.77194, -2.26011],
			"rotation": {"angle": -45, "axis": "z", "origin": [15.1702, -4.46127, 3.34356]},
			"faces": {
				"north": {"uv": [6.5, 12.5, 6.75, 13], "rotation": 180, "texture": "#0"},
				"east": {"uv": [6.5, 12.5, 6.75, 13], "rotation": 180, "texture": "#0"},
				"south": {"uv": [6.5, 12.5, 6.75, 13], "rotation": 180, "texture": "#0"},
				"west": {"uv": [6.5, 12.5, 6.75, 13], "rotation": 180, "texture": "#0"},
				"up": {"uv": [6.5, 12.5, 6.75, 13], "rotation": 180, "texture": "#0"},
				"down": {"uv": [6.5, 12.5, 6.75, 13], "rotation": 180, "texture": "#0"}
			}
		},
		{
			"from": [19.37467, -4.40194, -2.05011],
			"to": [20.21467, -3.56194, -1.21011],
			"rotation": {"angle": -45, "axis": "z", "origin": [15.1702, -4.46127, 3.34356]},
			"faces": {
				"north": {"uv": [13.75, 15.75, 14, 16], "rotation": 270, "texture": "#0"},
				"east": {"uv": [13.75, 15.75, 14, 16], "rotation": 270, "texture": "#0"},
				"south": {"uv": [13.75, 15.75, 14, 16], "rotation": 270, "texture": "#0"},
				"west": {"uv": [13.75, 15.75, 14, 16], "rotation": 270, "texture": "#0"},
				"up": {"uv": [13.75, 15.75, 14, 16], "rotation": 270, "texture": "#0"},
				"down": {"uv": [13.75, 15.75, 14, 16], "rotation": 270, "texture": "#0"}
			}
		},
		{
			"from": [19.37467, -5.40994, -2.05011],
			"to": [20.21467, -4.56994, -1.21011],
			"rotation": {"angle": -45, "axis": "z", "origin": [15.1702, -4.46127, 3.34356]},
			"faces": {
				"north": {"uv": [13.75, 15.75, 14, 16], "rotation": 270, "texture": "#0"},
				"east": {"uv": [13.75, 15.75, 14, 16], "rotation": 270, "texture": "#0"},
				"south": {"uv": [13.75, 15.75, 14, 16], "rotation": 270, "texture": "#0"},
				"west": {"uv": [13.75, 15.75, 14, 16], "rotation": 270, "texture": "#0"},
				"up": {"uv": [13.75, 15.75, 14, 16], "rotation": 270, "texture": "#0"},
				"down": {"uv": [13.75, 15.75, 14, 16], "rotation": 270, "texture": "#0"}
			}
		},
		{
			"from": [19.37467, -6.41794, -2.05011],
			"to": [20.21467, -5.57794, -1.21011],
			"rotation": {"angle": -45, "axis": "z", "origin": [15.1702, -4.46127, 3.34356]},
			"faces": {
				"north": {"uv": [13.75, 15.75, 14, 16], "rotation": 270, "texture": "#0"},
				"east": {"uv": [13.75, 15.75, 14, 16], "rotation": 270, "texture": "#0"},
				"south": {"uv": [13.75, 15.75, 14, 16], "rotation": 270, "texture": "#0"},
				"west": {"uv": [13.75, 15.75, 14, 16], "rotation": 270, "texture": "#0"},
				"up": {"uv": [13.75, 15.75, 14, 16], "rotation": 270, "texture": "#0"},
				"down": {"uv": [13.75, 15.75, 14, 16], "rotation": 270, "texture": "#0"}
			}
		},
		{
			"from": [19.37467, -7.42594, -2.05011],
			"to": [20.21467, -6.58594, -1.21011],
			"rotation": {"angle": -45, "axis": "z", "origin": [15.1702, -4.46127, 3.34356]},
			"faces": {
				"north": {"uv": [13.75, 15.75, 14, 16], "rotation": 270, "texture": "#0"},
				"east": {"uv": [13.75, 15.75, 14, 16], "rotation": 270, "texture": "#0"},
				"south": {"uv": [13.75, 15.75, 14, 16], "rotation": 270, "texture": "#0"},
				"west": {"uv": [13.75, 15.75, 14, 16], "rotation": 270, "texture": "#0"},
				"up": {"uv": [13.75, 15.75, 14, 16], "rotation": 270, "texture": "#0"},
				"down": {"uv": [13.75, 15.75, 14, 16], "rotation": 270, "texture": "#0"}
			}
		},
		{
			"from": [18.32467, -7.38394, -0.58011],
			"to": [19.75267, -3.51994, 1.09989],
			"rotation": {"angle": -45, "axis": "z", "origin": [15.1702, -4.46127, 3.34356]},
			"faces": {
				"north": {"uv": [0, 0, 1.7, 4.6], "rotation": 180, "texture": "#0"},
				"east": {"uv": [9.75, 15.75, 11.25, 16], "rotation": 270, "texture": "#0"},
				"south": {"uv": [5.75, 15, 6.75, 16], "rotation": 180, "texture": "#0"},
				"west": {"uv": [5.75, 15, 6.75, 16], "rotation": 180, "texture": "#0"},
				"up": {"uv": [5.75, 15, 6.75, 16], "rotation": 180, "texture": "#0"},
				"down": {"uv": [5.75, 15, 6.75, 16], "rotation": 180, "texture": "#0"}
			}
		},
		{
			"name": "right_arm",
			"from": [16.22467, -7.04794, -2.26011],
			"to": [19.58467, -3.68794, 7.81989],
			"rotation": {"angle": -45, "axis": "z", "origin": [15.1702, -4.46127, 3.34356]},
			"faces": {
				"north": {"uv": [13, 4, 12, 5], "rotation": 180, "texture": "#0"},
				"east": {"uv": [10, 5, 11, 8], "rotation": 270, "texture": "#0"},
				"south": {"uv": [12, 5, 11, 4], "texture": "#0"},
				"west": {"uv": [12, 5, 13, 8], "rotation": 90, "texture": "#0"},
				"up": {"uv": [11, 5, 12, 8], "rotation": 180, "texture": "#0"},
				"down": {"uv": [13, 5, 14, 8], "texture": "#0"}
			}
		},
		{
			"name": "right_arm_2nd_layer",
			"from": [27.10467, 5.36406, 19.62389],
			"to": [31.29627, 9.73206, 30.45989],
			"rotation": {"angle": 45, "axis": "z", "origin": [15.1702, -4.46127, 3.34356]},
			"faces": {
				"north": {"uv": [13, 8, 12, 9], "rotation": 180, "texture": "#0"},
				"east": {"uv": [10, 9, 11, 12], "rotation": 270, "texture": "#0"},
				"south": {"uv": [12, 9, 11, 8], "texture": "#0"},
				"west": {"uv": [12, 9, 13, 12], "rotation": 90, "texture": "#0"},
				"up": {"uv": [11, 9, 12, 12], "rotation": 180, "texture": "#0"},
				"down": {"uv": [13, 9, 14, 12], "texture": "#0"}
			}
		},
		{
			"from": [27.10467, 5.44806, 19.45589],
			"to": [31.30467, 9.64806, 21.13589],
			"rotation": {"angle": 45, "axis": "z", "origin": [15.1702, -4.46127, 3.34356]},
			"faces": {
				"north": {"uv": [5.75, 15, 6.75, 16], "rotation": 180, "texture": "#0"},
				"east": {"uv": [9.25, 15.5, 11.75, 16], "rotation": 270, "texture": "#0"},
				"south": {"uv": [5.75, 15, 6.75, 16], "rotation": 180, "texture": "#0"},
				"west": {"uv": [5.75, 15, 6.75, 16], "rotation": 180, "texture": "#0"},
				"up": {"uv": [5.75, 15, 6.75, 16], "rotation": 180, "texture": "#0"},
				"down": {"uv": [5.75, 15, 6.75, 16], "rotation": 180, "texture": "#0"}
			}
		},
		{
			"from": [27.52467, 5.86806, 19.32989],
			"to": [30.88467, 9.22806, 19.53989],
			"rotation": {"angle": 45, "axis": "z", "origin": [15.1702, -4.46127, 3.34356]},
			"faces": {
				"north": {"uv": [6.5, 12.5, 6.75, 13], "rotation": 180, "texture": "#0"},
				"east": {"uv": [6.5, 12.5, 6.75, 13], "rotation": 180, "texture": "#0"},
				"south": {"uv": [6.5, 12.5, 6.75, 13], "rotation": 180, "texture": "#0"},
				"west": {"uv": [6.5, 12.5, 6.75, 13], "rotation": 180, "texture": "#0"},
				"up": {"uv": [6.5, 12.5, 6.75, 13], "rotation": 180, "texture": "#0"},
				"down": {"uv": [6.5, 12.5, 6.75, 13], "rotation": 180, "texture": "#0"}
			}
		},
		{
			"from": [30.67467, 8.59806, 19.74989],
			"to": [31.51467, 9.43806, 20.58989],
			"rotation": {"angle": 45, "axis": "z", "origin": [15.1702, -4.46127, 3.34356]},
			"faces": {
				"north": {"uv": [13.75, 15.75, 14, 16], "rotation": 270, "texture": "#0"},
				"east": {"uv": [13.75, 15.75, 14, 16], "rotation": 270, "texture": "#0"},
				"south": {"uv": [13.75, 15.75, 14, 16], "rotation": 270, "texture": "#0"},
				"west": {"uv": [13.75, 15.75, 14, 16], "rotation": 270, "texture": "#0"},
				"up": {"uv": [13.75, 15.75, 14, 16], "rotation": 270, "texture": "#0"},
				"down": {"uv": [13.75, 15.75, 14, 16], "rotation": 270, "texture": "#0"}
			}
		},
		{
			"from": [30.67467, 7.59006, 19.74989],
			"to": [31.51467, 8.43006, 20.58989],
			"rotation": {"angle": 45, "axis": "z", "origin": [15.1702, -4.46127, 3.34356]},
			"faces": {
				"north": {"uv": [13.75, 15.75, 14, 16], "rotation": 270, "texture": "#0"},
				"east": {"uv": [13.75, 15.75, 14, 16], "rotation": 270, "texture": "#0"},
				"south": {"uv": [13.75, 15.75, 14, 16], "rotation": 270, "texture": "#0"},
				"west": {"uv": [13.75, 15.75, 14, 16], "rotation": 270, "texture": "#0"},
				"up": {"uv": [13.75, 15.75, 14, 16], "rotation": 270, "texture": "#0"},
				"down": {"uv": [13.75, 15.75, 14, 16], "rotation": 270, "texture": "#0"}
			}
		},
		{
			"from": [30.67467, 6.58206, 19.74989],
			"to": [31.51467, 7.42206, 20.58989],
			"rotation": {"angle": 45, "axis": "z", "origin": [15.1702, -4.46127, 3.34356]},
			"faces": {
				"north": {"uv": [13.75, 15.75, 14, 16], "rotation": 270, "texture": "#0"},
				"east": {"uv": [13.75, 15.75, 14, 16], "rotation": 270, "texture": "#0"},
				"south": {"uv": [13.75, 15.75, 14, 16], "rotation": 270, "texture": "#0"},
				"west": {"uv": [13.75, 15.75, 14, 16], "rotation": 270, "texture": "#0"},
				"up": {"uv": [13.75, 15.75, 14, 16], "rotation": 270, "texture": "#0"},
				"down": {"uv": [13.75, 15.75, 14, 16], "rotation": 270, "texture": "#0"}
			}
		},
		{
			"from": [30.67467, 5.57406, 19.74989],
			"to": [31.51467, 6.41406, 20.58989],
			"rotation": {"angle": 45, "axis": "z", "origin": [15.1702, -4.46127, 3.34356]},
			"faces": {
				"north": {"uv": [13.75, 15.75, 14, 16], "rotation": 270, "texture": "#0"},
				"east": {"uv": [13.75, 15.75, 14, 16], "rotation": 270, "texture": "#0"},
				"south": {"uv": [13.75, 15.75, 14, 16], "rotation": 270, "texture": "#0"},
				"west": {"uv": [13.75, 15.75, 14, 16], "rotation": 270, "texture": "#0"},
				"up": {"uv": [13.75, 15.75, 14, 16], "rotation": 270, "texture": "#0"},
				"down": {"uv": [13.75, 15.75, 14, 16], "rotation": 270, "texture": "#0"}
			}
		},
		{
			"from": [29.62467, 5.61606, 21.21989],
			"to": [31.05267, 9.48006, 22.89989],
			"rotation": {"angle": 45, "axis": "z", "origin": [15.1702, -4.46127, 3.34356]},
			"faces": {
				"north": {"uv": [0, 0, 1.7, 4.6], "rotation": 180, "texture": "#0"},
				"east": {"uv": [9.75, 15.75, 11.25, 16], "rotation": 270, "texture": "#0"},
				"south": {"uv": [5.75, 15, 6.75, 16], "rotation": 180, "texture": "#0"},
				"west": {"uv": [5.75, 15, 6.75, 16], "rotation": 180, "texture": "#0"},
				"up": {"uv": [5.75, 15, 6.75, 16], "rotation": 180, "texture": "#0"},
				"down": {"uv": [5.75, 15, 6.75, 16], "rotation": 180, "texture": "#0"}
			}
		},
		{
			"name": "right_arm",
			"from": [27.52467, 5.95206, 19.53989],
			"to": [30.88467, 9.31206, 29.61989],
			"rotation": {"angle": 45, "axis": "z", "origin": [15.1702, -4.46127, 3.34356]},
			"faces": {
				"north": {"uv": [13, 4, 12, 5], "rotation": 180, "texture": "#0"},
				"east": {"uv": [10, 5, 11, 8], "rotation": 270, "texture": "#0"},
				"south": {"uv": [12, 5, 11, 4], "texture": "#0"},
				"west": {"uv": [12, 5, 13, 8], "rotation": 90, "texture": "#0"},
				"up": {"uv": [11, 5, 12, 8], "rotation": 180, "texture": "#0"},
				"down": {"uv": [13, 5, 14, 8], "texture": "#0"}
			}
		},
		{
			"name": "right_arm_2nd_layer",
			"from": [18.85056, -2.48889, -0.04722],
			"to": [23.84056, 2.71111, 12.85278],
			"rotation": {"angle": 45, "axis": "y", "origin": [7.5, 1, 5]},
			"faces": {
				"north": {"uv": [13, 8, 12, 9], "rotation": 180, "texture": "#0"},
				"east": {"uv": [10, 9, 11, 12], "rotation": 270, "texture": "#0"},
				"south": {"uv": [12, 9, 11, 8], "texture": "#0"},
				"west": {"uv": [12, 9, 13, 12], "rotation": 90, "texture": "#0"},
				"up": {"uv": [11, 9, 12, 12], "rotation": 180, "texture": "#0"},
				"down": {"uv": [13, 9, 14, 12], "texture": "#0"}
			}
		},
		{
			"from": [18.85056, -2.38889, -0.24722],
			"to": [23.85056, 2.61111, 1.75278],
			"rotation": {"angle": 45, "axis": "y", "origin": [7.5, 1, 5]},
			"faces": {
				"north": {"uv": [5.75, 15, 6.75, 16], "rotation": 180, "texture": "#0"},
				"east": {"uv": [9.25, 15.5, 11.75, 16], "rotation": 270, "texture": "#0"},
				"south": {"uv": [5.75, 15, 6.75, 16], "rotation": 180, "texture": "#0"},
				"west": {"uv": [5.75, 15, 6.75, 16], "rotation": 180, "texture": "#0"},
				"up": {"uv": [5.75, 15, 6.75, 16], "rotation": 180, "texture": "#0"},
				"down": {"uv": [5.75, 15, 6.75, 16], "rotation": 180, "texture": "#0"}
			}
		},
		{
			"from": [19.35056, -1.88889, -0.39722],
			"to": [23.35056, 2.11111, -0.14722],
			"rotation": {"angle": 45, "axis": "y", "origin": [7.5, 1, 5]},
			"faces": {
				"north": {"uv": [6.5, 12.5, 6.75, 13], "rotation": 180, "texture": "#0"},
				"east": {"uv": [6.5, 12.5, 6.75, 13], "rotation": 180, "texture": "#0"},
				"south": {"uv": [6.5, 12.5, 6.75, 13], "rotation": 180, "texture": "#0"},
				"west": {"uv": [6.5, 12.5, 6.75, 13], "rotation": 180, "texture": "#0"},
				"up": {"uv": [6.5, 12.5, 6.75, 13], "rotation": 180, "texture": "#0"},
				"down": {"uv": [6.5, 12.5, 6.75, 13], "rotation": 180, "texture": "#0"}
			}
		},
		{
			"from": [23.10056, 1.36111, 0.10278],
			"to": [24.10056, 2.36111, 1.10278],
			"rotation": {"angle": 45, "axis": "y", "origin": [7.5, 1, 5]},
			"faces": {
				"north": {"uv": [13.75, 15.75, 14, 16], "rotation": 270, "texture": "#0"},
				"east": {"uv": [13.75, 15.75, 14, 16], "rotation": 270, "texture": "#0"},
				"south": {"uv": [13.75, 15.75, 14, 16], "rotation": 270, "texture": "#0"},
				"west": {"uv": [13.75, 15.75, 14, 16], "rotation": 270, "texture": "#0"},
				"up": {"uv": [13.75, 15.75, 14, 16], "rotation": 270, "texture": "#0"},
				"down": {"uv": [13.75, 15.75, 14, 16], "rotation": 270, "texture": "#0"}
			}
		},
		{
			"from": [23.10056, 0.16111, 0.10278],
			"to": [24.10056, 1.16111, 1.10278],
			"rotation": {"angle": 45, "axis": "y", "origin": [7.5, 1, 5]},
			"faces": {
				"north": {"uv": [13.75, 15.75, 14, 16], "rotation": 270, "texture": "#0"},
				"east": {"uv": [13.75, 15.75, 14, 16], "rotation": 270, "texture": "#0"},
				"south": {"uv": [13.75, 15.75, 14, 16], "rotation": 270, "texture": "#0"},
				"west": {"uv": [13.75, 15.75, 14, 16], "rotation": 270, "texture": "#0"},
				"up": {"uv": [13.75, 15.75, 14, 16], "rotation": 270, "texture": "#0"},
				"down": {"uv": [13.75, 15.75, 14, 16], "rotation": 270, "texture": "#0"}
			}
		},
		{
			"from": [23.10056, -1.03889, 0.10278],
			"to": [24.10056, -0.03889, 1.10278],
			"rotation": {"angle": 45, "axis": "y", "origin": [7.5, 1, 5]},
			"faces": {
				"north": {"uv": [13.75, 15.75, 14, 16], "rotation": 270, "texture": "#0"},
				"east": {"uv": [13.75, 15.75, 14, 16], "rotation": 270, "texture": "#0"},
				"south": {"uv": [13.75, 15.75, 14, 16], "rotation": 270, "texture": "#0"},
				"west": {"uv": [13.75, 15.75, 14, 16], "rotation": 270, "texture": "#0"},
				"up": {"uv": [13.75, 15.75, 14, 16], "rotation": 270, "texture": "#0"},
				"down": {"uv": [13.75, 15.75, 14, 16], "rotation": 270, "texture": "#0"}
			}
		},
		{
			"from": [23.10056, -2.23889, 0.10278],
			"to": [24.10056, -1.23889, 1.10278],
			"rotation": {"angle": 45, "axis": "y", "origin": [7.5, 1, 5]},
			"faces": {
				"north": {"uv": [13.75, 15.75, 14, 16], "rotation": 270, "texture": "#0"},
				"east": {"uv": [13.75, 15.75, 14, 16], "rotation": 270, "texture": "#0"},
				"south": {"uv": [13.75, 15.75, 14, 16], "rotation": 270, "texture": "#0"},
				"west": {"uv": [13.75, 15.75, 14, 16], "rotation": 270, "texture": "#0"},
				"up": {"uv": [13.75, 15.75, 14, 16], "rotation": 270, "texture": "#0"},
				"down": {"uv": [13.75, 15.75, 14, 16], "rotation": 270, "texture": "#0"}
			}
		},
		{
			"from": [21.85056, -2.18889, 1.85278],
			"to": [23.55056, 2.41111, 3.85278],
			"rotation": {"angle": 45, "axis": "y", "origin": [7.5, 1, 5]},
			"faces": {
				"north": {"uv": [0, 0, 1.7, 4.6], "rotation": 180, "texture": "#0"},
				"east": {"uv": [9.75, 15.75, 11.25, 16], "rotation": 270, "texture": "#0"},
				"south": {"uv": [5.75, 15, 6.75, 16], "rotation": 180, "texture": "#0"},
				"west": {"uv": [5.75, 15, 6.75, 16], "rotation": 180, "texture": "#0"},
				"up": {"uv": [5.75, 15, 6.75, 16], "rotation": 180, "texture": "#0"},
				"down": {"uv": [5.75, 15, 6.75, 16], "rotation": 180, "texture": "#0"}
			}
		},
		{
			"name": "right_arm",
			"from": [19.35056, -1.78889, -0.14722],
			"to": [23.35056, 2.21111, 11.85278],
			"rotation": {"angle": 45, "axis": "y", "origin": [7.5, 1, 5]},
			"faces": {
				"north": {"uv": [13, 4, 12, 5], "rotation": 180, "texture": "#0"},
				"east": {"uv": [10, 5, 11, 8], "rotation": 270, "texture": "#0"},
				"south": {"uv": [12, 5, 11, 4], "texture": "#0"},
				"west": {"uv": [12, 5, 13, 8], "rotation": 90, "texture": "#0"},
				"up": {"uv": [11, 5, 12, 8], "rotation": 180, "texture": "#0"},
				"down": {"uv": [13, 5, 14, 8], "texture": "#0"}
			}
		},
		{
			"name": "right_arm_2nd_layer",
			"from": [22.85056, -0.58889, 1.95278],
			"to": [27.84056, 4.61111, 14.85278],
			"rotation": {"angle": 0, "axis": "y", "origin": [7.5, 1, 5]},
			"faces": {
				"north": {"uv": [13, 8, 12, 9], "rotation": 180, "texture": "#0"},
				"east": {"uv": [10, 9, 11, 12], "rotation": 270, "texture": "#0"},
				"south": {"uv": [12, 9, 11, 8], "texture": "#0"},
				"west": {"uv": [12, 9, 13, 12], "rotation": 90, "texture": "#0"},
				"up": {"uv": [11, 9, 12, 12], "rotation": 180, "texture": "#0"},
				"down": {"uv": [13, 9, 14, 12], "texture": "#0"}
			}
		},
		{
			"from": [22.85056, -0.48889, 1.75278],
			"to": [27.85056, 4.51111, 3.75278],
			"rotation": {"angle": 0, "axis": "y", "origin": [7.5, 1, 5]},
			"faces": {
				"north": {"uv": [5.75, 15, 6.75, 16], "rotation": 180, "texture": "#0"},
				"east": {"uv": [9.25, 15.5, 11.75, 16], "rotation": 270, "texture": "#0"},
				"south": {"uv": [5.75, 15, 6.75, 16], "rotation": 180, "texture": "#0"},
				"west": {"uv": [5.75, 15, 6.75, 16], "rotation": 180, "texture": "#0"},
				"up": {"uv": [5.75, 15, 6.75, 16], "rotation": 180, "texture": "#0"},
				"down": {"uv": [5.75, 15, 6.75, 16], "rotation": 180, "texture": "#0"}
			}
		},
		{
			"from": [23.35056, 0.01111, 1.60278],
			"to": [27.35056, 4.01111, 1.85278],
			"rotation": {"angle": 0, "axis": "y", "origin": [7.5, 1, 5]},
			"faces": {
				"north": {"uv": [6.5, 12.5, 6.75, 13], "rotation": 180, "texture": "#0"},
				"east": {"uv": [6.5, 12.5, 6.75, 13], "rotation": 180, "texture": "#0"},
				"south": {"uv": [6.5, 12.5, 6.75, 13], "rotation": 180, "texture": "#0"},
				"west": {"uv": [6.5, 12.5, 6.75, 13], "rotation": 180, "texture": "#0"},
				"up": {"uv": [6.5, 12.5, 6.75, 13], "rotation": 180, "texture": "#0"},
				"down": {"uv": [6.5, 12.5, 6.75, 13], "rotation": 180, "texture": "#0"}
			}
		},
		{
			"from": [27.10056, 3.26111, 2.10278],
			"to": [28.10056, 4.26111, 3.10278],
			"rotation": {"angle": 0, "axis": "y", "origin": [7.5, 1, 5]},
			"faces": {
				"north": {"uv": [13.75, 15.75, 14, 16], "rotation": 270, "texture": "#0"},
				"east": {"uv": [13.75, 15.75, 14, 16], "rotation": 270, "texture": "#0"},
				"south": {"uv": [13.75, 15.75, 14, 16], "rotation": 270, "texture": "#0"},
				"west": {"uv": [13.75, 15.75, 14, 16], "rotation": 270, "texture": "#0"},
				"up": {"uv": [13.75, 15.75, 14, 16], "rotation": 270, "texture": "#0"},
				"down": {"uv": [13.75, 15.75, 14, 16], "rotation": 270, "texture": "#0"}
			}
		},
		{
			"from": [27.10056, 2.06111, 2.10278],
			"to": [28.10056, 3.06111, 3.10278],
			"rotation": {"angle": 0, "axis": "y", "origin": [7.5, 1, 5]},
			"faces": {
				"north": {"uv": [13.75, 15.75, 14, 16], "rotation": 270, "texture": "#0"},
				"east": {"uv": [13.75, 15.75, 14, 16], "rotation": 270, "texture": "#0"},
				"south": {"uv": [13.75, 15.75, 14, 16], "rotation": 270, "texture": "#0"},
				"west": {"uv": [13.75, 15.75, 14, 16], "rotation": 270, "texture": "#0"},
				"up": {"uv": [13.75, 15.75, 14, 16], "rotation": 270, "texture": "#0"},
				"down": {"uv": [13.75, 15.75, 14, 16], "rotation": 270, "texture": "#0"}
			}
		},
		{
			"from": [27.10056, 0.86111, 2.10278],
			"to": [28.10056, 1.86111, 3.10278],
			"rotation": {"angle": 0, "axis": "y", "origin": [7.5, 1, 5]},
			"faces": {
				"north": {"uv": [13.75, 15.75, 14, 16], "rotation": 270, "texture": "#0"},
				"east": {"uv": [13.75, 15.75, 14, 16], "rotation": 270, "texture": "#0"},
				"south": {"uv": [13.75, 15.75, 14, 16], "rotation": 270, "texture": "#0"},
				"west": {"uv": [13.75, 15.75, 14, 16], "rotation": 270, "texture": "#0"},
				"up": {"uv": [13.75, 15.75, 14, 16], "rotation": 270, "texture": "#0"},
				"down": {"uv": [13.75, 15.75, 14, 16], "rotation": 270, "texture": "#0"}
			}
		},
		{
			"from": [27.10056, -0.33889, 2.10278],
			"to": [28.10056, 0.66111, 3.10278],
			"rotation": {"angle": 0, "axis": "y", "origin": [7.5, 1, 5]},
			"faces": {
				"north": {"uv": [13.75, 15.75, 14, 16], "rotation": 270, "texture": "#0"},
				"east": {"uv": [13.75, 15.75, 14, 16], "rotation": 270, "texture": "#0"},
				"south": {"uv": [13.75, 15.75, 14, 16], "rotation": 270, "texture": "#0"},
				"west": {"uv": [13.75, 15.75, 14, 16], "rotation": 270, "texture": "#0"},
				"up": {"uv": [13.75, 15.75, 14, 16], "rotation": 270, "texture": "#0"},
				"down": {"uv": [13.75, 15.75, 14, 16], "rotation": 270, "texture": "#0"}
			}
		},
		{
			"from": [25.85056, -0.28889, 3.85278],
			"to": [27.55056, 4.31111, 5.85278],
			"rotation": {"angle": 0, "axis": "y", "origin": [7.5, 1, 5]},
			"faces": {
				"north": {"uv": [0, 0, 1.7, 4.6], "rotation": 180, "texture": "#0"},
				"east": {"uv": [9.75, 15.75, 11.25, 16], "rotation": 270, "texture": "#0"},
				"south": {"uv": [5.75, 15, 6.75, 16], "rotation": 180, "texture": "#0"},
				"west": {"uv": [5.75, 15, 6.75, 16], "rotation": 180, "texture": "#0"},
				"up": {"uv": [5.75, 15, 6.75, 16], "rotation": 180, "texture": "#0"},
				"down": {"uv": [5.75, 15, 6.75, 16], "rotation": 180, "texture": "#0"}
			}
		},
		{
			"name": "right_arm",
			"from": [23.35056, 0.11111, 1.85278],
			"to": [27.35056, 4.11111, 13.85278],
			"rotation": {"angle": 0, "axis": "y", "origin": [7.5, 1, 5]},
			"faces": {
				"north": {"uv": [13, 4, 12, 5], "rotation": 180, "texture": "#0"},
				"east": {"uv": [10, 5, 11, 8], "rotation": 270, "texture": "#0"},
				"south": {"uv": [12, 5, 11, 4], "texture": "#0"},
				"west": {"uv": [12, 5, 13, 8], "rotation": 90, "texture": "#0"},
				"up": {"uv": [11, 5, 12, 8], "rotation": 180, "texture": "#0"},
				"down": {"uv": [13, 5, 14, 8], "texture": "#0"}
			}
		},
		{
			"name": "right_arm_2nd_layer",
			"from": [16.85056, 10.41111, -3.04722],
			"to": [21.84056, 15.61111, 9.85278],
			"rotation": {"angle": 0, "axis": "y", "origin": [7.5, 1, 5]},
			"faces": {
				"north": {"uv": [13, 8, 12, 9], "rotation": 180, "texture": "#0"},
				"east": {"uv": [10, 9, 11, 12], "rotation": 270, "texture": "#0"},
				"south": {"uv": [12, 9, 11, 8], "texture": "#0"},
				"west": {"uv": [12, 9, 13, 12], "rotation": 90, "texture": "#0"},
				"up": {"uv": [11, 9, 12, 12], "rotation": 180, "texture": "#0"},
				"down": {"uv": [13, 9, 14, 12], "texture": "#0"}
			}
		},
		{
			"from": [16.85056, 10.51111, -3.24722],
			"to": [21.85056, 15.51111, -1.24722],
			"rotation": {"angle": 0, "axis": "y", "origin": [7.5, 1, 5]},
			"faces": {
				"north": {"uv": [5.75, 15, 6.75, 16], "rotation": 180, "texture": "#0"},
				"east": {"uv": [9.25, 15.5, 11.75, 16], "rotation": 270, "texture": "#0"},
				"south": {"uv": [5.75, 15, 6.75, 16], "rotation": 180, "texture": "#0"},
				"west": {"uv": [5.75, 15, 6.75, 16], "rotation": 180, "texture": "#0"},
				"up": {"uv": [5.75, 15, 6.75, 16], "rotation": 180, "texture": "#0"},
				"down": {"uv": [5.75, 15, 6.75, 16], "rotation": 180, "texture": "#0"}
			}
		},
		{
			"from": [17.35056, 11.01111, -3.39722],
			"to": [21.35056, 15.01111, -3.14722],
			"rotation": {"angle": 0, "axis": "y", "origin": [7.5, 1, 5]},
			"faces": {
				"north": {"uv": [6.5, 12.5, 6.75, 13], "rotation": 180, "texture": "#0"},
				"east": {"uv": [6.5, 12.5, 6.75, 13], "rotation": 180, "texture": "#0"},
				"south": {"uv": [6.5, 12.5, 6.75, 13], "rotation": 180, "texture": "#0"},
				"west": {"uv": [6.5, 12.5, 6.75, 13], "rotation": 180, "texture": "#0"},
				"up": {"uv": [6.5, 12.5, 6.75, 13], "rotation": 180, "texture": "#0"},
				"down": {"uv": [6.5, 12.5, 6.75, 13], "rotation": 180, "texture": "#0"}
			}
		},
		{
			"from": [21.10056, 14.26111, -2.89722],
			"to": [22.10056, 15.26111, -1.89722],
			"rotation": {"angle": 0, "axis": "y", "origin": [7.5, 1, 5]},
			"faces": {
				"north": {"uv": [13.75, 15.75, 14, 16], "rotation": 270, "texture": "#0"},
				"east": {"uv": [13.75, 15.75, 14, 16], "rotation": 270, "texture": "#0"},
				"south": {"uv": [13.75, 15.75, 14, 16], "rotation": 270, "texture": "#0"},
				"west": {"uv": [13.75, 15.75, 14, 16], "rotation": 270, "texture": "#0"},
				"up": {"uv": [13.75, 15.75, 14, 16], "rotation": 270, "texture": "#0"},
				"down": {"uv": [13.75, 15.75, 14, 16], "rotation": 270, "texture": "#0"}
			}
		},
		{
			"from": [21.10056, 13.06111, -2.89722],
			"to": [22.10056, 14.06111, -1.89722],
			"rotation": {"angle": 0, "axis": "y", "origin": [7.5, 1, 5]},
			"faces": {
				"north": {"uv": [13.75, 15.75, 14, 16], "rotation": 270, "texture": "#0"},
				"east": {"uv": [13.75, 15.75, 14, 16], "rotation": 270, "texture": "#0"},
				"south": {"uv": [13.75, 15.75, 14, 16], "rotation": 270, "texture": "#0"},
				"west": {"uv": [13.75, 15.75, 14, 16], "rotation": 270, "texture": "#0"},
				"up": {"uv": [13.75, 15.75, 14, 16], "rotation": 270, "texture": "#0"},
				"down": {"uv": [13.75, 15.75, 14, 16], "rotation": 270, "texture": "#0"}
			}
		},
		{
			"from": [21.10056, 11.86111, -2.89722],
			"to": [22.10056, 12.86111, -1.89722],
			"rotation": {"angle": 0, "axis": "y", "origin": [7.5, 1, 5]},
			"faces": {
				"north": {"uv": [13.75, 15.75, 14, 16], "rotation": 270, "texture": "#0"},
				"east": {"uv": [13.75, 15.75, 14, 16], "rotation": 270, "texture": "#0"},
				"south": {"uv": [13.75, 15.75, 14, 16], "rotation": 270, "texture": "#0"},
				"west": {"uv": [13.75, 15.75, 14, 16], "rotation": 270, "texture": "#0"},
				"up": {"uv": [13.75, 15.75, 14, 16], "rotation": 270, "texture": "#0"},
				"down": {"uv": [13.75, 15.75, 14, 16], "rotation": 270, "texture": "#0"}
			}
		},
		{
			"from": [21.10056, 10.66111, -2.89722],
			"to": [22.10056, 11.66111, -1.89722],
			"rotation": {"angle": 0, "axis": "y", "origin": [7.5, 1, 5]},
			"faces": {
				"north": {"uv": [13.75, 15.75, 14, 16], "rotation": 270, "texture": "#0"},
				"east": {"uv": [13.75, 15.75, 14, 16], "rotation": 270, "texture": "#0"},
				"south": {"uv": [13.75, 15.75, 14, 16], "rotation": 270, "texture": "#0"},
				"west": {"uv": [13.75, 15.75, 14, 16], "rotation": 270, "texture": "#0"},
				"up": {"uv": [13.75, 15.75, 14, 16], "rotation": 270, "texture": "#0"},
				"down": {"uv": [13.75, 15.75, 14, 16], "rotation": 270, "texture": "#0"}
			}
		},
		{
			"from": [19.85056, 10.71111, -1.14722],
			"to": [21.55056, 15.31111, 0.85278],
			"rotation": {"angle": 0, "axis": "y", "origin": [7.5, 1, 5]},
			"faces": {
				"north": {"uv": [0, 0, 1.7, 4.6], "rotation": 180, "texture": "#0"},
				"east": {"uv": [9.75, 15.75, 11.25, 16], "rotation": 270, "texture": "#0"},
				"south": {"uv": [5.75, 15, 6.75, 16], "rotation": 180, "texture": "#0"},
				"west": {"uv": [5.75, 15, 6.75, 16], "rotation": 180, "texture": "#0"},
				"up": {"uv": [5.75, 15, 6.75, 16], "rotation": 180, "texture": "#0"},
				"down": {"uv": [5.75, 15, 6.75, 16], "rotation": 180, "texture": "#0"}
			}
		},
		{
			"name": "right_arm",
			"from": [17.35056, 11.11111, -3.14722],
			"to": [21.35056, 15.11111, 8.85278],
			"rotation": {"angle": 0, "axis": "y", "origin": [7.5, 1, 5]},
			"faces": {
				"north": {"uv": [13, 4, 12, 5], "rotation": 180, "texture": "#0"},
				"east": {"uv": [10, 5, 11, 8], "rotation": 270, "texture": "#0"},
				"south": {"uv": [12, 5, 11, 4], "texture": "#0"},
				"west": {"uv": [12, 5, 13, 8], "rotation": 90, "texture": "#0"},
				"up": {"uv": [11, 5, 12, 8], "rotation": 180, "texture": "#0"},
				"down": {"uv": [13, 5, 14, 8], "texture": "#0"}
			}
		},
		{
			"name": "right_arm_2nd_layer",
			"from": [16.85056, 15.41111, -12.04722],
			"to": [21.84056, 20.61111, 0.85278],
			"rotation": {"angle": 22.5, "axis": "y", "origin": [24.5, 20, -13]},
			"faces": {
				"north": {"uv": [13, 8, 12, 9], "rotation": 180, "texture": "#0"},
				"east": {"uv": [10, 9, 11, 12], "rotation": 270, "texture": "#0"},
				"south": {"uv": [12, 9, 11, 8], "texture": "#0"},
				"west": {"uv": [12, 9, 13, 12], "rotation": 90, "texture": "#0"},
				"up": {"uv": [11, 9, 12, 12], "rotation": 180, "texture": "#0"},
				"down": {"uv": [13, 9, 14, 12], "texture": "#0"}
			}
		},
		{
			"from": [16.85056, 15.51111, -12.24722],
			"to": [21.85056, 20.51111, -10.24722],
			"rotation": {"angle": 22.5, "axis": "y", "origin": [24.5, 20, -13]},
			"faces": {
				"north": {"uv": [5.75, 15, 6.75, 16], "rotation": 180, "texture": "#0"},
				"east": {"uv": [9.25, 15.5, 11.75, 16], "rotation": 270, "texture": "#0"},
				"south": {"uv": [5.75, 15, 6.75, 16], "rotation": 180, "texture": "#0"},
				"west": {"uv": [5.75, 15, 6.75, 16], "rotation": 180, "texture": "#0"},
				"up": {"uv": [5.75, 15, 6.75, 16], "rotation": 180, "texture": "#0"},
				"down": {"uv": [5.75, 15, 6.75, 16], "rotation": 180, "texture": "#0"}
			}
		},
		{
			"from": [17.35056, 16.01111, -12.39722],
			"to": [21.35056, 20.01111, -12.14722],
			"rotation": {"angle": 22.5, "axis": "y", "origin": [24.5, 20, -13]},
			"faces": {
				"north": {"uv": [6.5, 12.5, 6.75, 13], "rotation": 180, "texture": "#0"},
				"east": {"uv": [6.5, 12.5, 6.75, 13], "rotation": 180, "texture": "#0"},
				"south": {"uv": [6.5, 12.5, 6.75, 13], "rotation": 180, "texture": "#0"},
				"west": {"uv": [6.5, 12.5, 6.75, 13], "rotation": 180, "texture": "#0"},
				"up": {"uv": [6.5, 12.5, 6.75, 13], "rotation": 180, "texture": "#0"},
				"down": {"uv": [6.5, 12.5, 6.75, 13], "rotation": 180, "texture": "#0"}
			}
		},
		{
			"from": [21.10056, 19.26111, -11.89722],
			"to": [22.10056, 20.26111, -10.89722],
			"rotation": {"angle": 22.5, "axis": "y", "origin": [24.5, 20, -13]},
			"faces": {
				"north": {"uv": [13.75, 15.75, 14, 16], "rotation": 270, "texture": "#0"},
				"east": {"uv": [13.75, 15.75, 14, 16], "rotation": 270, "texture": "#0"},
				"south": {"uv": [13.75, 15.75, 14, 16], "rotation": 270, "texture": "#0"},
				"west": {"uv": [13.75, 15.75, 14, 16], "rotation": 270, "texture": "#0"},
				"up": {"uv": [13.75, 15.75, 14, 16], "rotation": 270, "texture": "#0"},
				"down": {"uv": [13.75, 15.75, 14, 16], "rotation": 270, "texture": "#0"}
			}
		},
		{
			"from": [21.10056, 18.06111, -11.89722],
			"to": [22.10056, 19.06111, -10.89722],
			"rotation": {"angle": 22.5, "axis": "y", "origin": [24.5, 20, -13]},
			"faces": {
				"north": {"uv": [13.75, 15.75, 14, 16], "rotation": 270, "texture": "#0"},
				"east": {"uv": [13.75, 15.75, 14, 16], "rotation": 270, "texture": "#0"},
				"south": {"uv": [13.75, 15.75, 14, 16], "rotation": 270, "texture": "#0"},
				"west": {"uv": [13.75, 15.75, 14, 16], "rotation": 270, "texture": "#0"},
				"up": {"uv": [13.75, 15.75, 14, 16], "rotation": 270, "texture": "#0"},
				"down": {"uv": [13.75, 15.75, 14, 16], "rotation": 270, "texture": "#0"}
			}
		},
		{
			"from": [21.10056, 16.86111, -11.89722],
			"to": [22.10056, 17.86111, -10.89722],
			"rotation": {"angle": 22.5, "axis": "y", "origin": [24.5, 20, -13]},
			"faces": {
				"north": {"uv": [13.75, 15.75, 14, 16], "rotation": 270, "texture": "#0"},
				"east": {"uv": [13.75, 15.75, 14, 16], "rotation": 270, "texture": "#0"},
				"south": {"uv": [13.75, 15.75, 14, 16], "rotation": 270, "texture": "#0"},
				"west": {"uv": [13.75, 15.75, 14, 16], "rotation": 270, "texture": "#0"},
				"up": {"uv": [13.75, 15.75, 14, 16], "rotation": 270, "texture": "#0"},
				"down": {"uv": [13.75, 15.75, 14, 16], "rotation": 270, "texture": "#0"}
			}
		},
		{
			"from": [21.10056, 15.66111, -11.89722],
			"to": [22.10056, 16.66111, -10.89722],
			"rotation": {"angle": 22.5, "axis": "y", "origin": [24.5, 20, -13]},
			"faces": {
				"north": {"uv": [13.75, 15.75, 14, 16], "rotation": 270, "texture": "#0"},
				"east": {"uv": [13.75, 15.75, 14, 16], "rotation": 270, "texture": "#0"},
				"south": {"uv": [13.75, 15.75, 14, 16], "rotation": 270, "texture": "#0"},
				"west": {"uv": [13.75, 15.75, 14, 16], "rotation": 270, "texture": "#0"},
				"up": {"uv": [13.75, 15.75, 14, 16], "rotation": 270, "texture": "#0"},
				"down": {"uv": [13.75, 15.75, 14, 16], "rotation": 270, "texture": "#0"}
			}
		},
		{
			"from": [19.85056, 15.71111, -10.14722],
			"to": [21.55056, 20.31111, -8.14722],
			"rotation": {"angle": 22.5, "axis": "y", "origin": [24.5, 20, -13]},
			"faces": {
				"north": {"uv": [0, 0, 1.7, 4.6], "rotation": 180, "texture": "#0"},
				"east": {"uv": [9.75, 15.75, 11.25, 16], "rotation": 270, "texture": "#0"},
				"south": {"uv": [5.75, 15, 6.75, 16], "rotation": 180, "texture": "#0"},
				"west": {"uv": [5.75, 15, 6.75, 16], "rotation": 180, "texture": "#0"},
				"up": {"uv": [5.75, 15, 6.75, 16], "rotation": 180, "texture": "#0"},
				"down": {"uv": [5.75, 15, 6.75, 16], "rotation": 180, "texture": "#0"}
			}
		},
		{
			"name": "right_arm",
			"from": [17.35056, 16.11111, -12.14722],
			"to": [21.35056, 20.11111, -0.14722],
			"rotation": {"angle": 22.5, "axis": "y", "origin": [24.5, 20, -13]},
			"faces": {
				"north": {"uv": [13, 4, 12, 5], "rotation": 180, "texture": "#0"},
				"east": {"uv": [10, 5, 11, 8], "rotation": 270, "texture": "#0"},
				"south": {"uv": [12, 5, 11, 4], "texture": "#0"},
				"west": {"uv": [12, 5, 13, 8], "rotation": 90, "texture": "#0"},
				"up": {"uv": [11, 5, 12, 8], "rotation": 180, "texture": "#0"},
				"down": {"uv": [13, 5, 14, 8], "texture": "#0"}
			}
		},
		{
			"name": "right_arm_2nd_layer",
			"from": [-12.40553, 3.38889, 11.1746],
			"to": [-7.41553, 8.58889, 24.0746],
			"rotation": {"angle": 22.5, "axis": "y", "origin": [9.93503, 8, -5.77817]},
			"faces": {
				"north": {"uv": [13, 8, 12, 9], "texture": "#0"},
				"east": {"uv": [12, 9, 13, 12], "rotation": 270, "texture": "#0"},
				"south": {"uv": [12, 9, 11, 8], "rotation": 180, "texture": "#0"},
				"west": {"uv": [10, 9, 11, 12], "rotation": 90, "texture": "#0"},
				"up": {"uv": [13, 9, 14, 12], "rotation": 180, "texture": "#0"},
				"down": {"uv": [11, 9, 12, 12], "texture": "#0"}
			}
		},
		{
			"from": [-12.41553, 3.48889, 10.9746],
			"to": [-7.41553, 8.48889, 12.9746],
			"rotation": {"angle": 22.5, "axis": "y", "origin": [9.93503, 8, -5.77817]},
			"faces": {
				"north": {"uv": [5.75, 15, 6.75, 16], "texture": "#0"},
				"east": {"uv": [5.75, 15, 6.75, 16], "texture": "#0"},
				"south": {"uv": [5.75, 15, 6.75, 16], "texture": "#0"},
				"west": {"uv": [9.25, 15.5, 11.75, 16], "rotation": 90, "texture": "#0"},
				"up": {"uv": [5.75, 15, 6.75, 16], "texture": "#0"},
				"down": {"uv": [5.75, 15, 6.75, 16], "texture": "#0"}
			}
		},
		{
			"from": [-11.91553, 3.98889, 10.8246],
			"to": [-7.91553, 7.98889, 11.0746],
			"rotation": {"angle": 22.5, "axis": "y", "origin": [9.93503, 8, -5.77817]},
			"faces": {
				"north": {"uv": [6.5, 12.5, 6.75, 13], "texture": "#0"},
				"east": {"uv": [6.5, 12.5, 6.75, 13], "texture": "#0"},
				"south": {"uv": [6.5, 12.5, 6.75, 13], "texture": "#0"},
				"west": {"uv": [6.5, 12.5, 6.75, 13], "texture": "#0"},
				"up": {"uv": [6.5, 12.5, 6.75, 13], "texture": "#0"},
				"down": {"uv": [6.5, 12.5, 6.75, 13], "texture": "#0"}
			}
		},
		{
			"from": [-12.66553, 3.73889, 11.3246],
			"to": [-11.66553, 4.73889, 12.3246],
			"rotation": {"angle": 22.5, "axis": "y", "origin": [9.93503, 8, -5.77817]},
			"faces": {
				"north": {"uv": [13.75, 15.75, 14, 16], "rotation": 90, "texture": "#0"},
				"east": {"uv": [13.75, 15.75, 14, 16], "rotation": 90, "texture": "#0"},
				"south": {"uv": [13.75, 15.75, 14, 16], "rotation": 90, "texture": "#0"},
				"west": {"uv": [13.75, 15.75, 14, 16], "rotation": 90, "texture": "#0"},
				"up": {"uv": [13.75, 15.75, 14, 16], "rotation": 90, "texture": "#0"},
				"down": {"uv": [13.75, 15.75, 14, 16], "rotation": 90, "texture": "#0"}
			}
		},
		{
			"from": [-12.66553, 4.93889, 11.3246],
			"to": [-11.66553, 5.93889, 12.3246],
			"rotation": {"angle": 22.5, "axis": "y", "origin": [9.93503, 8, -5.77817]},
			"faces": {
				"north": {"uv": [13.75, 15.75, 14, 16], "rotation": 90, "texture": "#0"},
				"east": {"uv": [13.75, 15.75, 14, 16], "rotation": 90, "texture": "#0"},
				"south": {"uv": [13.75, 15.75, 14, 16], "rotation": 90, "texture": "#0"},
				"west": {"uv": [13.75, 15.75, 14, 16], "rotation": 90, "texture": "#0"},
				"up": {"uv": [13.75, 15.75, 14, 16], "rotation": 90, "texture": "#0"},
				"down": {"uv": [13.75, 15.75, 14, 16], "rotation": 90, "texture": "#0"}
			}
		},
		{
			"from": [-12.66553, 6.13889, 11.3246],
			"to": [-11.66553, 7.13889, 12.3246],
			"rotation": {"angle": 22.5, "axis": "y", "origin": [9.93503, 8, -5.77817]},
			"faces": {
				"north": {"uv": [13.75, 15.75, 14, 16], "rotation": 90, "texture": "#0"},
				"east": {"uv": [13.75, 15.75, 14, 16], "rotation": 90, "texture": "#0"},
				"south": {"uv": [13.75, 15.75, 14, 16], "rotation": 90, "texture": "#0"},
				"west": {"uv": [13.75, 15.75, 14, 16], "rotation": 90, "texture": "#0"},
				"up": {"uv": [13.75, 15.75, 14, 16], "rotation": 90, "texture": "#0"},
				"down": {"uv": [13.75, 15.75, 14, 16], "rotation": 90, "texture": "#0"}
			}
		},
		{
			"from": [-12.66553, 7.33889, 11.3246],
			"to": [-11.66553, 8.33889, 12.3246],
			"rotation": {"angle": 22.5, "axis": "y", "origin": [9.93503, 8, -5.77817]},
			"faces": {
				"north": {"uv": [13.75, 15.75, 14, 16], "rotation": 90, "texture": "#0"},
				"east": {"uv": [13.75, 15.75, 14, 16], "rotation": 90, "texture": "#0"},
				"south": {"uv": [13.75, 15.75, 14, 16], "rotation": 90, "texture": "#0"},
				"west": {"uv": [13.75, 15.75, 14, 16], "rotation": 90, "texture": "#0"},
				"up": {"uv": [13.75, 15.75, 14, 16], "rotation": 90, "texture": "#0"},
				"down": {"uv": [13.75, 15.75, 14, 16], "rotation": 90, "texture": "#0"}
			}
		},
		{
			"from": [-12.11553, 3.68889, 13.0746],
			"to": [-10.41553, 8.28889, 15.0746],
			"rotation": {"angle": 22.5, "axis": "y", "origin": [9.93503, 8, -5.77817]},
			"faces": {
				"north": {"uv": [0, 0, 1.7, 4.6], "texture": "#0"},
				"east": {"uv": [5.75, 15, 6.75, 16], "texture": "#0"},
				"south": {"uv": [5.75, 15, 6.75, 16], "texture": "#0"},
				"west": {"uv": [9.75, 15.75, 11.25, 16], "rotation": 90, "texture": "#0"},
				"up": {"uv": [5.75, 15, 6.75, 16], "texture": "#0"},
				"down": {"uv": [5.75, 15, 6.75, 16], "texture": "#0"}
			}
		},
		{
			"name": "right_arm",
			"from": [-11.91553, 3.88889, 11.0746],
			"to": [-7.91553, 7.88889, 23.0746],
			"rotation": {"angle": 22.5, "axis": "y", "origin": [9.93503, 8, -5.77817]},
			"faces": {
				"north": {"uv": [13, 4, 12, 5], "texture": "#0"},
				"east": {"uv": [12, 5, 13, 8], "rotation": 270, "texture": "#0"},
				"south": {"uv": [12, 5, 11, 4], "rotation": 180, "texture": "#0"},
				"west": {"uv": [10, 5, 11, 8], "rotation": 90, "texture": "#0"},
				"up": {"uv": [13, 5, 14, 8], "rotation": 180, "texture": "#0"},
				"down": {"uv": [11, 5, 12, 8], "texture": "#0"}
			}
		},
		{
			"name": "right_arm_2nd_layer",
			"from": [-5.83673, 0.52489, -1.58978],
			"to": [-1.64513, 4.89289, 9.24622],
			"rotation": {"angle": 22.5, "axis": "z", "origin": [-2.71067, 3.71822, 5.12989]},
			"faces": {
				"north": {"uv": [13, 8, 12, 9], "texture": "#0"},
				"east": {"uv": [12, 9, 13, 12], "rotation": 270, "texture": "#0"},
				"south": {"uv": [12, 9, 11, 8], "rotation": 180, "texture": "#0"},
				"west": {"uv": [10, 9, 11, 12], "rotation": 90, "texture": "#0"},
				"up": {"uv": [13, 9, 14, 12], "rotation": 180, "texture": "#0"},
				"down": {"uv": [11, 9, 12, 12], "texture": "#0"}
			}
		},
		{
			"from": [-5.84513, 0.60889, -1.75778],
			"to": [-1.64513, 4.80889, -0.07778],
			"rotation": {"angle": 22.5, "axis": "z", "origin": [-2.71067, 3.71822, 5.12989]},
			"faces": {
				"north": {"uv": [5.75, 15, 6.75, 16], "texture": "#0"},
				"east": {"uv": [5.75, 15, 6.75, 16], "texture": "#0"},
				"south": {"uv": [5.75, 15, 6.75, 16], "texture": "#0"},
				"west": {"uv": [9.25, 15.5, 11.75, 16], "rotation": 90, "texture": "#0"},
				"up": {"uv": [5.75, 15, 6.75, 16], "texture": "#0"},
				"down": {"uv": [5.75, 15, 6.75, 16], "texture": "#0"}
			}
		},
		{
			"from": [-5.42513, 1.02889, -1.88378],
			"to": [-2.06513, 4.38889, -1.67378],
			"rotation": {"angle": 22.5, "axis": "z", "origin": [-2.71067, 3.71822, 5.12989]},
			"faces": {
				"north": {"uv": [6.5, 12.5, 6.75, 13], "texture": "#0"},
				"east": {"uv": [6.5, 12.5, 6.75, 13], "texture": "#0"},
				"south": {"uv": [6.5, 12.5, 6.75, 13], "texture": "#0"},
				"west": {"uv": [6.5, 12.5, 6.75, 13], "texture": "#0"},
				"up": {"uv": [6.5, 12.5, 6.75, 13], "texture": "#0"},
				"down": {"uv": [6.5, 12.5, 6.75, 13], "texture": "#0"}
			}
		},
		{
			"from": [-6.05513, 0.81889, -1.46378],
			"to": [-5.21513, 1.65889, -0.62378],
			"rotation": {"angle": 22.5, "axis": "z", "origin": [-2.71067, 3.71822, 5.12989]},
			"faces": {
				"north": {"uv": [13.75, 15.75, 14, 16], "rotation": 90, "texture": "#0"},
				"east": {"uv": [13.75, 15.75, 14, 16], "rotation": 90, "texture": "#0"},
				"south": {"uv": [13.75, 15.75, 14, 16], "rotation": 90, "texture": "#0"},
				"west": {"uv": [13.75, 15.75, 14, 16], "rotation": 90, "texture": "#0"},
				"up": {"uv": [13.75, 15.75, 14, 16], "rotation": 90, "texture": "#0"},
				"down": {"uv": [13.75, 15.75, 14, 16], "rotation": 90, "texture": "#0"}
			}
		},
		{
			"from": [-6.05513, 1.82689, -1.46378],
			"to": [-5.21513, 2.66689, -0.62378],
			"rotation": {"angle": 22.5, "axis": "z", "origin": [-2.71067, 3.71822, 5.12989]},
			"faces": {
				"north": {"uv": [13.75, 15.75, 14, 16], "rotation": 90, "texture": "#0"},
				"east": {"uv": [13.75, 15.75, 14, 16], "rotation": 90, "texture": "#0"},
				"south": {"uv": [13.75, 15.75, 14, 16], "rotation": 90, "texture": "#0"},
				"west": {"uv": [13.75, 15.75, 14, 16], "rotation": 90, "texture": "#0"},
				"up": {"uv": [13.75, 15.75, 14, 16], "rotation": 90, "texture": "#0"},
				"down": {"uv": [13.75, 15.75, 14, 16], "rotation": 90, "texture": "#0"}
			}
		},
		{
			"from": [-6.05513, 2.83489, -1.46378],
			"to": [-5.21513, 3.67489, -0.62378],
			"rotation": {"angle": 22.5, "axis": "z", "origin": [-2.71067, 3.71822, 5.12989]},
			"faces": {
				"north": {"uv": [13.75, 15.75, 14, 16], "rotation": 90, "texture": "#0"},
				"east": {"uv": [13.75, 15.75, 14, 16], "rotation": 90, "texture": "#0"},
				"south": {"uv": [13.75, 15.75, 14, 16], "rotation": 90, "texture": "#0"},
				"west": {"uv": [13.75, 15.75, 14, 16], "rotation": 90, "texture": "#0"},
				"up": {"uv": [13.75, 15.75, 14, 16], "rotation": 90, "texture": "#0"},
				"down": {"uv": [13.75, 15.75, 14, 16], "rotation": 90, "texture": "#0"}
			}
		},
		{
			"from": [-6.05513, 3.84289, -1.46378],
			"to": [-5.21513, 4.68289, -0.62378],
			"rotation": {"angle": 22.5, "axis": "z", "origin": [-2.71067, 3.71822, 5.12989]},
			"faces": {
				"north": {"uv": [13.75, 15.75, 14, 16], "rotation": 90, "texture": "#0"},
				"east": {"uv": [13.75, 15.75, 14, 16], "rotation": 90, "texture": "#0"},
				"south": {"uv": [13.75, 15.75, 14, 16], "rotation": 90, "texture": "#0"},
				"west": {"uv": [13.75, 15.75, 14, 16], "rotation": 90, "texture": "#0"},
				"up": {"uv": [13.75, 15.75, 14, 16], "rotation": 90, "texture": "#0"},
				"down": {"uv": [13.75, 15.75, 14, 16], "rotation": 90, "texture": "#0"}
			}
		},
		{
			"from": [-5.59313, 0.77689, 0.00622],
			"to": [-4.16513, 4.64089, 1.68622],
			"rotation": {"angle": 22.5, "axis": "z", "origin": [-2.71067, 3.71822, 5.12989]},
			"faces": {
				"north": {"uv": [0, 0, 1.7, 4.6], "texture": "#0"},
				"east": {"uv": [5.75, 15, 6.75, 16], "texture": "#0"},
				"south": {"uv": [5.75, 15, 6.75, 16], "texture": "#0"},
				"west": {"uv": [9.75, 15.75, 11.25, 16], "rotation": 90, "texture": "#0"},
				"up": {"uv": [5.75, 15, 6.75, 16], "texture": "#0"},
				"down": {"uv": [5.75, 15, 6.75, 16], "texture": "#0"}
			}
		},
		{
			"name": "right_arm",
			"from": [-5.42513, 0.94489, -1.67378],
			"to": [-2.06513, 4.30489, 8.40622],
			"rotation": {"angle": 22.5, "axis": "z", "origin": [-2.71067, 3.71822, 5.12989]},
			"faces": {
				"north": {"uv": [13, 4, 12, 5], "texture": "#0"},
				"east": {"uv": [12, 5, 13, 8], "rotation": 270, "texture": "#0"},
				"south": {"uv": [12, 5, 11, 4], "rotation": 180, "texture": "#0"},
				"west": {"uv": [10, 5, 11, 8], "rotation": 90, "texture": "#0"},
				"up": {"uv": [13, 5, 14, 8], "rotation": 180, "texture": "#0"},
				"down": {"uv": [11, 5, 12, 8], "texture": "#0"}
			}
		},
		{
			"name": "right_arm_2nd_layer",
			"from": [-11.83673, 16.52489, 16.41022],
			"to": [-7.64513, 20.89289, 27.24622],
			"rotation": {"angle": -45, "axis": "z", "origin": [-2.71067, 3.71822, 5.12989]},
			"faces": {
				"north": {"uv": [13, 8, 12, 9], "texture": "#0"},
				"east": {"uv": [12, 9, 13, 12], "rotation": 270, "texture": "#0"},
				"south": {"uv": [12, 9, 11, 8], "rotation": 180, "texture": "#0"},
				"west": {"uv": [10, 9, 11, 12], "rotation": 90, "texture": "#0"},
				"up": {"uv": [13, 9, 14, 12], "rotation": 180, "texture": "#0"},
				"down": {"uv": [11, 9, 12, 12], "texture": "#0"}
			}
		},
		{
			"from": [-11.84513, 16.60889, 16.24222],
			"to": [-7.64513, 20.80889, 17.92222],
			"rotation": {"angle": -45, "axis": "z", "origin": [-2.71067, 3.71822, 5.12989]},
			"faces": {
				"north": {"uv": [5.75, 15, 6.75, 16], "texture": "#0"},
				"east": {"uv": [5.75, 15, 6.75, 16], "texture": "#0"},
				"south": {"uv": [5.75, 15, 6.75, 16], "texture": "#0"},
				"west": {"uv": [9.25, 15.5, 11.75, 16], "rotation": 90, "texture": "#0"},
				"up": {"uv": [5.75, 15, 6.75, 16], "texture": "#0"},
				"down": {"uv": [5.75, 15, 6.75, 16], "texture": "#0"}
			}
		},
		{
			"from": [-11.42513, 17.02889, 16.11622],
			"to": [-8.06513, 20.38889, 16.32622],
			"rotation": {"angle": -45, "axis": "z", "origin": [-2.71067, 3.71822, 5.12989]},
			"faces": {
				"north": {"uv": [6.5, 12.5, 6.75, 13], "texture": "#0"},
				"east": {"uv": [6.5, 12.5, 6.75, 13], "texture": "#0"},
				"south": {"uv": [6.5, 12.5, 6.75, 13], "texture": "#0"},
				"west": {"uv": [6.5, 12.5, 6.75, 13], "texture": "#0"},
				"up": {"uv": [6.5, 12.5, 6.75, 13], "texture": "#0"},
				"down": {"uv": [6.5, 12.5, 6.75, 13], "texture": "#0"}
			}
		},
		{
			"from": [-12.05513, 16.81889, 16.53622],
			"to": [-11.21513, 17.65889, 17.37622],
			"rotation": {"angle": -45, "axis": "z", "origin": [-2.71067, 3.71822, 5.12989]},
			"faces": {
				"north": {"uv": [13.75, 15.75, 14, 16], "rotation": 90, "texture": "#0"},
				"east": {"uv": [13.75, 15.75, 14, 16], "rotation": 90, "texture": "#0"},
				"south": {"uv": [13.75, 15.75, 14, 16], "rotation": 90, "texture": "#0"},
				"west": {"uv": [13.75, 15.75, 14, 16], "rotation": 90, "texture": "#0"},
				"up": {"uv": [13.75, 15.75, 14, 16], "rotation": 90, "texture": "#0"},
				"down": {"uv": [13.75, 15.75, 14, 16], "rotation": 90, "texture": "#0"}
			}
		},
		{
			"from": [-12.05513, 17.82689, 16.53622],
			"to": [-11.21513, 18.66689, 17.37622],
			"rotation": {"angle": -45, "axis": "z", "origin": [-2.71067, 3.71822, 5.12989]},
			"faces": {
				"north": {"uv": [13.75, 15.75, 14, 16], "rotation": 90, "texture": "#0"},
				"east": {"uv": [13.75, 15.75, 14, 16], "rotation": 90, "texture": "#0"},
				"south": {"uv": [13.75, 15.75, 14, 16], "rotation": 90, "texture": "#0"},
				"west": {"uv": [13.75, 15.75, 14, 16], "rotation": 90, "texture": "#0"},
				"up": {"uv": [13.75, 15.75, 14, 16], "rotation": 90, "texture": "#0"},
				"down": {"uv": [13.75, 15.75, 14, 16], "rotation": 90, "texture": "#0"}
			}
		},
		{
			"from": [-12.05513, 18.83489, 16.53622],
			"to": [-11.21513, 19.67489, 17.37622],
			"rotation": {"angle": -45, "axis": "z", "origin": [-2.71067, 3.71822, 5.12989]},
			"faces": {
				"north": {"uv": [13.75, 15.75, 14, 16], "rotation": 90, "texture": "#0"},
				"east": {"uv": [13.75, 15.75, 14, 16], "rotation": 90, "texture": "#0"},
				"south": {"uv": [13.75, 15.75, 14, 16], "rotation": 90, "texture": "#0"},
				"west": {"uv": [13.75, 15.75, 14, 16], "rotation": 90, "texture": "#0"},
				"up": {"uv": [13.75, 15.75, 14, 16], "rotation": 90, "texture": "#0"},
				"down": {"uv": [13.75, 15.75, 14, 16], "rotation": 90, "texture": "#0"}
			}
		},
		{
			"from": [-12.05513, 19.84289, 16.53622],
			"to": [-11.21513, 20.68289, 17.37622],
			"rotation": {"angle": -45, "axis": "z", "origin": [-2.71067, 3.71822, 5.12989]},
			"faces": {
				"north": {"uv": [13.75, 15.75, 14, 16], "rotation": 90, "texture": "#0"},
				"east": {"uv": [13.75, 15.75, 14, 16], "rotation": 90, "texture": "#0"},
				"south": {"uv": [13.75, 15.75, 14, 16], "rotation": 90, "texture": "#0"},
				"west": {"uv": [13.75, 15.75, 14, 16], "rotation": 90, "texture": "#0"},
				"up": {"uv": [13.75, 15.75, 14, 16], "rotation": 90, "texture": "#0"},
				"down": {"uv": [13.75, 15.75, 14, 16], "rotation": 90, "texture": "#0"}
			}
		},
		{
			"from": [-11.59313, 16.77689, 18.00622],
			"to": [-10.16513, 20.64089, 19.68622],
			"rotation": {"angle": -45, "axis": "z", "origin": [-2.71067, 3.71822, 5.12989]},
			"faces": {
				"north": {"uv": [0, 0, 1.7, 4.6], "texture": "#0"},
				"east": {"uv": [5.75, 15, 6.75, 16], "texture": "#0"},
				"south": {"uv": [5.75, 15, 6.75, 16], "texture": "#0"},
				"west": {"uv": [9.75, 15.75, 11.25, 16], "rotation": 90, "texture": "#0"},
				"up": {"uv": [5.75, 15, 6.75, 16], "texture": "#0"},
				"down": {"uv": [5.75, 15, 6.75, 16], "texture": "#0"}
			}
		},
		{
			"name": "right_arm",
			"from": [-11.42513, 16.94489, 16.32622],
			"to": [-8.06513, 20.30489, 26.40622],
			"rotation": {"angle": -45, "axis": "z", "origin": [-2.71067, 3.71822, 5.12989]},
			"faces": {
				"north": {"uv": [13, 4, 12, 5], "texture": "#0"},
				"east": {"uv": [12, 5, 13, 8], "rotation": 270, "texture": "#0"},
				"south": {"uv": [12, 5, 11, 4], "rotation": 180, "texture": "#0"},
				"west": {"uv": [10, 5, 11, 8], "rotation": 90, "texture": "#0"},
				"up": {"uv": [13, 5, 14, 8], "rotation": 180, "texture": "#0"},
				"down": {"uv": [11, 5, 12, 8], "texture": "#0"}
			}
		},
		{
			"name": "right_arm_2nd_layer",
			"from": [3.59447, -5.61111, 17.1746],
			"to": [8.58447, -0.41111, 30.0746],
			"rotation": {"angle": 0, "axis": "y", "origin": [9.93503, 8, -5.77817]},
			"faces": {
				"north": {"uv": [13, 8, 12, 9], "texture": "#0"},
				"east": {"uv": [12, 9, 13, 12], "rotation": 270, "texture": "#0"},
				"south": {"uv": [12, 9, 11, 8], "rotation": 180, "texture": "#0"},
				"west": {"uv": [10, 9, 11, 12], "rotation": 90, "texture": "#0"},
				"up": {"uv": [13, 9, 14, 12], "rotation": 180, "texture": "#0"},
				"down": {"uv": [11, 9, 12, 12], "texture": "#0"}
			}
		},
		{
			"from": [3.58447, -5.51111, 16.9746],
			"to": [8.58447, -0.51111, 18.9746],
			"rotation": {"angle": 0, "axis": "y", "origin": [9.93503, 8, -5.77817]},
			"faces": {
				"north": {"uv": [5.75, 15, 6.75, 16], "texture": "#0"},
				"east": {"uv": [5.75, 15, 6.75, 16], "texture": "#0"},
				"south": {"uv": [5.75, 15, 6.75, 16], "texture": "#0"},
				"west": {"uv": [9.25, 15.5, 11.75, 16], "rotation": 90, "texture": "#0"},
				"up": {"uv": [5.75, 15, 6.75, 16], "texture": "#0"},
				"down": {"uv": [5.75, 15, 6.75, 16], "texture": "#0"}
			}
		},
		{
			"from": [4.08447, -5.01111, 16.8246],
			"to": [8.08447, -1.01111, 17.0746],
			"rotation": {"angle": 0, "axis": "y", "origin": [9.93503, 8, -5.77817]},
			"faces": {
				"north": {"uv": [6.5, 12.5, 6.75, 13], "texture": "#0"},
				"east": {"uv": [6.5, 12.5, 6.75, 13], "texture": "#0"},
				"south": {"uv": [6.5, 12.5, 6.75, 13], "texture": "#0"},
				"west": {"uv": [6.5, 12.5, 6.75, 13], "texture": "#0"},
				"up": {"uv": [6.5, 12.5, 6.75, 13], "texture": "#0"},
				"down": {"uv": [6.5, 12.5, 6.75, 13], "texture": "#0"}
			}
		},
		{
			"from": [3.33447, -5.26111, 17.3246],
			"to": [4.33447, -4.26111, 18.3246],
			"rotation": {"angle": 0, "axis": "y", "origin": [9.93503, 8, -5.77817]},
			"faces": {
				"north": {"uv": [13.75, 15.75, 14, 16], "rotation": 90, "texture": "#0"},
				"east": {"uv": [13.75, 15.75, 14, 16], "rotation": 90, "texture": "#0"},
				"south": {"uv": [13.75, 15.75, 14, 16], "rotation": 90, "texture": "#0"},
				"west": {"uv": [13.75, 15.75, 14, 16], "rotation": 90, "texture": "#0"},
				"up": {"uv": [13.75, 15.75, 14, 16], "rotation": 90, "texture": "#0"},
				"down": {"uv": [13.75, 15.75, 14, 16], "rotation": 90, "texture": "#0"}
			}
		},
		{
			"from": [3.33447, -4.06111, 17.3246],
			"to": [4.33447, -3.06111, 18.3246],
			"rotation": {"angle": 0, "axis": "y", "origin": [9.93503, 8, -5.77817]},
			"faces": {
				"north": {"uv": [13.75, 15.75, 14, 16], "rotation": 90, "texture": "#0"},
				"east": {"uv": [13.75, 15.75, 14, 16], "rotation": 90, "texture": "#0"},
				"south": {"uv": [13.75, 15.75, 14, 16], "rotation": 90, "texture": "#0"},
				"west": {"uv": [13.75, 15.75, 14, 16], "rotation": 90, "texture": "#0"},
				"up": {"uv": [13.75, 15.75, 14, 16], "rotation": 90, "texture": "#0"},
				"down": {"uv": [13.75, 15.75, 14, 16], "rotation": 90, "texture": "#0"}
			}
		},
		{
			"from": [3.33447, -2.86111, 17.3246],
			"to": [4.33447, -1.86111, 18.3246],
			"rotation": {"angle": 0, "axis": "y", "origin": [9.93503, 8, -5.77817]},
			"faces": {
				"north": {"uv": [13.75, 15.75, 14, 16], "rotation": 90, "texture": "#0"},
				"east": {"uv": [13.75, 15.75, 14, 16], "rotation": 90, "texture": "#0"},
				"south": {"uv": [13.75, 15.75, 14, 16], "rotation": 90, "texture": "#0"},
				"west": {"uv": [13.75, 15.75, 14, 16], "rotation": 90, "texture": "#0"},
				"up": {"uv": [13.75, 15.75, 14, 16], "rotation": 90, "texture": "#0"},
				"down": {"uv": [13.75, 15.75, 14, 16], "rotation": 90, "texture": "#0"}
			}
		},
		{
			"from": [3.33447, -1.66111, 17.3246],
			"to": [4.33447, -0.66111, 18.3246],
			"rotation": {"angle": 0, "axis": "y", "origin": [9.93503, 8, -5.77817]},
			"faces": {
				"north": {"uv": [13.75, 15.75, 14, 16], "rotation": 90, "texture": "#0"},
				"east": {"uv": [13.75, 15.75, 14, 16], "rotation": 90, "texture": "#0"},
				"south": {"uv": [13.75, 15.75, 14, 16], "rotation": 90, "texture": "#0"},
				"west": {"uv": [13.75, 15.75, 14, 16], "rotation": 90, "texture": "#0"},
				"up": {"uv": [13.75, 15.75, 14, 16], "rotation": 90, "texture": "#0"},
				"down": {"uv": [13.75, 15.75, 14, 16], "rotation": 90, "texture": "#0"}
			}
		},
		{
			"from": [3.88447, -5.31111, 19.0746],
			"to": [5.58447, -0.71111, 21.0746],
			"rotation": {"angle": 0, "axis": "y", "origin": [9.93503, 8, -5.77817]},
			"faces": {
				"north": {"uv": [0, 0, 1.7, 4.6], "texture": "#0"},
				"east": {"uv": [5.75, 15, 6.75, 16], "texture": "#0"},
				"south": {"uv": [5.75, 15, 6.75, 16], "texture": "#0"},
				"west": {"uv": [9.75, 15.75, 11.25, 16], "rotation": 90, "texture": "#0"},
				"up": {"uv": [5.75, 15, 6.75, 16], "texture": "#0"},
				"down": {"uv": [5.75, 15, 6.75, 16], "texture": "#0"}
			}
		},
		{
			"name": "right_arm",
			"from": [4.08447, -5.11111, 17.0746],
			"to": [8.08447, -1.11111, 29.0746],
			"rotation": {"angle": 0, "axis": "y", "origin": [9.93503, 8, -5.77817]},
			"faces": {
				"north": {"uv": [13, 4, 12, 5], "texture": "#0"},
				"east": {"uv": [12, 5, 13, 8], "rotation": 270, "texture": "#0"},
				"south": {"uv": [12, 5, 11, 4], "rotation": 180, "texture": "#0"},
				"west": {"uv": [10, 5, 11, 8], "rotation": 90, "texture": "#0"},
				"up": {"uv": [13, 5, 14, 8], "rotation": 180, "texture": "#0"},
				"down": {"uv": [11, 5, 12, 8], "texture": "#0"}
			}
		},
		{
			"name": "right_arm_2nd_layer",
			"from": [-2.40553, 9.38889, 6.1746],
			"to": [2.58447, 14.58889, 19.0746],
			"rotation": {"angle": 0, "axis": "y", "origin": [9.93503, 8, -5.77817]},
			"faces": {
				"north": {"uv": [13, 8, 12, 9], "texture": "#0"},
				"east": {"uv": [12, 9, 13, 12], "rotation": 270, "texture": "#0"},
				"south": {"uv": [12, 9, 11, 8], "rotation": 180, "texture": "#0"},
				"west": {"uv": [10, 9, 11, 12], "rotation": 90, "texture": "#0"},
				"up": {"uv": [13, 9, 14, 12], "rotation": 180, "texture": "#0"},
				"down": {"uv": [11, 9, 12, 12], "texture": "#0"}
			}
		},
		{
			"from": [-2.41553, 9.48889, 5.9746],
			"to": [2.58447, 14.48889, 7.9746],
			"rotation": {"angle": 0, "axis": "y", "origin": [9.93503, 8, -5.77817]},
			"faces": {
				"north": {"uv": [5.75, 15, 6.75, 16], "texture": "#0"},
				"east": {"uv": [5.75, 15, 6.75, 16], "texture": "#0"},
				"south": {"uv": [5.75, 15, 6.75, 16], "texture": "#0"},
				"west": {"uv": [9.25, 15.5, 11.75, 16], "rotation": 90, "texture": "#0"},
				"up": {"uv": [5.75, 15, 6.75, 16], "texture": "#0"},
				"down": {"uv": [5.75, 15, 6.75, 16], "texture": "#0"}
			}
		},
		{
			"from": [-1.91553, 9.98889, 5.8246],
			"to": [2.08447, 13.98889, 6.0746],
			"rotation": {"angle": 0, "axis": "y", "origin": [9.93503, 8, -5.77817]},
			"faces": {
				"north": {"uv": [6.5, 12.5, 6.75, 13], "texture": "#0"},
				"east": {"uv": [6.5, 12.5, 6.75, 13], "texture": "#0"},
				"south": {"uv": [6.5, 12.5, 6.75, 13], "texture": "#0"},
				"west": {"uv": [6.5, 12.5, 6.75, 13], "texture": "#0"},
				"up": {"uv": [6.5, 12.5, 6.75, 13], "texture": "#0"},
				"down": {"uv": [6.5, 12.5, 6.75, 13], "texture": "#0"}
			}
		},
		{
			"from": [-2.66553, 9.73889, 6.3246],
			"to": [-1.66553, 10.73889, 7.3246],
			"rotation": {"angle": 0, "axis": "y", "origin": [9.93503, 8, -5.77817]},
			"faces": {
				"north": {"uv": [13.75, 15.75, 14, 16], "rotation": 90, "texture": "#0"},
				"east": {"uv": [13.75, 15.75, 14, 16], "rotation": 90, "texture": "#0"},
				"south": {"uv": [13.75, 15.75, 14, 16], "rotation": 90, "texture": "#0"},
				"west": {"uv": [13.75, 15.75, 14, 16], "rotation": 90, "texture": "#0"},
				"up": {"uv": [13.75, 15.75, 14, 16], "rotation": 90, "texture": "#0"},
				"down": {"uv": [13.75, 15.75, 14, 16], "rotation": 90, "texture": "#0"}
			}
		},
		{
			"from": [-2.66553, 10.93889, 6.3246],
			"to": [-1.66553, 11.93889, 7.3246],
			"rotation": {"angle": 0, "axis": "y", "origin": [9.93503, 8, -5.77817]},
			"faces": {
				"north": {"uv": [13.75, 15.75, 14, 16], "rotation": 90, "texture": "#0"},
				"east": {"uv": [13.75, 15.75, 14, 16], "rotation": 90, "texture": "#0"},
				"south": {"uv": [13.75, 15.75, 14, 16], "rotation": 90, "texture": "#0"},
				"west": {"uv": [13.75, 15.75, 14, 16], "rotation": 90, "texture": "#0"},
				"up": {"uv": [13.75, 15.75, 14, 16], "rotation": 90, "texture": "#0"},
				"down": {"uv": [13.75, 15.75, 14, 16], "rotation": 90, "texture": "#0"}
			}
		},
		{
			"from": [-2.66553, 12.13889, 6.3246],
			"to": [-1.66553, 13.13889, 7.3246],
			"rotation": {"angle": 0, "axis": "y", "origin": [9.93503, 8, -5.77817]},
			"faces": {
				"north": {"uv": [13.75, 15.75, 14, 16], "rotation": 90, "texture": "#0"},
				"east": {"uv": [13.75, 15.75, 14, 16], "rotation": 90, "texture": "#0"},
				"south": {"uv": [13.75, 15.75, 14, 16], "rotation": 90, "texture": "#0"},
				"west": {"uv": [13.75, 15.75, 14, 16], "rotation": 90, "texture": "#0"},
				"up": {"uv": [13.75, 15.75, 14, 16], "rotation": 90, "texture": "#0"},
				"down": {"uv": [13.75, 15.75, 14, 16], "rotation": 90, "texture": "#0"}
			}
		},
		{
			"from": [-2.66553, 13.33889, 6.3246],
			"to": [-1.66553, 14.33889, 7.3246],
			"rotation": {"angle": 0, "axis": "y", "origin": [9.93503, 8, -5.77817]},
			"faces": {
				"north": {"uv": [13.75, 15.75, 14, 16], "rotation": 90, "texture": "#0"},
				"east": {"uv": [13.75, 15.75, 14, 16], "rotation": 90, "texture": "#0"},
				"south": {"uv": [13.75, 15.75, 14, 16], "rotation": 90, "texture": "#0"},
				"west": {"uv": [13.75, 15.75, 14, 16], "rotation": 90, "texture": "#0"},
				"up": {"uv": [13.75, 15.75, 14, 16], "rotation": 90, "texture": "#0"},
				"down": {"uv": [13.75, 15.75, 14, 16], "rotation": 90, "texture": "#0"}
			}
		},
		{
			"from": [-2.11553, 9.68889, 8.0746],
			"to": [-0.41553, 14.28889, 10.0746],
			"rotation": {"angle": 0, "axis": "y", "origin": [9.93503, 8, -5.77817]},
			"faces": {
				"north": {"uv": [0, 0, 1.7, 4.6], "texture": "#0"},
				"east": {"uv": [5.75, 15, 6.75, 16], "texture": "#0"},
				"south": {"uv": [5.75, 15, 6.75, 16], "texture": "#0"},
				"west": {"uv": [9.75, 15.75, 11.25, 16], "rotation": 90, "texture": "#0"},
				"up": {"uv": [5.75, 15, 6.75, 16], "texture": "#0"},
				"down": {"uv": [5.75, 15, 6.75, 16], "texture": "#0"}
			}
		},
		{
			"name": "right_arm",
			"from": [-1.91553, 9.88889, 6.0746],
			"to": [2.08447, 13.88889, 18.0746],
			"rotation": {"angle": 0, "axis": "y", "origin": [9.93503, 8, -5.77817]},
			"faces": {
				"north": {"uv": [13, 4, 12, 5], "texture": "#0"},
				"east": {"uv": [12, 5, 13, 8], "rotation": 270, "texture": "#0"},
				"south": {"uv": [12, 5, 11, 4], "rotation": 180, "texture": "#0"},
				"west": {"uv": [10, 5, 11, 8], "rotation": 90, "texture": "#0"},
				"up": {"uv": [13, 5, 14, 8], "rotation": 180, "texture": "#0"},
				"down": {"uv": [11, 5, 12, 8], "texture": "#0"}
			}
		},
		{
			"name": "right_arm_2nd_layer",
			"from": [-4.1837, 14.38889, -5.36093],
			"to": [0.8063, 19.58889, 7.53907],
			"rotation": {"angle": -22.5, "axis": "y", "origin": [2.15685, 11, -9.31371]},
			"faces": {
				"north": {"uv": [13, 8, 12, 9], "texture": "#0"},
				"east": {"uv": [12, 9, 13, 12], "rotation": 270, "texture": "#0"},
				"south": {"uv": [12, 9, 11, 8], "rotation": 180, "texture": "#0"},
				"west": {"uv": [10, 9, 11, 12], "rotation": 90, "texture": "#0"},
				"up": {"uv": [13, 9, 14, 12], "rotation": 180, "texture": "#0"},
				"down": {"uv": [11, 9, 12, 12], "texture": "#0"}
			}
		},
		{
			"from": [-4.1937, 14.48889, -5.56093],
			"to": [0.8063, 19.48889, -3.56093],
			"rotation": {"angle": -22.5, "axis": "y", "origin": [2.15685, 11, -9.31371]},
			"faces": {
				"north": {"uv": [5.75, 15, 6.75, 16], "texture": "#0"},
				"east": {"uv": [5.75, 15, 6.75, 16], "texture": "#0"},
				"south": {"uv": [5.75, 15, 6.75, 16], "texture": "#0"},
				"west": {"uv": [9.25, 15.5, 11.75, 16], "rotation": 90, "texture": "#0"},
				"up": {"uv": [5.75, 15, 6.75, 16], "texture": "#0"},
				"down": {"uv": [5.75, 15, 6.75, 16], "texture": "#0"}
			}
		},
		{
			"from": [-3.6937, 14.98889, -5.71093],
			"to": [0.3063, 18.98889, -5.46093],
			"rotation": {"angle": -22.5, "axis": "y", "origin": [2.15685, 11, -9.31371]},
			"faces": {
				"north": {"uv": [6.5, 12.5, 6.75, 13], "texture": "#0"},
				"east": {"uv": [6.5, 12.5, 6.75, 13], "texture": "#0"},
				"south": {"uv": [6.5, 12.5, 6.75, 13], "texture": "#0"},
				"west": {"uv": [6.5, 12.5, 6.75, 13], "texture": "#0"},
				"up": {"uv": [6.5, 12.5, 6.75, 13], "texture": "#0"},
				"down": {"uv": [6.5, 12.5, 6.75, 13], "texture": "#0"}
			}
		},
		{
			"from": [-4.4437, 14.73889, -5.21093],
			"to": [-3.4437, 15.73889, -4.21093],
			"rotation": {"angle": -22.5, "axis": "y", "origin": [2.15685, 11, -9.31371]},
			"faces": {
				"north": {"uv": [13.75, 15.75, 14, 16], "rotation": 90, "texture": "#0"},
				"east": {"uv": [13.75, 15.75, 14, 16], "rotation": 90, "texture": "#0"},
				"south": {"uv": [13.75, 15.75, 14, 16], "rotation": 90, "texture": "#0"},
				"west": {"uv": [13.75, 15.75, 14, 16], "rotation": 90, "texture": "#0"},
				"up": {"uv": [13.75, 15.75, 14, 16], "rotation": 90, "texture": "#0"},
				"down": {"uv": [13.75, 15.75, 14, 16], "rotation": 90, "texture": "#0"}
			}
		},
		{
			"from": [-4.4437, 15.93889, -5.21093],
			"to": [-3.4437, 16.93889, -4.21093],
			"rotation": {"angle": -22.5, "axis": "y", "origin": [2.15685, 11, -9.31371]},
			"faces": {
				"north": {"uv": [13.75, 15.75, 14, 16], "rotation": 90, "texture": "#0"},
				"east": {"uv": [13.75, 15.75, 14, 16], "rotation": 90, "texture": "#0"},
				"south": {"uv": [13.75, 15.75, 14, 16], "rotation": 90, "texture": "#0"},
				"west": {"uv": [13.75, 15.75, 14, 16], "rotation": 90, "texture": "#0"},
				"up": {"uv": [13.75, 15.75, 14, 16], "rotation": 90, "texture": "#0"},
				"down": {"uv": [13.75, 15.75, 14, 16], "rotation": 90, "texture": "#0"}
			}
		},
		{
			"from": [-4.4437, 17.13889, -5.21093],
			"to": [-3.4437, 18.13889, -4.21093],
			"rotation": {"angle": -22.5, "axis": "y", "origin": [2.15685, 11, -9.31371]},
			"faces": {
				"north": {"uv": [13.75, 15.75, 14, 16], "rotation": 90, "texture": "#0"},
				"east": {"uv": [13.75, 15.75, 14, 16], "rotation": 90, "texture": "#0"},
				"south": {"uv": [13.75, 15.75, 14, 16], "rotation": 90, "texture": "#0"},
				"west": {"uv": [13.75, 15.75, 14, 16], "rotation": 90, "texture": "#0"},
				"up": {"uv": [13.75, 15.75, 14, 16], "rotation": 90, "texture": "#0"},
				"down": {"uv": [13.75, 15.75, 14, 16], "rotation": 90, "texture": "#0"}
			}
		},
		{
			"from": [-4.4437, 18.33889, -5.21093],
			"to": [-3.4437, 19.33889, -4.21093],
			"rotation": {"angle": -22.5, "axis": "y", "origin": [2.15685, 11, -9.31371]},
			"faces": {
				"north": {"uv": [13.75, 15.75, 14, 16], "rotation": 90, "texture": "#0"},
				"east": {"uv": [13.75, 15.75, 14, 16], "rotation": 90, "texture": "#0"},
				"south": {"uv": [13.75, 15.75, 14, 16], "rotation": 90, "texture": "#0"},
				"west": {"uv": [13.75, 15.75, 14, 16], "rotation": 90, "texture": "#0"},
				"up": {"uv": [13.75, 15.75, 14, 16], "rotation": 90, "texture": "#0"},
				"down": {"uv": [13.75, 15.75, 14, 16], "rotation": 90, "texture": "#0"}
			}
		},
		{
			"from": [-3.8937, 14.68889, -3.46093],
			"to": [-2.1937, 19.28889, -1.46093],
			"rotation": {"angle": -22.5, "axis": "y", "origin": [2.15685, 11, -9.31371]},
			"faces": {
				"north": {"uv": [0, 0, 1.7, 4.6], "texture": "#0"},
				"east": {"uv": [5.75, 15, 6.75, 16], "texture": "#0"},
				"south": {"uv": [5.75, 15, 6.75, 16], "texture": "#0"},
				"west": {"uv": [9.75, 15.75, 11.25, 16], "rotation": 90, "texture": "#0"},
				"up": {"uv": [5.75, 15, 6.75, 16], "texture": "#0"},
				"down": {"uv": [5.75, 15, 6.75, 16], "texture": "#0"}
			}
		},
		{
			"name": "right_arm",
			"from": [-3.6937, 14.88889, -5.46093],
			"to": [0.3063, 18.88889, 6.53907],
			"rotation": {"angle": -22.5, "axis": "y", "origin": [2.15685, 11, -9.31371]},
			"faces": {
				"north": {"uv": [13, 4, 12, 5], "texture": "#0"},
				"east": {"uv": [12, 5, 13, 8], "rotation": 270, "texture": "#0"},
				"south": {"uv": [12, 5, 11, 4], "rotation": 180, "texture": "#0"},
				"west": {"uv": [10, 5, 11, 8], "rotation": 90, "texture": "#0"},
				"up": {"uv": [13, 5, 14, 8], "rotation": 180, "texture": "#0"},
				"down": {"uv": [11, 5, 12, 8], "texture": "#0"}
			}
		},
		{
			"from": [-14.38049, 4, 3.59674],
			"to": [-14.38049, 5, 14.59674],
			"rotation": {"angle": -22.5, "axis": "y", "origin": [-8.83352, 4.5, 17.17155]},
			"faces": {
				"north": {"uv": [7.5, 4.5, 8.25, 4.75], "texture": "#0"},
				"east": {"uv": [7.5, 4.5, 8.25, 4.75], "texture": "#0"},
				"south": {"uv": [7.5, 4.5, 8.25, 4.75], "texture": "#0"},
				"west": {"uv": [7.5, 4.5, 8.25, 4.75], "texture": "#0"},
				"up": {"uv": [7.5, 4.5, 8.25, 4.75], "texture": "#0"},
				"down": {"uv": [7.5, 4.5, 8.25, 4.75], "texture": "#0"}
			}
		},
		{
			"from": [-10.80343, 4, 11.28214],
			"to": [-10.80343, 5, 22.28214],
			"rotation": {"angle": 22.5, "axis": "y", "origin": [-8.83352, 4.5, 17.17155]},
			"faces": {
				"north": {"uv": [7.5, 4.5, 8.25, 4.75], "texture": "#0"},
				"east": {"uv": [7.5, 4.5, 8.25, 4.75], "texture": "#0"},
				"south": {"uv": [7.5, 4.5, 8.25, 4.75], "texture": "#0"},
				"west": {"uv": [7.5, 4.5, 8.25, 4.75], "texture": "#0"},
				"up": {"uv": [7.5, 4.5, 8.25, 4.75], "texture": "#0"},
				"down": {"uv": [7.5, 4.5, 8.25, 4.75], "texture": "#0"}
			}
		},
		{
			"from": [-12.5, 4, 21],
			"to": [-12.5, 5, 32],
			"rotation": {"angle": 45, "axis": "y", "origin": [-8.83352, 4.5, 17.17155]},
			"faces": {
				"north": {"uv": [7.5, 4.5, 8.25, 4.75], "texture": "#0"},
				"east": {"uv": [7.5, 4.5, 8.25, 4.75], "texture": "#0"},
				"south": {"uv": [7.5, 4.5, 8.25, 4.75], "texture": "#0"},
				"west": {"uv": [7.5, 4.5, 8.25, 4.75], "texture": "#0"},
				"up": {"uv": [7.5, 4.5, 8.25, 4.75], "texture": "#0"},
				"down": {"uv": [7.5, 4.5, 8.25, 4.75], "texture": "#0"}
			}
		},
		{
			"from": [-0.53553, 5, 10.34315],
			"to": [-0.53553, 6, 21.34315],
			"rotation": {"angle": -22.5, "axis": "y", "origin": [1.40381, 5.5, 20.43934]},
			"faces": {
				"north": {"uv": [7.5, 4.5, 8.25, 4.75], "texture": "#0"},
				"east": {"uv": [7.5, 4.5, 8.25, 4.75], "texture": "#0"},
				"south": {"uv": [7.5, 4.5, 8.25, 4.75], "texture": "#0"},
				"west": {"uv": [7.5, 4.5, 8.25, 4.75], "texture": "#0"},
				"up": {"uv": [7.5, 4.5, 8.25, 4.75], "rotation": 270, "texture": "#0"},
				"down": {"uv": [7.5, 4.5, 8.25, 4.75], "rotation": 90, "texture": "#0"}
			}
		},
		{
			"from": [-6.1, 10, -9],
			"to": [-6.1, 11, 2],
			"rotation": {"angle": -22.5, "axis": "y", "origin": [-5.07614, 10.5, 1.7076]},
			"faces": {
				"north": {"uv": [7.5, 4.5, 8.25, 4.75], "texture": "#0"},
				"east": {"uv": [7.5, 4.5, 8.25, 4.75], "texture": "#0"},
				"south": {"uv": [7.5, 4.5, 8.25, 4.75], "texture": "#0"},
				"west": {"uv": [7.5, 4.5, 8.25, 4.75], "texture": "#0"},
				"up": {"uv": [7.5, 4.5, 8.25, 4.75], "texture": "#0"},
				"down": {"uv": [7.5, 4.5, 8.25, 4.75], "texture": "#0"}
			}
		},
		{
			"from": [-6.12307, 10, 1.4106],
			"to": [-6.12307, 11, 12.4106],
			"rotation": {"angle": 0, "axis": "y", "origin": [-5.07614, 10.5, 1.7076]},
			"faces": {
				"north": {"uv": [7.5, 4.5, 8.25, 4.75], "texture": "#0"},
				"east": {"uv": [7.5, 4.5, 8.25, 4.75], "texture": "#0"},
				"south": {"uv": [7.5, 4.5, 8.25, 4.75], "texture": "#0"},
				"west": {"uv": [7.5, 4.5, 8.25, 4.75], "texture": "#0"},
				"up": {"uv": [7.5, 4.5, 8.25, 4.75], "texture": "#0"},
				"down": {"uv": [7.5, 4.5, 8.25, 4.75], "texture": "#0"}
			}
		},
		{
			"from": [-0.47487, 5, 19.56066],
			"to": [-0.47487, 6, 30.56066],
			"rotation": {"angle": 22.5, "axis": "y", "origin": [1.40381, 5.5, 20.43934]},
			"faces": {
				"north": {"uv": [7.5, 4.5, 8.25, 4.75], "texture": "#0"},
				"east": {"uv": [7.5, 4.5, 8.25, 4.75], "texture": "#0"},
				"south": {"uv": [7.5, 4.5, 8.25, 4.75], "texture": "#0"},
				"west": {"uv": [7.5, 4.5, 8.25, 4.75], "texture": "#0"},
				"up": {"uv": [7.5, 4.5, 8.25, 4.75], "texture": "#0"},
				"down": {"uv": [7.5, 4.5, 8.25, 4.75], "texture": "#0"}
			}
		},
		{
			"from": [-4, -6, -6],
			"to": [-4, -5, 5],
			"rotation": {"angle": -45, "axis": "y", "origin": [2, -5.5, -0.5]},
			"faces": {
				"north": {"uv": [7.5, 4.5, 8.25, 4.75], "texture": "#0"},
				"east": {"uv": [7.5, 4.5, 8.25, 4.75], "texture": "#0"},
				"south": {"uv": [7.5, 4.5, 8.25, 4.75], "texture": "#0"},
				"west": {"uv": [7.5, 4.5, 8.25, 4.75], "texture": "#0"},
				"up": {"uv": [7.5, 4.5, 8.25, 4.75], "rotation": 270, "texture": "#0"},
				"down": {"uv": [7.5, 4.5, 8.25, 4.75], "rotation": 90, "texture": "#0"}
			}
		},
		{
			"from": [-6, -6, -1],
			"to": [-6, -5, 10],
			"rotation": {"angle": 0, "axis": "y", "origin": [2, -5.5, -0.5]},
			"faces": {
				"north": {"uv": [7.5, 4.5, 8.25, 4.75], "texture": "#0"},
				"east": {"uv": [7.5, 4.5, 8.25, 4.75], "texture": "#0"},
				"south": {"uv": [7.5, 4.5, 8.25, 4.75], "texture": "#0"},
				"west": {"uv": [7.5, 4.5, 8.25, 4.75], "texture": "#0"},
				"up": {"uv": [7.5, 4.5, 8.25, 4.75], "texture": "#0"},
				"down": {"uv": [7.5, 4.5, 8.25, 4.75], "texture": "#0"}
			}
		},
		{
			"from": [-6, 16, 4],
			"to": [-6, 17, 17],
			"rotation": {"angle": 0, "axis": "y", "origin": [6, 14.5, 11.5]},
			"faces": {
				"north": {"uv": [7.5, 4.5, 8.25, 4.75], "texture": "#0"},
				"east": {"uv": [7.5, 4.5, 8.25, 4.75], "texture": "#0"},
				"south": {"uv": [7.5, 4.5, 8.25, 4.75], "texture": "#0"},
				"west": {"uv": [7.5, 4.5, 8.25, 4.75], "texture": "#0"},
				"up": {"uv": [7.5, 4.5, 8.25, 4.75], "rotation": 270, "texture": "#0"},
				"down": {"uv": [7.5, 4.5, 8.25, 4.75], "rotation": 90, "texture": "#0"}
			}
		},
		{
			"from": [29.87135, -2, 15.4216],
			"to": [29.87135, -1, 26.4216],
			"rotation": {"angle": -22.5, "axis": "y", "origin": [27.99267, -1.5, 16.30028]},
			"faces": {
				"north": {"uv": [8.25, 4.5, 7.5, 4.75], "texture": "#0"},
				"east": {"uv": [8.25, 4.5, 7.5, 4.75], "texture": "#0"},
				"south": {"uv": [8.25, 4.5, 7.5, 4.75], "texture": "#0"},
				"west": {"uv": [8.25, 4.5, 7.5, 4.75], "texture": "#0"},
				"up": {"uv": [7.5, 4.75, 8.25, 4.5], "rotation": 180, "texture": "#0"},
				"down": {"uv": [7.5, 4.75, 8.25, 4.5], "rotation": 180, "texture": "#0"}
			}
		},
		{
			"from": [29.93201, -2, 6.20408],
			"to": [29.93201, -1, 17.20408],
			"rotation": {"angle": 22.5, "axis": "y", "origin": [27.99267, -1.5, 16.30028]},
			"faces": {
				"north": {"uv": [8.25, 4.5, 7.5, 4.75], "texture": "#0"},
				"east": {"uv": [8.25, 4.5, 7.5, 4.75], "texture": "#0"},
				"south": {"uv": [8.25, 4.5, 7.5, 4.75], "texture": "#0"},
				"west": {"uv": [8.25, 4.5, 7.5, 4.75], "texture": "#0"},
				"up": {"uv": [7.5, 4.75, 8.25, 4.5], "rotation": 270, "texture": "#0"},
				"down": {"uv": [7.5, 4.75, 8.25, 4.5], "rotation": 90, "texture": "#0"}
			}
		},
		{
			"from": [23.32307, 5, 1.4106],
			"to": [23.32307, 6, 12.4106],
			"rotation": {"angle": 0, "axis": "y", "origin": [22.27614, 5.5, 1.7076]},
			"faces": {
				"north": {"uv": [8.25, 4.5, 7.5, 4.75], "texture": "#0"},
				"east": {"uv": [8.25, 4.5, 7.5, 4.75], "texture": "#0"},
				"south": {"uv": [8.25, 4.5, 7.5, 4.75], "texture": "#0"},
				"west": {"uv": [8.25, 4.5, 7.5, 4.75], "texture": "#0"},
				"up": {"uv": [8.25, 4.5, 7.5, 4.75], "texture": "#0"},
				"down": {"uv": [8.25, 4.5, 7.5, 4.75], "texture": "#0"}
			}
		},
		{
			"from": [27.38913, 11, 19.3137],
			"to": [27.38913, 12, 30.3137],
			"rotation": {"angle": -45, "axis": "y", "origin": [25.51045, 11.5, 20.19238]},
			"faces": {
				"north": {"uv": [8.25, 4.5, 7.5, 4.75], "texture": "#0"},
				"east": {"uv": [8.25, 4.5, 7.5, 4.75], "texture": "#0"},
				"south": {"uv": [8.25, 4.5, 7.5, 4.75], "texture": "#0"},
				"west": {"uv": [8.25, 4.5, 7.5, 4.75], "texture": "#0"},
				"up": {"uv": [8.25, 4.5, 7.5, 4.75], "texture": "#0"},
				"down": {"uv": [8.25, 4.5, 7.5, 4.75], "texture": "#0"}
			}
		},
		{
			"from": [27.44979, 11, 10.09619],
			"to": [27.44979, 12, 21.09619],
			"rotation": {"angle": 0, "axis": "y", "origin": [25.51045, 11.5, 20.19238]},
			"faces": {
				"north": {"uv": [8.25, 4.5, 7.5, 4.75], "texture": "#0"},
				"east": {"uv": [8.25, 4.5, 7.5, 4.75], "texture": "#0"},
				"south": {"uv": [8.25, 4.5, 7.5, 4.75], "texture": "#0"},
				"west": {"uv": [8.25, 4.5, 7.5, 4.75], "texture": "#0"},
				"up": {"uv": [8.25, 4.5, 7.5, 4.75], "rotation": 90, "texture": "#0"},
				"down": {"uv": [8.25, 4.5, 7.5, 4.75], "rotation": 270, "texture": "#0"}
			}
		},
		{
			"from": [25, 16, 11],
			"to": [25, 17, 22],
			"rotation": {"angle": 0, "axis": "y", "origin": [23.06066, 16.5, 21.09619]},
			"faces": {
				"north": {"uv": [8.25, 4.5, 7.5, 4.75], "texture": "#0"},
				"east": {"uv": [8.25, 4.5, 7.5, 4.75], "texture": "#0"},
				"south": {"uv": [8.25, 4.5, 7.5, 4.75], "texture": "#0"},
				"west": {"uv": [8.25, 4.5, 7.5, 4.75], "texture": "#0"},
				"up": {"uv": [8.25, 4.5, 7.5, 4.75], "texture": "#0"},
				"down": {"uv": [8.25, 4.5, 7.5, 4.75], "texture": "#0"}
			}
		},
		{
			"from": [24.93934, 16, 20.21751],
			"to": [24.93934, 17, 31.21751],
			"rotation": {"angle": -45, "axis": "y", "origin": [23.06066, 16.5, 21.09619]},
			"faces": {
				"north": {"uv": [8.25, 4.5, 7.5, 4.75], "texture": "#0"},
				"east": {"uv": [8.25, 4.5, 7.5, 4.75], "texture": "#0"},
				"south": {"uv": [8.25, 4.5, 7.5, 4.75], "texture": "#0"},
				"west": {"uv": [8.25, 4.5, 7.5, 4.75], "texture": "#0"},
				"up": {"uv": [8.25, 4.5, 7.5, 4.75], "texture": "#0"},
				"down": {"uv": [8.25, 4.5, 7.5, 4.75], "texture": "#0"}
			}
		},
		{
			"from": [26.95198, 11, -1.60988],
			"to": [26.95198, 12, 9.39012],
			"rotation": {"angle": 22.5, "axis": "y", "origin": [25.84764, 11.5, -1.38912]},
			"faces": {
				"north": {"uv": [8.25, 4.5, 7.5, 4.75], "texture": "#0"},
				"east": {"uv": [8.25, 4.5, 7.5, 4.75], "texture": "#0"},
				"south": {"uv": [8.25, 4.5, 7.5, 4.75], "texture": "#0"},
				"west": {"uv": [8.25, 4.5, 7.5, 4.75], "texture": "#0"},
				"up": {"uv": [8.25, 4.5, 7.5, 4.75], "texture": "#0"},
				"down": {"uv": [8.25, 4.5, 7.5, 4.75], "texture": "#0"}
			}
		},
		{
			"from": [26.84764, 11, -12.18912],
			"to": [26.84764, 12, -1.18912],
			"rotation": {"angle": 45, "axis": "y", "origin": [25.84764, 11.5, -1.38912]},
			"faces": {
				"north": {"uv": [8.25, 4.5, 7.5, 4.75], "texture": "#0"},
				"east": {"uv": [8.25, 4.5, 7.5, 4.75], "texture": "#0"},
				"south": {"uv": [8.25, 4.5, 7.5, 4.75], "texture": "#0"},
				"west": {"uv": [8.25, 4.5, 7.5, 4.75], "texture": "#0"},
				"up": {"uv": [8.25, 4.5, 7.5, 4.75], "texture": "#0"},
				"down": {"uv": [8.25, 4.5, 7.5, 4.75], "texture": "#0"}
			}
		},
		{
			"from": [23.3, 5, -7],
			"to": [23.3, 6, 2],
			"rotation": {"angle": 22.5, "axis": "y", "origin": [22.27614, 5.5, 1.7076]},
			"faces": {
				"north": {"uv": [8.25, 4.5, 7.5, 4.75], "texture": "#0"},
				"east": {"uv": [8.25, 4.5, 7.5, 4.75], "texture": "#0"},
				"south": {"uv": [8.25, 4.5, 7.5, 4.75], "texture": "#0"},
				"west": {"uv": [8.25, 4.5, 7.5, 4.75], "texture": "#0"},
				"up": {"uv": [8.25, 4.5, 7.5, 4.75], "texture": "#0"},
				"down": {"uv": [8.25, 4.5, 7.5, 4.75], "texture": "#0"}
			}
		}
	],
	"display": {
		"thirdperson_righthand": {
			"translation": [-7.75, -2.5, 1.75],
			"scale": [1.1, 1.1, 1.1]
		},
		"thirdperson_lefthand": {
			"rotation": [0, 0, -180],
			"translation": [0.5, -10.5, 7],
			"scale": [1.1, 1.1, 1.1]
		},
		"ground": {
			"translation": [0, 8.5, 0]
		},
		"head": {
			"translation": [0, -29, 0],
			"scale": [1.6, 1.6, 1.6]
		}
	},
	"groups": [
		{
			"name": "steve",
			"origin": [8, 8, 8],
			"color": 0,
			"children": [
				{
					"name": "group",
					"origin": [9.14944, -0.01111, 5.64722],
					"color": 0,
					"children": [0, 1, 2, 3, 4, 5, 6, 7, 8]
				},
				{
					"name": "group",
					"origin": [9.14944, -0.01111, 5.64722],
					"color": 0,
					"children": [9, 10, 11, 12, 13, 14, 15, 16, 17]
				},
				{
					"name": "group",
					"origin": [9.14944, -0.01111, 5.64722],
					"color": 0,
					"children": [18, 19, 20, 21, 22, 23, 24, 25, 26]
				},
				{
					"name": "group",
					"origin": [9.14944, -0.01111, 5.64722],
					"color": 0,
					"children": [27, 28, 29, 30, 31, 32, 33, 34, 35]
				},
				{
					"name": "group",
					"origin": [9.14944, -0.01111, 5.64722],
					"color": 0,
					"children": [36, 37, 38, 39, 40, 41, 42, 43, 44]
				},
				{
					"name": "group",
					"origin": [9.14944, -0.01111, 5.64722],
					"color": 0,
					"children": [45, 46, 47, 48, 49, 50, 51, 52, 53]
				},
				{
					"name": "group",
					"origin": [9.14944, -0.01111, 5.64722],
					"color": 0,
					"children": [54, 55, 56, 57, 58, 59, 60, 61, 62]
				}
			]
		},
		{
			"name": "steve",
			"origin": [8, 8, 8],
			"color": 0,
			"children": [
				{
					"name": "group",
					"origin": [9.14944, -0.01111, 5.64722],
					"color": 0,
					"children": [63, 64, 65, 66, 67, 68, 69, 70, 71]
				},
				{
					"name": "group",
					"origin": [9.14944, -0.01111, 5.64722],
					"color": 0,
					"children": [72, 73, 74, 75, 76, 77, 78, 79, 80]
				},
				{
					"name": "group",
					"origin": [9.14944, -0.01111, 5.64722],
					"color": 0,
					"children": [81, 82, 83, 84, 85, 86, 87, 88, 89]
				},
				{
					"name": "group",
					"origin": [9.14944, -0.01111, 5.64722],
					"color": 0,
					"children": [90, 91, 92, 93, 94, 95, 96, 97, 98]
				},
				{
					"name": "group",
					"origin": [9.14944, -0.01111, 5.64722],
					"color": 0,
					"children": [99, 100, 101, 102, 103, 104, 105, 106, 107]
				},
				{
					"name": "group",
					"origin": [9.14944, -0.01111, 5.64722],
					"color": 0,
					"children": [108, 109, 110, 111, 112, 113, 114, 115, 116]
				}
			]
		}, 117, 118, 119, 120, 121, 122, 123, 124, 125, 126, 127, 128, 129, 130, 131, 132, 133, 134, 135, 136]
}