{
	"credit": "Made with Blockbench",
	"textures": {
		"0": "stand/star_platinum/skin",
		"particle": "stand/star_platinum/skin"
	},
	"elements": [
		{
			"from": [5.5, -2.5, 0.4],
			"to": [10.5, 2.5, 2.4],
			"rotation": {"angle": 0, "axis": "x", "origin": [9.14944, -0.01111, 5.64722]},
			"faces": {
				"north": {"uv": [5.75, 15, 6.75, 16], "rotation": 180, "texture": "#0"},
				"east": {"uv": [9.25, 15.5, 11.75, 16], "rotation": 270, "texture": "#0"},
				"south": {"uv": [5.75, 15, 6.75, 16], "rotation": 180, "texture": "#0"},
				"west": {"uv": [5.75, 15, 6.75, 16], "rotation": 180, "texture": "#0"},
				"up": {"uv": [5.75, 15, 6.75, 16], "rotation": 180, "texture": "#0"},
				"down": {"uv": [5.75, 15, 6.75, 16], "rotation": 180, "texture": "#0"}
			}
		},
		{
			"from": [6, -2, 0.25],
			"to": [10, 2, 0.5],
			"rotation": {"angle": 0, "axis": "x", "origin": [9.14944, -0.01111, 5.64722]},
			"faces": {
				"north": {"uv": [6.5, 12.5, 6.75, 13], "rotation": 180, "texture": "#0"},
				"east": {"uv": [6.5, 12.5, 6.75, 13], "rotation": 180, "texture": "#0"},
				"south": {"uv": [6.5, 12.5, 6.75, 13], "rotation": 180, "texture": "#0"},
				"west": {"uv": [6.5, 12.5, 6.75, 13], "rotation": 180, "texture": "#0"},
				"up": {"uv": [6.5, 12.5, 6.75, 13], "rotation": 180, "texture": "#0"},
				"down": {"uv": [6.5, 12.5, 6.75, 13], "rotation": 180, "texture": "#0"}
			}
		},
		{
			"from": [9.75, 1.25, 0.75],
			"to": [10.75, 2.25, 1.75],
			"rotation": {"angle": 0, "axis": "y", "origin": [9.14944, -0.01111, 5.64722]},
			"faces": {
				"north": {"uv": [13.75, 15.75, 14, 16], "rotation": 270, "texture": "#0"},
				"east": {"uv": [13.75, 15.75, 14, 16], "rotation": 270, "texture": "#0"},
				"south": {"uv": [13.75, 15.75, 14, 16], "rotation": 270, "texture": "#0"},
				"west": {"uv": [13.75, 15.75, 14, 16], "rotation": 270, "texture": "#0"},
				"up": {"uv": [13.75, 15.75, 14, 16], "rotation": 270, "texture": "#0"},
				"down": {"uv": [13.75, 15.75, 14, 16], "rotation": 270, "texture": "#0"}
			}
		},
		{
			"from": [9.75, 0.05, 0.75],
			"to": [10.75, 1.05, 1.75],
			"rotation": {"angle": 0, "axis": "y", "origin": [9.14944, -0.01111, 5.64722]},
			"faces": {
				"north": {"uv": [13.75, 15.75, 14, 16], "rotation": 270, "texture": "#0"},
				"east": {"uv": [13.75, 15.75, 14, 16], "rotation": 270, "texture": "#0"},
				"south": {"uv": [13.75, 15.75, 14, 16], "rotation": 270, "texture": "#0"},
				"west": {"uv": [13.75, 15.75, 14, 16], "rotation": 270, "texture": "#0"},
				"up": {"uv": [13.75, 15.75, 14, 16], "rotation": 270, "texture": "#0"},
				"down": {"uv": [13.75, 15.75, 14, 16], "rotation": 270, "texture": "#0"}
			}
		},
		{
			"from": [9.75, -1.15, 0.75],
			"to": [10.75, -0.15, 1.75],
			"rotation": {"angle": 0, "axis": "y", "origin": [9.14944, -0.01111, 5.64722]},
			"faces": {
				"north": {"uv": [13.75, 15.75, 14, 16], "rotation": 270, "texture": "#0"},
				"east": {"uv": [13.75, 15.75, 14, 16], "rotation": 270, "texture": "#0"},
				"south": {"uv": [13.75, 15.75, 14, 16], "rotation": 270, "texture": "#0"},
				"west": {"uv": [13.75, 15.75, 14, 16], "rotation": 270, "texture": "#0"},
				"up": {"uv": [13.75, 15.75, 14, 16], "rotation": 270, "texture": "#0"},
				"down": {"uv": [13.75, 15.75, 14, 16], "rotation": 270, "texture": "#0"}
			}
		},
		{
			"from": [9.75, -2.35, 0.75],
			"to": [10.75, -1.35, 1.75],
			"rotation": {"angle": 0, "axis": "y", "origin": [9.14944, -0.01111, 5.64722]},
			"faces": {
				"north": {"uv": [13.75, 15.75, 14, 16], "rotation": 270, "texture": "#0"},
				"east": {"uv": [13.75, 15.75, 14, 16], "rotation": 270, "texture": "#0"},
				"south": {"uv": [13.75, 15.75, 14, 16], "rotation": 270, "texture": "#0"},
				"west": {"uv": [13.75, 15.75, 14, 16], "rotation": 270, "texture": "#0"},
				"up": {"uv": [13.75, 15.75, 14, 16], "rotation": 270, "texture": "#0"},
				"down": {"uv": [13.75, 15.75, 14, 16], "rotation": 270, "texture": "#0"}
			}
		},
		{
			"from": [8.5, -2.3, 2.5],
			"to": [10.2, 2.3, 4.5],
			"rotation": {"angle": 0, "axis": "x", "origin": [9.14944, -0.01111, 5.64722]},
			"faces": {
				"north": {"uv": [0, 0, 1.7, 4.6], "rotation": 180, "texture": "#missing"},
				"east": {"uv": [9.75, 15.75, 11.25, 16], "rotation": 270, "texture": "#0"},
				"south": {"uv": [5.75, 15, 6.75, 16], "rotation": 180, "texture": "#0"},
				"west": {"uv": [5.75, 15, 6.75, 16], "rotation": 180, "texture": "#0"},
				"up": {"uv": [5.75, 15, 6.75, 16], "rotation": 180, "texture": "#0"},
				"down": {"uv": [5.75, 15, 6.75, 16], "rotation": 180, "texture": "#0"}
			}
		},
		{
			"name": "right_arm",
			"from": [6, -1.9, 0.5],
			"to": [10, 2.1, 12.5],
			"rotation": {"angle": 0, "axis": "x", "origin": [9.14944, -0.01111, 5.64722]},
			"faces": {
				"north": {"uv": [13, 4, 12, 5], "rotation": 180, "texture": "#0"},
				"east": {"uv": [10, 5, 11, 8], "rotation": 270, "texture": "#0"},
				"south": {"uv": [12, 5, 11, 4], "texture": "#0"},
				"west": {"uv": [12, 5, 13, 8], "rotation": 90, "texture": "#0"},
				"up": {"uv": [11, 5, 12, 8], "rotation": 180, "texture": "#0"},
				"down": {"uv": [13, 5, 14, 8], "texture": "#0"}
			}
		},
		{
			"name": "right_arm_2nd_layer",
			"from": [5.5, -2.6, 0.6],
			"to": [10.49, 2.6, 13.5],
			"rotation": {"angle": 0, "axis": "x", "origin": [9.14944, -0.01111, 5.64722]},
			"faces": {
				"north": {"uv": [13, 8, 12, 9], "rotation": 180, "texture": "#0"},
				"east": {"uv": [10, 9, 11, 12], "rotation": 270, "texture": "#0"},
				"south": {"uv": [12, 9, 11, 8], "texture": "#0"},
				"west": {"uv": [12, 9, 13, 12], "rotation": 90, "texture": "#0"},
				"up": {"uv": [11, 9, 12, 12], "rotation": 180, "texture": "#0"},
				"down": {"uv": [13, 9, 14, 12], "texture": "#0"}
			}
		},
		{
			"from": [9.5, 6.5, 6.4],
			"to": [14.5, 11.5, 8.4],
			"rotation": {"angle": 22.5, "axis": "x", "origin": [9.14944, 9.98889, 2.64722]},
			"faces": {
				"north": {"uv": [5.75, 15, 6.75, 16], "rotation": 180, "texture": "#0"},
				"east": {"uv": [9.25, 15.5, 11.75, 16], "rotation": 270, "texture": "#0"},
				"south": {"uv": [5.75, 15, 6.75, 16], "rotation": 180, "texture": "#0"},
				"west": {"uv": [5.75, 15, 6.75, 16], "rotation": 180, "texture": "#0"},
				"up": {"uv": [5.75, 15, 6.75, 16], "rotation": 180, "texture": "#0"},
				"down": {"uv": [5.75, 15, 6.75, 16], "rotation": 180, "texture": "#0"}
			}
		},
		{
			"from": [10, 7, 6.25],
			"to": [14, 11, 6.5],
			"rotation": {"angle": 22.5, "axis": "x", "origin": [9.14944, 9.98889, 2.64722]},
			"faces": {
				"north": {"uv": [6.5, 12.5, 6.75, 13], "rotation": 180, "texture": "#0"},
				"east": {"uv": [6.5, 12.5, 6.75, 13], "rotation": 180, "texture": "#0"},
				"south": {"uv": [6.5, 12.5, 6.75, 13], "rotation": 180, "texture": "#0"},
				"west": {"uv": [6.5, 12.5, 6.75, 13], "rotation": 180, "texture": "#0"},
				"up": {"uv": [6.5, 12.5, 6.75, 13], "rotation": 180, "texture": "#0"},
				"down": {"uv": [6.5, 12.5, 6.75, 13], "rotation": 180, "texture": "#0"}
			}
		},
		{
			"from": [13.75, 10.25, 6.75],
			"to": [14.75, 11.25, 7.75],
			"rotation": {"angle": 22.5, "axis": "x", "origin": [9.14944, 9.98889, 2.64722]},
			"faces": {
				"north": {"uv": [13.75, 15.75, 14, 16], "rotation": 270, "texture": "#0"},
				"east": {"uv": [13.75, 15.75, 14, 16], "rotation": 270, "texture": "#0"},
				"south": {"uv": [13.75, 15.75, 14, 16], "rotation": 270, "texture": "#0"},
				"west": {"uv": [13.75, 15.75, 14, 16], "rotation": 270, "texture": "#0"},
				"up": {"uv": [13.75, 15.75, 14, 16], "rotation": 270, "texture": "#0"},
				"down": {"uv": [13.75, 15.75, 14, 16], "rotation": 270, "texture": "#0"}
			}
		},
		{
			"from": [13.75, 9.05, 6.75],
			"to": [14.75, 10.05, 7.75],
			"rotation": {"angle": 22.5, "axis": "x", "origin": [9.14944, 9.98889, 2.64722]},
			"faces": {
				"north": {"uv": [13.75, 15.75, 14, 16], "rotation": 270, "texture": "#0"},
				"east": {"uv": [13.75, 15.75, 14, 16], "rotation": 270, "texture": "#0"},
				"south": {"uv": [13.75, 15.75, 14, 16], "rotation": 270, "texture": "#0"},
				"west": {"uv": [13.75, 15.75, 14, 16], "rotation": 270, "texture": "#0"},
				"up": {"uv": [13.75, 15.75, 14, 16], "rotation": 270, "texture": "#0"},
				"down": {"uv": [13.75, 15.75, 14, 16], "rotation": 270, "texture": "#0"}
			}
		},
		{
			"from": [13.75, 7.85, 6.75],
			"to": [14.75, 8.85, 7.75],
			"rotation": {"angle": 22.5, "axis": "x", "origin": [9.14944, 9.98889, 2.64722]},
			"faces": {
				"north": {"uv": [13.75, 15.75, 14, 16], "rotation": 270, "texture": "#0"},
				"east": {"uv": [13.75, 15.75, 14, 16], "rotation": 270, "texture": "#0"},
				"south": {"uv": [13.75, 15.75, 14, 16], "rotation": 270, "texture": "#0"},
				"west": {"uv": [13.75, 15.75, 14, 16], "rotation": 270, "texture": "#0"},
				"up": {"uv": [13.75, 15.75, 14, 16], "rotation": 270, "texture": "#0"},
				"down": {"uv": [13.75, 15.75, 14, 16], "rotation": 270, "texture": "#0"}
			}
		},
		{
			"from": [13.75, 6.65, 6.75],
			"to": [14.75, 7.65, 7.75],
			"rotation": {"angle": 22.5, "axis": "x", "origin": [9.14944, 9.98889, 2.64722]},
			"faces": {
				"north": {"uv": [13.75, 15.75, 14, 16], "rotation": 270, "texture": "#0"},
				"east": {"uv": [13.75, 15.75, 14, 16], "rotation": 270, "texture": "#0"},
				"south": {"uv": [13.75, 15.75, 14, 16], "rotation": 270, "texture": "#0"},
				"west": {"uv": [13.75, 15.75, 14, 16], "rotation": 270, "texture": "#0"},
				"up": {"uv": [13.75, 15.75, 14, 16], "rotation": 270, "texture": "#0"},
				"down": {"uv": [13.75, 15.75, 14, 16], "rotation": 270, "texture": "#0"}
			}
		},
		{
			"from": [12.5, 6.7, 8.5],
			"to": [14.2, 11.3, 10.5],
			"rotation": {"angle": 22.5, "axis": "x", "origin": [9.14944, 9.98889, 2.64722]},
			"faces": {
				"north": {"uv": [0, 0, 1.7, 4.6], "rotation": 180, "texture": "#missing"},
				"east": {"uv": [9.75, 15.75, 11.25, 16], "rotation": 270, "texture": "#0"},
				"south": {"uv": [5.75, 15, 6.75, 16], "rotation": 180, "texture": "#0"},
				"west": {"uv": [5.75, 15, 6.75, 16], "rotation": 180, "texture": "#0"},
				"up": {"uv": [5.75, 15, 6.75, 16], "rotation": 180, "texture": "#0"},
				"down": {"uv": [5.75, 15, 6.75, 16], "rotation": 180, "texture": "#0"}
			}
		},
		{
			"name": "right_arm",
			"from": [10, 7.1, 6.5],
			"to": [14, 11.1, 18.5],
			"rotation": {"angle": 22.5, "axis": "x", "origin": [9.14944, 9.98889, 2.64722]},
			"faces": {
				"north": {"uv": [13, 4, 12, 5], "rotation": 180, "texture": "#0"},
				"east": {"uv": [10, 5, 11, 8], "rotation": 270, "texture": "#0"},
				"south": {"uv": [12, 5, 11, 4], "texture": "#0"},
				"west": {"uv": [12, 5, 13, 8], "rotation": 90, "texture": "#0"},
				"up": {"uv": [11, 5, 12, 8], "rotation": 180, "texture": "#0"},
				"down": {"uv": [13, 5, 14, 8], "texture": "#0"}
			}
		},
		{
			"name": "right_arm_2nd_layer",
			"from": [9.5, 6.4, 6.6],
			"to": [14.49, 11.6, 19.5],
			"rotation": {"angle": 22.5, "axis": "x", "origin": [9.14944, 9.98889, 2.64722]},
			"faces": {
				"north": {"uv": [13, 8, 12, 9], "rotation": 180, "texture": "#0"},
				"east": {"uv": [10, 9, 11, 12], "rotation": 270, "texture": "#0"},
				"south": {"uv": [12, 9, 11, 8], "texture": "#0"},
				"west": {"uv": [12, 9, 13, 12], "rotation": 90, "texture": "#0"},
				"up": {"uv": [11, 9, 12, 12], "rotation": 180, "texture": "#0"},
				"down": {"uv": [13, 9, 14, 12], "texture": "#0"}
			}
		},
		{
			"from": [1.5, -9.5, -5.6],
			"to": [6.5, -4.5, -3.6],
			"rotation": {"angle": -22.5, "axis": "x", "origin": [9.14944, -0.01111, 5.64722]},
			"faces": {
				"north": {"uv": [5.75, 15, 6.75, 16], "rotation": 180, "texture": "#0"},
				"east": {"uv": [9.25, 15.5, 11.75, 16], "rotation": 270, "texture": "#0"},
				"south": {"uv": [5.75, 15, 6.75, 16], "rotation": 180, "texture": "#0"},
				"west": {"uv": [5.75, 15, 6.75, 16], "rotation": 180, "texture": "#0"},
				"up": {"uv": [5.75, 15, 6.75, 16], "rotation": 180, "texture": "#0"},
				"down": {"uv": [5.75, 15, 6.75, 16], "rotation": 180, "texture": "#0"}
			}
		},
		{
			"from": [2, -9, -5.75],
			"to": [6, -5, -5.5],
			"rotation": {"angle": -22.5, "axis": "x", "origin": [9.14944, -0.01111, 5.64722]},
			"faces": {
				"north": {"uv": [6.5, 12.5, 6.75, 13], "rotation": 180, "texture": "#0"},
				"east": {"uv": [6.5, 12.5, 6.75, 13], "rotation": 180, "texture": "#0"},
				"south": {"uv": [6.5, 12.5, 6.75, 13], "rotation": 180, "texture": "#0"},
				"west": {"uv": [6.5, 12.5, 6.75, 13], "rotation": 180, "texture": "#0"},
				"up": {"uv": [6.5, 12.5, 6.75, 13], "rotation": 180, "texture": "#0"},
				"down": {"uv": [6.5, 12.5, 6.75, 13], "rotation": 180, "texture": "#0"}
			}
		},
		{
			"from": [5.75, -5.75, -5.25],
			"to": [6.75, -4.75, -4.25],
			"rotation": {"angle": -22.5, "axis": "x", "origin": [9.14944, -0.01111, 5.64722]},
			"faces": {
				"north": {"uv": [13.75, 15.75, 14, 16], "rotation": 270, "texture": "#0"},
				"east": {"uv": [13.75, 15.75, 14, 16], "rotation": 270, "texture": "#0"},
				"south": {"uv": [13.75, 15.75, 14, 16], "rotation": 270, "texture": "#0"},
				"west": {"uv": [13.75, 15.75, 14, 16], "rotation": 270, "texture": "#0"},
				"up": {"uv": [13.75, 15.75, 14, 16], "rotation": 270, "texture": "#0"},
				"down": {"uv": [13.75, 15.75, 14, 16], "rotation": 270, "texture": "#0"}
			}
		},
		{
			"from": [5.75, -6.95, -5.25],
			"to": [6.75, -5.95, -4.25],
			"rotation": {"angle": -22.5, "axis": "x", "origin": [9.14944, -0.01111, 5.64722]},
			"faces": {
				"north": {"uv": [13.75, 15.75, 14, 16], "rotation": 270, "texture": "#0"},
				"east": {"uv": [13.75, 15.75, 14, 16], "rotation": 270, "texture": "#0"},
				"south": {"uv": [13.75, 15.75, 14, 16], "rotation": 270, "texture": "#0"},
				"west": {"uv": [13.75, 15.75, 14, 16], "rotation": 270, "texture": "#0"},
				"up": {"uv": [13.75, 15.75, 14, 16], "rotation": 270, "texture": "#0"},
				"down": {"uv": [13.75, 15.75, 14, 16], "rotation": 270, "texture": "#0"}
			}
		},
		{
			"from": [5.75, -8.15, -5.25],
			"to": [6.75, -7.15, -4.25],
			"rotation": {"angle": -22.5, "axis": "x", "origin": [9.14944, -0.01111, 5.64722]},
			"faces": {
				"north": {"uv": [13.75, 15.75, 14, 16], "rotation": 270, "texture": "#0"},
				"east": {"uv": [13.75, 15.75, 14, 16], "rotation": 270, "texture": "#0"},
				"south": {"uv": [13.75, 15.75, 14, 16], "rotation": 270, "texture": "#0"},
				"west": {"uv": [13.75, 15.75, 14, 16], "rotation": 270, "texture": "#0"},
				"up": {"uv": [13.75, 15.75, 14, 16], "rotation": 270, "texture": "#0"},
				"down": {"uv": [13.75, 15.75, 14, 16], "rotation": 270, "texture": "#0"}
			}
		},
		{
			"from": [5.75, -9.35, -5.25],
			"to": [6.75, -8.35, -4.25],
			"rotation": {"angle": -22.5, "axis": "x", "origin": [9.14944, -0.01111, 5.64722]},
			"faces": {
				"north": {"uv": [13.75, 15.75, 14, 16], "rotation": 270, "texture": "#0"},
				"east": {"uv": [13.75, 15.75, 14, 16], "rotation": 270, "texture": "#0"},
				"south": {"uv": [13.75, 15.75, 14, 16], "rotation": 270, "texture": "#0"},
				"west": {"uv": [13.75, 15.75, 14, 16], "rotation": 270, "texture": "#0"},
				"up": {"uv": [13.75, 15.75, 14, 16], "rotation": 270, "texture": "#0"},
				"down": {"uv": [13.75, 15.75, 14, 16], "rotation": 270, "texture": "#0"}
			}
		},
		{
			"from": [4.5, -9.3, -3.5],
			"to": [6.2, -4.7, -1.5],
			"rotation": {"angle": -22.5, "axis": "x", "origin": [9.14944, -0.01111, 5.64722]},
			"faces": {
				"north": {"uv": [0, 0, 1.7, 4.6], "rotation": 180, "texture": "#missing"},
				"east": {"uv": [9.75, 15.75, 11.25, 16], "rotation": 270, "texture": "#0"},
				"south": {"uv": [5.75, 15, 6.75, 16], "rotation": 180, "texture": "#0"},
				"west": {"uv": [5.75, 15, 6.75, 16], "rotation": 180, "texture": "#0"},
				"up": {"uv": [5.75, 15, 6.75, 16], "rotation": 180, "texture": "#0"},
				"down": {"uv": [5.75, 15, 6.75, 16], "rotation": 180, "texture": "#0"}
			}
		},
		{
			"name": "right_arm",
			"from": [2, -8.9, -5.5],
			"to": [6, -4.9, 6.5],
			"rotation": {"angle": -22.5, "axis": "x", "origin": [9.14944, -0.01111, 5.64722]},
			"faces": {
				"north": {"uv": [13, 4, 12, 5], "rotation": 180, "texture": "#0"},
				"east": {"uv": [10, 5, 11, 8], "rotation": 270, "texture": "#0"},
				"south": {"uv": [12, 5, 11, 4], "texture": "#0"},
				"west": {"uv": [12, 5, 13, 8], "rotation": 90, "texture": "#0"},
				"up": {"uv": [11, 5, 12, 8], "rotation": 180, "texture": "#0"},
				"down": {"uv": [13, 5, 14, 8], "texture": "#0"}
			}
		},
		{
			"name": "right_arm_2nd_layer",
			"from": [1.5, -9.6, -5.4],
			"to": [6.49, -4.4, 7.5],
			"rotation": {"angle": -22.5, "axis": "x", "origin": [9.14944, -0.01111, 5.64722]},
			"faces": {
				"north": {"uv": [13, 8, 12, 9], "rotation": 180, "texture": "#0"},
				"east": {"uv": [10, 9, 11, 12], "rotation": 270, "texture": "#0"},
				"south": {"uv": [12, 9, 11, 8], "texture": "#0"},
				"west": {"uv": [12, 9, 13, 12], "rotation": 90, "texture": "#0"},
				"up": {"uv": [11, 9, 12, 12], "rotation": 180, "texture": "#0"},
				"down": {"uv": [13, 9, 14, 12], "texture": "#0"}
			}
		},
		{
			"from": [1.5, -9.5, -5.6],
			"to": [6.5, -4.5, -3.6],
			"rotation": {"angle": -22.5, "axis": "x", "origin": [9.14944, -0.01111, 5.64722]},
			"faces": {
				"north": {"uv": [5.75, 15, 6.75, 16], "rotation": 180, "texture": "#0"},
				"east": {"uv": [9.25, 15.5, 11.75, 16], "rotation": 270, "texture": "#0"},
				"south": {"uv": [5.75, 15, 6.75, 16], "rotation": 180, "texture": "#0"},
				"west": {"uv": [5.75, 15, 6.75, 16], "rotation": 180, "texture": "#0"},
				"up": {"uv": [5.75, 15, 6.75, 16], "rotation": 180, "texture": "#0"},
				"down": {"uv": [5.75, 15, 6.75, 16], "rotation": 180, "texture": "#0"}
			}
		},
		{
			"from": [2, -9, -5.75],
			"to": [6, -5, -5.5],
			"rotation": {"angle": -22.5, "axis": "x", "origin": [9.14944, -0.01111, 5.64722]},
			"faces": {
				"north": {"uv": [6.5, 12.5, 6.75, 13], "rotation": 180, "texture": "#0"},
				"east": {"uv": [6.5, 12.5, 6.75, 13], "rotation": 180, "texture": "#0"},
				"south": {"uv": [6.5, 12.5, 6.75, 13], "rotation": 180, "texture": "#0"},
				"west": {"uv": [6.5, 12.5, 6.75, 13], "rotation": 180, "texture": "#0"},
				"up": {"uv": [6.5, 12.5, 6.75, 13], "rotation": 180, "texture": "#0"},
				"down": {"uv": [6.5, 12.5, 6.75, 13], "rotation": 180, "texture": "#0"}
			}
		},
		{
			"from": [5.75, -5.75, -5.25],
			"to": [6.75, -4.75, -4.25],
			"rotation": {"angle": -22.5, "axis": "x", "origin": [9.14944, -0.01111, 5.64722]},
			"faces": {
				"north": {"uv": [13.75, 15.75, 14, 16], "rotation": 270, "texture": "#0"},
				"east": {"uv": [13.75, 15.75, 14, 16], "rotation": 270, "texture": "#0"},
				"south": {"uv": [13.75, 15.75, 14, 16], "rotation": 270, "texture": "#0"},
				"west": {"uv": [13.75, 15.75, 14, 16], "rotation": 270, "texture": "#0"},
				"up": {"uv": [13.75, 15.75, 14, 16], "rotation": 270, "texture": "#0"},
				"down": {"uv": [13.75, 15.75, 14, 16], "rotation": 270, "texture": "#0"}
			}
		},
		{
			"from": [5.75, -6.95, -5.25],
			"to": [6.75, -5.95, -4.25],
			"rotation": {"angle": -22.5, "axis": "x", "origin": [9.14944, -0.01111, 5.64722]},
			"faces": {
				"north": {"uv": [13.75, 15.75, 14, 16], "rotation": 270, "texture": "#0"},
				"east": {"uv": [13.75, 15.75, 14, 16], "rotation": 270, "texture": "#0"},
				"south": {"uv": [13.75, 15.75, 14, 16], "rotation": 270, "texture": "#0"},
				"west": {"uv": [13.75, 15.75, 14, 16], "rotation": 270, "texture": "#0"},
				"up": {"uv": [13.75, 15.75, 14, 16], "rotation": 270, "texture": "#0"},
				"down": {"uv": [13.75, 15.75, 14, 16], "rotation": 270, "texture": "#0"}
			}
		},
		{
			"from": [5.75, -8.15, -5.25],
			"to": [6.75, -7.15, -4.25],
			"rotation": {"angle": -22.5, "axis": "x", "origin": [9.14944, -0.01111, 5.64722]},
			"faces": {
				"north": {"uv": [13.75, 15.75, 14, 16], "rotation": 270, "texture": "#0"},
				"east": {"uv": [13.75, 15.75, 14, 16], "rotation": 270, "texture": "#0"},
				"south": {"uv": [13.75, 15.75, 14, 16], "rotation": 270, "texture": "#0"},
				"west": {"uv": [13.75, 15.75, 14, 16], "rotation": 270, "texture": "#0"},
				"up": {"uv": [13.75, 15.75, 14, 16], "rotation": 270, "texture": "#0"},
				"down": {"uv": [13.75, 15.75, 14, 16], "rotation": 270, "texture": "#0"}
			}
		},
		{
			"from": [5.75, -9.35, -5.25],
			"to": [6.75, -8.35, -4.25],
			"rotation": {"angle": -22.5, "axis": "x", "origin": [9.14944, -0.01111, 5.64722]},
			"faces": {
				"north": {"uv": [13.75, 15.75, 14, 16], "rotation": 270, "texture": "#0"},
				"east": {"uv": [13.75, 15.75, 14, 16], "rotation": 270, "texture": "#0"},
				"south": {"uv": [13.75, 15.75, 14, 16], "rotation": 270, "texture": "#0"},
				"west": {"uv": [13.75, 15.75, 14, 16], "rotation": 270, "texture": "#0"},
				"up": {"uv": [13.75, 15.75, 14, 16], "rotation": 270, "texture": "#0"},
				"down": {"uv": [13.75, 15.75, 14, 16], "rotation": 270, "texture": "#0"}
			}
		},
		{
			"from": [4.5, -9.3, -3.5],
			"to": [6.2, -4.7, -1.5],
			"rotation": {"angle": -22.5, "axis": "x", "origin": [9.14944, -0.01111, 5.64722]},
			"faces": {
				"north": {"uv": [0, 0, 1.7, 4.6], "rotation": 180, "texture": "#missing"},
				"east": {"uv": [9.75, 15.75, 11.25, 16], "rotation": 270, "texture": "#0"},
				"south": {"uv": [5.75, 15, 6.75, 16], "rotation": 180, "texture": "#0"},
				"west": {"uv": [5.75, 15, 6.75, 16], "rotation": 180, "texture": "#0"},
				"up": {"uv": [5.75, 15, 6.75, 16], "rotation": 180, "texture": "#0"},
				"down": {"uv": [5.75, 15, 6.75, 16], "rotation": 180, "texture": "#0"}
			}
		},
		{
			"name": "right_arm",
			"from": [2, -8.9, -5.5],
			"to": [6, -4.9, 6.5],
			"rotation": {"angle": -22.5, "axis": "x", "origin": [9.14944, -0.01111, 5.64722]},
			"faces": {
				"north": {"uv": [13, 4, 12, 5], "rotation": 180, "texture": "#0"},
				"east": {"uv": [10, 5, 11, 8], "rotation": 270, "texture": "#0"},
				"south": {"uv": [12, 5, 11, 4], "texture": "#0"},
				"west": {"uv": [12, 5, 13, 8], "rotation": 90, "texture": "#0"},
				"up": {"uv": [11, 5, 12, 8], "rotation": 180, "texture": "#0"},
				"down": {"uv": [13, 5, 14, 8], "texture": "#0"}
			}
		},
		{
			"name": "right_arm_2nd_layer",
			"from": [1.5, -9.6, -5.4],
			"to": [6.49, -4.4, 7.5],
			"rotation": {"angle": -22.5, "axis": "x", "origin": [9.14944, -0.01111, 5.64722]},
			"faces": {
				"north": {"uv": [13, 8, 12, 9], "rotation": 180, "texture": "#0"},
				"east": {"uv": [10, 9, 11, 12], "rotation": 270, "texture": "#0"},
				"south": {"uv": [12, 9, 11, 8], "texture": "#0"},
				"west": {"uv": [12, 9, 13, 12], "rotation": 90, "texture": "#0"},
				"up": {"uv": [11, 9, 12, 12], "rotation": 180, "texture": "#0"},
				"down": {"uv": [13, 9, 14, 12], "texture": "#0"}
			}
		},
		{
			"from": [11.5, -6.5, 11.4],
			"to": [16.5, -1.5, 13.4],
			"rotation": {"angle": 0, "axis": "x", "origin": [9.14944, -0.01111, 5.64722]},
			"faces": {
				"north": {"uv": [5.75, 15, 6.75, 16], "rotation": 180, "texture": "#0"},
				"east": {"uv": [9.25, 15.5, 11.75, 16], "rotation": 270, "texture": "#0"},
				"south": {"uv": [5.75, 15, 6.75, 16], "rotation": 180, "texture": "#0"},
				"west": {"uv": [5.75, 15, 6.75, 16], "rotation": 180, "texture": "#0"},
				"up": {"uv": [5.75, 15, 6.75, 16], "rotation": 180, "texture": "#0"},
				"down": {"uv": [5.75, 15, 6.75, 16], "rotation": 180, "texture": "#0"}
			}
		},
		{
			"from": [12, -6, 11.25],
			"to": [16, -2, 11.5],
			"rotation": {"angle": 0, "axis": "x", "origin": [9.14944, -0.01111, 5.64722]},
			"faces": {
				"north": {"uv": [6.5, 12.5, 6.75, 13], "rotation": 180, "texture": "#0"},
				"east": {"uv": [6.5, 12.5, 6.75, 13], "rotation": 180, "texture": "#0"},
				"south": {"uv": [6.5, 12.5, 6.75, 13], "rotation": 180, "texture": "#0"},
				"west": {"uv": [6.5, 12.5, 6.75, 13], "rotation": 180, "texture": "#0"},
				"up": {"uv": [6.5, 12.5, 6.75, 13], "rotation": 180, "texture": "#0"},
				"down": {"uv": [6.5, 12.5, 6.75, 13], "rotation": 180, "texture": "#0"}
			}
		},
		{
			"from": [15.75, -2.75, 11.75],
			"to": [16.75, -1.75, 12.75],
			"rotation": {"angle": 0, "axis": "x", "origin": [9.14944, -0.01111, 5.64722]},
			"faces": {
				"north": {"uv": [13.75, 15.75, 14, 16], "rotation": 270, "texture": "#0"},
				"east": {"uv": [13.75, 15.75, 14, 16], "rotation": 270, "texture": "#0"},
				"south": {"uv": [13.75, 15.75, 14, 16], "rotation": 270, "texture": "#0"},
				"west": {"uv": [13.75, 15.75, 14, 16], "rotation": 270, "texture": "#0"},
				"up": {"uv": [13.75, 15.75, 14, 16], "rotation": 270, "texture": "#0"},
				"down": {"uv": [13.75, 15.75, 14, 16], "rotation": 270, "texture": "#0"}
			}
		},
		{
			"from": [15.75, -3.95, 11.75],
			"to": [16.75, -2.95, 12.75],
			"rotation": {"angle": 0, "axis": "x", "origin": [9.14944, -0.01111, 5.64722]},
			"faces": {
				"north": {"uv": [13.75, 15.75, 14, 16], "rotation": 270, "texture": "#0"},
				"east": {"uv": [13.75, 15.75, 14, 16], "rotation": 270, "texture": "#0"},
				"south": {"uv": [13.75, 15.75, 14, 16], "rotation": 270, "texture": "#0"},
				"west": {"uv": [13.75, 15.75, 14, 16], "rotation": 270, "texture": "#0"},
				"up": {"uv": [13.75, 15.75, 14, 16], "rotation": 270, "texture": "#0"},
				"down": {"uv": [13.75, 15.75, 14, 16], "rotation": 270, "texture": "#0"}
			}
		},
		{
			"from": [15.75, -5.15, 11.75],
			"to": [16.75, -4.15, 12.75],
			"rotation": {"angle": 0, "axis": "x", "origin": [9.14944, -0.01111, 5.64722]},
			"faces": {
				"north": {"uv": [13.75, 15.75, 14, 16], "rotation": 270, "texture": "#0"},
				"east": {"uv": [13.75, 15.75, 14, 16], "rotation": 270, "texture": "#0"},
				"south": {"uv": [13.75, 15.75, 14, 16], "rotation": 270, "texture": "#0"},
				"west": {"uv": [13.75, 15.75, 14, 16], "rotation": 270, "texture": "#0"},
				"up": {"uv": [13.75, 15.75, 14, 16], "rotation": 270, "texture": "#0"},
				"down": {"uv": [13.75, 15.75, 14, 16], "rotation": 270, "texture": "#0"}
			}
		},
		{
			"from": [15.75, -6.35, 11.75],
			"to": [16.75, -5.35, 12.75],
			"rotation": {"angle": 0, "axis": "x", "origin": [9.14944, -0.01111, 5.64722]},
			"faces": {
				"north": {"uv": [13.75, 15.75, 14, 16], "rotation": 270, "texture": "#0"},
				"east": {"uv": [13.75, 15.75, 14, 16], "rotation": 270, "texture": "#0"},
				"south": {"uv": [13.75, 15.75, 14, 16], "rotation": 270, "texture": "#0"},
				"west": {"uv": [13.75, 15.75, 14, 16], "rotation": 270, "texture": "#0"},
				"up": {"uv": [13.75, 15.75, 14, 16], "rotation": 270, "texture": "#0"},
				"down": {"uv": [13.75, 15.75, 14, 16], "rotation": 270, "texture": "#0"}
			}
		},
		{
			"from": [14.5, -6.3, 13.5],
			"to": [16.2, -1.7, 15.5],
			"rotation": {"angle": 0, "axis": "x", "origin": [9.14944, -0.01111, 5.64722]},
			"faces": {
				"north": {"uv": [0, 0, 1.7, 4.6], "rotation": 180, "texture": "#missing"},
				"east": {"uv": [9.75, 15.75, 11.25, 16], "rotation": 270, "texture": "#0"},
				"south": {"uv": [5.75, 15, 6.75, 16], "rotation": 180, "texture": "#0"},
				"west": {"uv": [5.75, 15, 6.75, 16], "rotation": 180, "texture": "#0"},
				"up": {"uv": [5.75, 15, 6.75, 16], "rotation": 180, "texture": "#0"},
				"down": {"uv": [5.75, 15, 6.75, 16], "rotation": 180, "texture": "#0"}
			}
		},
		{
			"name": "right_arm",
			"from": [12, -5.9, 11.5],
			"to": [16, -1.9, 23.5],
			"rotation": {"angle": 0, "axis": "x", "origin": [9.14944, -0.01111, 5.64722]},
			"faces": {
				"north": {"uv": [13, 4, 12, 5], "rotation": 180, "texture": "#0"},
				"east": {"uv": [10, 5, 11, 8], "rotation": 270, "texture": "#0"},
				"south": {"uv": [12, 5, 11, 4], "texture": "#0"},
				"west": {"uv": [12, 5, 13, 8], "rotation": 90, "texture": "#0"},
				"up": {"uv": [11, 5, 12, 8], "rotation": 180, "texture": "#0"},
				"down": {"uv": [13, 5, 14, 8], "texture": "#0"}
			}
		},
		{
			"name": "right_arm_2nd_layer",
			"from": [11.5, -6.6, 11.6],
			"to": [16.49, -1.4, 24.5],
			"rotation": {"angle": 0, "axis": "x", "origin": [9.14944, -0.01111, 5.64722]},
			"faces": {
				"north": {"uv": [13, 8, 12, 9], "rotation": 180, "texture": "#0"},
				"east": {"uv": [10, 9, 11, 12], "rotation": 270, "texture": "#0"},
				"south": {"uv": [12, 9, 11, 8], "texture": "#0"},
				"west": {"uv": [12, 9, 13, 12], "rotation": 90, "texture": "#0"},
				"up": {"uv": [11, 9, 12, 12], "rotation": 180, "texture": "#0"},
				"down": {"uv": [13, 9, 14, 12], "texture": "#0"}
			}
		},
		{
			"from": [11.5, -6.5, 11.4],
			"to": [16.5, -1.5, 13.4],
			"rotation": {"angle": 0, "axis": "x", "origin": [9.14944, -0.01111, 5.64722]},
			"faces": {
				"north": {"uv": [5.75, 15, 6.75, 16], "rotation": 180, "texture": "#0"},
				"east": {"uv": [9.25, 15.5, 11.75, 16], "rotation": 270, "texture": "#0"},
				"south": {"uv": [5.75, 15, 6.75, 16], "rotation": 180, "texture": "#0"},
				"west": {"uv": [5.75, 15, 6.75, 16], "rotation": 180, "texture": "#0"},
				"up": {"uv": [5.75, 15, 6.75, 16], "rotation": 180, "texture": "#0"},
				"down": {"uv": [5.75, 15, 6.75, 16], "rotation": 180, "texture": "#0"}
			}
		},
		{
			"from": [12, -6, 11.25],
			"to": [16, -2, 11.5],
			"rotation": {"angle": 0, "axis": "x", "origin": [9.14944, -0.01111, 5.64722]},
			"faces": {
				"north": {"uv": [6.5, 12.5, 6.75, 13], "rotation": 180, "texture": "#0"},
				"east": {"uv": [6.5, 12.5, 6.75, 13], "rotation": 180, "texture": "#0"},
				"south": {"uv": [6.5, 12.5, 6.75, 13], "rotation": 180, "texture": "#0"},
				"west": {"uv": [6.5, 12.5, 6.75, 13], "rotation": 180, "texture": "#0"},
				"up": {"uv": [6.5, 12.5, 6.75, 13], "rotation": 180, "texture": "#0"},
				"down": {"uv": [6.5, 12.5, 6.75, 13], "rotation": 180, "texture": "#0"}
			}
		},
		{
			"from": [15.75, -2.75, 11.75],
			"to": [16.75, -1.75, 12.75],
			"rotation": {"angle": 0, "axis": "x", "origin": [9.14944, -0.01111, 5.64722]},
			"faces": {
				"north": {"uv": [13.75, 15.75, 14, 16], "rotation": 270, "texture": "#0"},
				"east": {"uv": [13.75, 15.75, 14, 16], "rotation": 270, "texture": "#0"},
				"south": {"uv": [13.75, 15.75, 14, 16], "rotation": 270, "texture": "#0"},
				"west": {"uv": [13.75, 15.75, 14, 16], "rotation": 270, "texture": "#0"},
				"up": {"uv": [13.75, 15.75, 14, 16], "rotation": 270, "texture": "#0"},
				"down": {"uv": [13.75, 15.75, 14, 16], "rotation": 270, "texture": "#0"}
			}
		},
		{
			"from": [15.75, -3.95, 11.75],
			"to": [16.75, -2.95, 12.75],
			"rotation": {"angle": 0, "axis": "x", "origin": [9.14944, -0.01111, 5.64722]},
			"faces": {
				"north": {"uv": [13.75, 15.75, 14, 16], "rotation": 270, "texture": "#0"},
				"east": {"uv": [13.75, 15.75, 14, 16], "rotation": 270, "texture": "#0"},
				"south": {"uv": [13.75, 15.75, 14, 16], "rotation": 270, "texture": "#0"},
				"west": {"uv": [13.75, 15.75, 14, 16], "rotation": 270, "texture": "#0"},
				"up": {"uv": [13.75, 15.75, 14, 16], "rotation": 270, "texture": "#0"},
				"down": {"uv": [13.75, 15.75, 14, 16], "rotation": 270, "texture": "#0"}
			}
		},
		{
			"from": [15.75, -5.15, 11.75],
			"to": [16.75, -4.15, 12.75],
			"rotation": {"angle": 0, "axis": "x", "origin": [9.14944, -0.01111, 5.64722]},
			"faces": {
				"north": {"uv": [13.75, 15.75, 14, 16], "rotation": 270, "texture": "#0"},
				"east": {"uv": [13.75, 15.75, 14, 16], "rotation": 270, "texture": "#0"},
				"south": {"uv": [13.75, 15.75, 14, 16], "rotation": 270, "texture": "#0"},
				"west": {"uv": [13.75, 15.75, 14, 16], "rotation": 270, "texture": "#0"},
				"up": {"uv": [13.75, 15.75, 14, 16], "rotation": 270, "texture": "#0"},
				"down": {"uv": [13.75, 15.75, 14, 16], "rotation": 270, "texture": "#0"}
			}
		},
		{
			"from": [15.75, -6.35, 11.75],
			"to": [16.75, -5.35, 12.75],
			"rotation": {"angle": 0, "axis": "x", "origin": [9.14944, -0.01111, 5.64722]},
			"faces": {
				"north": {"uv": [13.75, 15.75, 14, 16], "rotation": 270, "texture": "#0"},
				"east": {"uv": [13.75, 15.75, 14, 16], "rotation": 270, "texture": "#0"},
				"south": {"uv": [13.75, 15.75, 14, 16], "rotation": 270, "texture": "#0"},
				"west": {"uv": [13.75, 15.75, 14, 16], "rotation": 270, "texture": "#0"},
				"up": {"uv": [13.75, 15.75, 14, 16], "rotation": 270, "texture": "#0"},
				"down": {"uv": [13.75, 15.75, 14, 16], "rotation": 270, "texture": "#0"}
			}
		},
		{
			"from": [14.5, -6.3, 13.5],
			"to": [16.2, -1.7, 15.5],
			"rotation": {"angle": 0, "axis": "x", "origin": [9.14944, -0.01111, 5.64722]},
			"faces": {
				"north": {"uv": [0, 0, 1.7, 4.6], "rotation": 180, "texture": "#missing"},
				"east": {"uv": [9.75, 15.75, 11.25, 16], "rotation": 270, "texture": "#0"},
				"south": {"uv": [5.75, 15, 6.75, 16], "rotation": 180, "texture": "#0"},
				"west": {"uv": [5.75, 15, 6.75, 16], "rotation": 180, "texture": "#0"},
				"up": {"uv": [5.75, 15, 6.75, 16], "rotation": 180, "texture": "#0"},
				"down": {"uv": [5.75, 15, 6.75, 16], "rotation": 180, "texture": "#0"}
			}
		},
		{
			"name": "right_arm",
			"from": [12, -5.9, 11.5],
			"to": [16, -1.9, 23.5],
			"rotation": {"angle": 0, "axis": "x", "origin": [9.14944, -0.01111, 5.64722]},
			"faces": {
				"north": {"uv": [13, 4, 12, 5], "rotation": 180, "texture": "#0"},
				"east": {"uv": [10, 5, 11, 8], "rotation": 270, "texture": "#0"},
				"south": {"uv": [12, 5, 11, 4], "texture": "#0"},
				"west": {"uv": [12, 5, 13, 8], "rotation": 90, "texture": "#0"},
				"up": {"uv": [11, 5, 12, 8], "rotation": 180, "texture": "#0"},
				"down": {"uv": [13, 5, 14, 8], "texture": "#0"}
			}
		},
		{
			"name": "right_arm_2nd_layer",
			"from": [11.5, -6.6, 11.6],
			"to": [16.49, -1.4, 24.5],
			"rotation": {"angle": 0, "axis": "x", "origin": [9.14944, -0.01111, 5.64722]},
			"faces": {
				"north": {"uv": [13, 8, 12, 9], "rotation": 180, "texture": "#0"},
				"east": {"uv": [10, 9, 11, 12], "rotation": 270, "texture": "#0"},
				"south": {"uv": [12, 9, 11, 8], "texture": "#0"},
				"west": {"uv": [12, 9, 13, 12], "rotation": 90, "texture": "#0"},
				"up": {"uv": [11, 9, 12, 12], "rotation": 180, "texture": "#0"},
				"down": {"uv": [13, 9, 14, 12], "texture": "#0"}
			}
		}
	],
	"display": {
		"thirdperson_righthand": {
			"translation": [0.5, 7, 2],
			"scale": [1.1, 1.1, 1.1]
		},
		"thirdperson_lefthand": {
			"rotation": [0, 0, -180],
			"translation": [0.5, -10.5, 7],
			"scale": [1.1, 1.1, 1.1]
		},
		"ground": {
			"translation": [0, 8.5, 0]
		},
		"head": {
			"translation": [0, -29, 0],
			"scale": [1.6, 1.6, 1.6]
		}
	},
	"groups": [
		{
			"name": "steve",
			"origin": [8, 8, 8],
			"color": 0,
			"children": [
				{
					"name": "group",
					"origin": [9.14944, -0.01111, 5.64722],
					"color": 0,
					"children": [0, 1, 2, 3, 4, 5, 6, 7, 8]
				}
			]
		},
		{
			"name": "steve",
			"origin": [8, 8, 8],
			"color": 0,
			"children": [
				{
					"name": "group",
					"origin": [9.14944, -0.01111, 5.64722],
					"color": 0,
					"children": [9, 10, 11, 12, 13, 14, 15, 16, 17]
				}
			]
		},
		{
			"name": "steve",
			"origin": [8, 8, 8],
			"color": 0,
			"children": [
				{
					"name": "group",
					"origin": [9.14944, -0.01111, 5.64722],
					"color": 0,
					"children": [18, 19, 20, 21, 22, 23, 24, 25, 26]
				},
				{
					"name": "group",
					"origin": [9.14944, -0.01111, 5.64722],
					"color": 0,
					"children": [27, 28, 29, 30, 31, 32, 33, 34, 35]
				}
			]
		},
		{
			"name": "steve",
			"origin": [8, 8, 8],
			"color": 0,
			"children": [
				{
					"name": "group",
					"origin": [9.14944, -0.01111, 5.64722],
					"color": 0,
					"children": [36, 37, 38, 39, 40, 41, 42, 43, 44]
				},
				{
					"name": "group",
					"origin": [9.14944, -0.01111, 5.64722],
					"color": 0,
					"children": [45, 46, 47, 48, 49, 50, 51, 52, 53]
				}
			]
		}
	]
}