{
	"credit": "Made with Blockbench",
	"textures": {
		"1": "stand/custom/breathing_style/insect/skin"
	},
	"elements": [
		{
			"from": [11.19185, 15.75, -1.03817],
			"to": [11.19185, 16.33203, 7.21183],
			"rotation": {"angle": 22.5, "axis": "y", "origin": [6.41451, 18.41602, 3.85636]},
			"faces": {
				"north": {"uv": [8.5, 5.5, 8.75, 5.83203], "texture": "#1"},
				"east": {"uv": [8.5, 5.5, 8.75, 5.83203], "texture": "#1"},
				"south": {"uv": [8.5, 5.5, 8.75, 5.83203], "texture": "#1"},
				"west": {"uv": [8.5, 5.5, 8.75, 5.83203], "texture": "#1"},
				"up": {"uv": [8.5, 5.5, 8.75, 5.83203], "texture": "#1"},
				"down": {"uv": [8.5, 5.5, 8.75, 5.83203], "texture": "#1"}
			}
		},
		{
			"from": [-1.45438, 12.875, -6.64138],
			"to": [-1.45438, 13.70703, -1.64138],
			"rotation": {"angle": 22.5, "axis": "y", "origin": [-0.97471, 13.29102, -6.53451]},
			"faces": {
				"north": {"uv": [8.5, 5.5, 8.75, 5.83203], "texture": "#1"},
				"east": {"uv": [8.5, 5.5, 8.75, 5.83203], "texture": "#1"},
				"south": {"uv": [8.5, 5.5, 8.75, 5.83203], "texture": "#1"},
				"west": {"uv": [8.5, 5.5, 8.75, 5.83203], "texture": "#1"},
				"up": {"uv": [8.5, 5.5, 8.75, 5.83203], "texture": "#1"},
				"down": {"uv": [8.5, 5.5, 8.75, 5.83203], "texture": "#1"}
			}
		},
		{
			"from": [-1.44737, 12.875, -11.42904],
			"to": [-1.44737, 13.70703, -6.42904],
			"rotation": {"angle": 0, "axis": "y", "origin": [-0.97471, 13.29102, -6.53451]},
			"faces": {
				"north": {"uv": [8.5, 5.5, 8.75, 5.83203], "texture": "#1"},
				"east": {"uv": [8.5, 5.5, 8.75, 5.83203], "texture": "#1"},
				"south": {"uv": [8.5, 5.5, 8.75, 5.83203], "texture": "#1"},
				"west": {"uv": [8.5, 5.5, 8.75, 5.83203], "texture": "#1"},
				"up": {"uv": [8.5, 5.5, 8.75, 5.83203], "texture": "#1"},
				"down": {"uv": [8.5, 5.5, 8.75, 5.83203], "texture": "#1"}
			}
		},
		{
			"name": "head_2nd_layer",
			"from": [3.5, 12, 22.5],
			"to": [12.5, 21, 31.5],
			"rotation": {"angle": 45, "axis": "z", "origin": [8, 16.5, 27]},
			"faces": {
				"north": {"uv": [14, 0, 12, 2], "rotation": 270, "texture": "#1"},
				"east": {"uv": [14, 2, 16, 4], "rotation": 270, "texture": "#1"},
				"south": {"uv": [12, 2, 10, 0], "rotation": 270, "texture": "#1"},
				"west": {"uv": [10, 2, 12, 4], "rotation": 90, "texture": "#1"},
				"up": {"uv": [8, 2, 10, 4], "rotation": 180, "texture": "#1"},
				"down": {"uv": [12, 2, 14, 4], "texture": "#1"}
			}
		},
		{
			"name": "head",
			"from": [4, 12.5, 23],
			"to": [12, 20.5, 31],
			"rotation": {"angle": 45, "axis": "z", "origin": [8, 16.5, 27]},
			"faces": {
				"north": {"uv": [6, 0, 4, 2], "rotation": 270, "texture": "#1"},
				"east": {"uv": [6, 2, 8, 4], "rotation": 270, "texture": "#1"},
				"south": {"uv": [4, 2, 2, 0], "rotation": 270, "texture": "#1"},
				"west": {"uv": [2, 2, 4, 4], "rotation": 90, "texture": "#1"},
				"up": {"uv": [0, 2, 2, 4], "rotation": 180, "texture": "#1"},
				"down": {"uv": [4, 2, 6, 4], "texture": "#1"}
			}
		},
		{
			"name": "right_arm_2nd_layer",
			"from": [4.21236, 8.04097, 17.5],
			"to": [9.20236, 21.04097, 22.5],
			"rotation": {"angle": -22.5, "axis": "z", "origin": [5.70486, 22.04097, 17]},
			"faces": {
				"north": {"uv": [13, 9, 14, 12], "texture": "#1"},
				"east": {"uv": [12, 9, 13, 12], "texture": "#1"},
				"south": {"uv": [11, 9, 12, 12], "texture": "#1"},
				"west": {"uv": [10, 9, 11, 12], "texture": "#1"},
				"up": {"uv": [12, 9, 11, 8], "rotation": 180, "texture": "#1"},
				"down": {"uv": [13, 8, 12, 9], "rotation": 180, "texture": "#1"}
			}
		},
		{
			"name": "right_arm",
			"from": [4.70236, 8.54097, 18],
			"to": [8.70236, 20.54097, 22],
			"rotation": {"angle": -22.5, "axis": "z", "origin": [5.70486, 22.04097, 17]},
			"faces": {
				"north": {"uv": [13, 5, 14, 8], "texture": "#1"},
				"east": {"uv": [12, 5, 13, 8], "texture": "#1"},
				"south": {"uv": [11, 5, 12, 8], "texture": "#1"},
				"west": {"uv": [10, 5, 11, 8], "texture": "#1"},
				"up": {"uv": [12, 5, 11, 4], "rotation": 180, "texture": "#1"},
				"down": {"uv": [13, 4, 12, 5], "rotation": 180, "texture": "#1"}
			}
		},
		{
			"name": "left_arm_2nd_layer",
			"from": [7.7961, 0.45672, 16.5],
			"to": [12.7961, 13.45672, 21.5],
			"rotation": {"angle": 0, "axis": "x", "origin": [10.2961, 10.95672, 17]},
			"faces": {
				"north": {"uv": [12, 13, 13, 16], "texture": "#1"},
				"east": {"uv": [15, 13, 16, 16], "texture": "#1"},
				"south": {"uv": [14, 13, 15, 16], "texture": "#1"},
				"west": {"uv": [13, 13, 14, 16], "texture": "#1"},
				"up": {"uv": [14, 13, 13, 12], "rotation": 270, "texture": "#1"},
				"down": {"uv": [15, 12, 14, 13], "rotation": 90, "texture": "#1"}
			}
		},
		{
			"name": "left_arm",
			"from": [8.2961, 0.95672, 17],
			"to": [12.2961, 12.95672, 21],
			"rotation": {"angle": 0, "axis": "x", "origin": [10.2961, 10.95672, 17]},
			"faces": {
				"north": {"uv": [8, 13, 9, 16], "texture": "#1"},
				"east": {"uv": [11, 13, 12, 16], "texture": "#1"},
				"south": {"uv": [10, 13, 11, 16], "texture": "#1"},
				"west": {"uv": [9, 13, 10, 16], "texture": "#1"},
				"up": {"uv": [10, 13, 9, 12], "rotation": 270, "texture": "#1"},
				"down": {"uv": [11, 12, 10, 13], "rotation": 90, "texture": "#1"}
			}
		},
		{
			"name": "right_leg_2nd_layer",
			"from": [9.73463, 16.84776, -14.5],
			"to": [14.73463, 21.84776, -1.5],
			"rotation": {"angle": -22.5, "axis": "y", "origin": [7.23463, 18.34776, 5]},
			"faces": {
				"north": {"uv": [3, 8, 2, 9], "rotation": 270, "texture": "#1"},
				"east": {"uv": [3, 9, 4, 12], "rotation": 270, "texture": "#1"},
				"south": {"uv": [2, 9, 1, 8], "rotation": 270, "texture": "#1"},
				"west": {"uv": [1, 9, 2, 12], "rotation": 90, "texture": "#1"},
				"up": {"uv": [0, 9, 1, 12], "rotation": 180, "texture": "#1"},
				"down": {"uv": [2, 9, 3, 12], "texture": "#1"}
			}
		},
		{
			"name": "right_leg",
			"from": [10.23463, 17.34776, -14],
			"to": [14.23463, 21.34776, -2],
			"rotation": {"angle": -22.5, "axis": "y", "origin": [7.23463, 18.34776, 5]},
			"faces": {
				"north": {"uv": [3, 4, 2, 5], "rotation": 270, "texture": "#1"},
				"east": {"uv": [3, 5, 4, 8], "rotation": 270, "texture": "#1"},
				"south": {"uv": [2, 5, 1, 4], "rotation": 270, "texture": "#1"},
				"west": {"uv": [1, 5, 2, 8], "rotation": 90, "texture": "#1"},
				"up": {"uv": [0, 5, 1, 8], "rotation": 180, "texture": "#1"},
				"down": {"uv": [2, 5, 3, 8], "texture": "#1"}
			}
		},
		{
			"name": "right_leg_2nd_layer",
			"from": [1.73463, 11.88923, -8.73771],
			"to": [6.73463, 16.88923, 4.26229],
			"rotation": {"angle": 22.5, "axis": "y", "origin": [10.23463, 11.38923, -5.23771]},
			"faces": {
				"north": {"uv": [3, 8, 2, 9], "rotation": 270, "texture": "#1"},
				"east": {"uv": [3, 9, 4, 12], "rotation": 270, "texture": "#1"},
				"south": {"uv": [2, 9, 1, 8], "rotation": 270, "texture": "#1"},
				"west": {"uv": [1, 9, 2, 12], "rotation": 90, "texture": "#1"},
				"up": {"uv": [0, 9, 1, 12], "rotation": 180, "texture": "#1"},
				"down": {"uv": [2, 9, 3, 12], "texture": "#1"}
			}
		},
		{
			"name": "right_leg",
			"from": [2.23463, 12.38923, -8.23771],
			"to": [6.23463, 16.38923, 3.76229],
			"rotation": {"angle": 22.5, "axis": "y", "origin": [10.23463, 11.38923, -5.23771]},
			"faces": {
				"north": {"uv": [3, 4, 2, 5], "rotation": 270, "texture": "#1"},
				"east": {"uv": [3, 5, 4, 8], "rotation": 270, "texture": "#1"},
				"south": {"uv": [2, 5, 1, 4], "rotation": 270, "texture": "#1"},
				"west": {"uv": [1, 5, 2, 8], "rotation": 90, "texture": "#1"},
				"up": {"uv": [0, 5, 1, 8], "rotation": 180, "texture": "#1"},
				"down": {"uv": [2, 5, 3, 8], "texture": "#1"}
			}
		},
		{
			"name": "right_leg_2nd_layer",
			"from": [5.73463, 21.9155, -4.89523],
			"to": [10.73463, 26.9155, 8.10477],
			"rotation": {"angle": 22.5, "axis": "x", "origin": [8.23463, 16.4155, -4.39523]},
			"faces": {
				"north": {"uv": [3, 8, 2, 9], "rotation": 270, "texture": "#1"},
				"east": {"uv": [3, 9, 4, 12], "rotation": 270, "texture": "#1"},
				"south": {"uv": [2, 9, 1, 8], "rotation": 270, "texture": "#1"},
				"west": {"uv": [1, 9, 2, 12], "rotation": 90, "texture": "#1"},
				"up": {"uv": [0, 9, 1, 12], "rotation": 180, "texture": "#1"},
				"down": {"uv": [2, 9, 3, 12], "texture": "#1"}
			}
		},
		{
			"name": "right_leg",
			"from": [6.23463, 22.4155, -4.39523],
			"to": [10.23463, 26.4155, 7.60477],
			"rotation": {"angle": 22.5, "axis": "x", "origin": [8.23463, 16.4155, -4.39523]},
			"faces": {
				"north": {"uv": [3, 4, 2, 5], "rotation": 270, "texture": "#1"},
				"east": {"uv": [3, 5, 4, 8], "rotation": 270, "texture": "#1"},
				"south": {"uv": [2, 5, 1, 4], "rotation": 270, "texture": "#1"},
				"west": {"uv": [1, 5, 2, 8], "rotation": 90, "texture": "#1"},
				"up": {"uv": [0, 5, 1, 8], "rotation": 180, "texture": "#1"},
				"down": {"uv": [2, 5, 3, 8], "texture": "#1"}
			}
		},
		{
			"name": "body",
			"from": [6, 12.5, 11],
			"to": [10, 20.5, 23],
			"rotation": {"angle": 45, "axis": "z", "origin": [8, 16.5, 17.0125]},
			"faces": {
				"north": {"uv": [9, 4, 7, 5], "rotation": 270, "texture": "#1"},
				"east": {"uv": [8, 5, 10, 8], "rotation": 270, "texture": "#1"},
				"south": {"uv": [7, 5, 5, 4], "rotation": 270, "texture": "#1"},
				"west": {"uv": [5, 5, 7, 7.98], "rotation": 90, "texture": "#1"},
				"up": {"uv": [4, 5, 5, 8], "rotation": 180, "texture": "#1"},
				"down": {"uv": [7, 5, 8, 7.98], "texture": "#1"}
			}
		},
		{
			"name": "body_2nd_layer",
			"from": [5.5, 12.5, 10.52],
			"to": [10.5, 20.5, 23.53],
			"rotation": {"angle": 45, "axis": "z", "origin": [8, 16.5, 17.0125]},
			"faces": {
				"north": {"uv": [9, 8, 7, 9], "rotation": 270, "texture": "#1"},
				"east": {"uv": [8, 9, 10, 12], "rotation": 270, "texture": "#1"},
				"south": {"uv": [7, 9, 5, 8], "rotation": 270, "texture": "#1"},
				"west": {"uv": [5, 9, 7, 12], "rotation": 90, "texture": "#1"},
				"up": {"uv": [4, 9, 5, 12], "rotation": 180, "texture": "#1"},
				"down": {"uv": [7, 9, 8, 12], "texture": "#1"}
			}
		},
		{
			"name": "left_leg",
			"from": [6.76537, 4.27724, 11],
			"to": [10.76537, 16.27724, 15],
			"rotation": {"angle": 22.5, "axis": "x", "origin": [8.76537, 14.65224, 5]},
			"faces": {
				"north": {"uv": [4, 13, 5, 16], "texture": "#1"},
				"east": {"uv": [7, 13, 8, 16], "texture": "#1"},
				"south": {"uv": [6, 13, 7, 16], "texture": "#1"},
				"west": {"uv": [5, 13, 6, 16], "texture": "#1"},
				"up": {"uv": [6, 13, 5, 12], "rotation": 270, "texture": "#1"},
				"down": {"uv": [7, 12, 6, 13], "rotation": 90, "texture": "#1"}
			}
		},
		{
			"name": "left_leg_2nd_layer",
			"from": [6.26537, 3.77724, 10.5],
			"to": [11.26537, 16.77724, 15.5],
			"rotation": {"angle": 22.5, "axis": "x", "origin": [8.76537, 14.65224, 5]},
			"faces": {
				"north": {"uv": [0, 13, 1, 16], "texture": "#1"},
				"east": {"uv": [3, 13, 4, 16], "texture": "#1"},
				"south": {"uv": [2, 13, 3, 16], "texture": "#1"},
				"west": {"uv": [1, 13, 2, 16], "texture": "#1"},
				"up": {"uv": [2, 12, 1, 11], "rotation": 270, "texture": "#1"},
				"down": {"uv": [3, 12, 2, 13], "rotation": 90, "texture": "#1"}
			}
		},
		{
			"from": [12.68402, 27.48033, 3.45576],
			"to": [12.68402, 28.31236, 7.70576],
			"rotation": {"angle": 22.5, "axis": "x", "origin": [14.07093, 25.8425, -2.876]},
			"faces": {
				"north": {"uv": [8.5, 5.5, 8.75, 5.83203], "texture": "#1"},
				"east": {"uv": [8.5, 5.5, 8.75, 5.83203], "texture": "#1"},
				"south": {"uv": [8.5, 5.5, 8.75, 5.83203], "texture": "#1"},
				"west": {"uv": [8.5, 5.5, 8.75, 5.83203], "texture": "#1"},
				"up": {"uv": [8.5, 5.5, 8.75, 5.83203], "texture": "#1"},
				"down": {"uv": [8.5, 5.5, 8.75, 5.83203], "texture": "#1"}
			}
		},
		{
			"from": [17.52172, 18.75, -2.98005],
			"to": [17.52172, 19.58203, 2.89495],
			"rotation": {"angle": -22.5, "axis": "y", "origin": [17.20979, 19.16602, 1.5789]},
			"faces": {
				"north": {"uv": [8.5, 5.5, 8.75, 5.83203], "texture": "#1"},
				"east": {"uv": [8.5, 5.5, 8.75, 5.83203], "texture": "#1"},
				"south": {"uv": [8.5, 5.5, 8.75, 5.83203], "texture": "#1"},
				"west": {"uv": [8.5, 5.5, 8.75, 5.83203], "texture": "#1"},
				"up": {"uv": [8.5, 5.5, 8.75, 5.83203], "texture": "#1"},
				"down": {"uv": [8.5, 5.5, 8.75, 5.83203], "texture": "#1"}
			}
		},
		{
			"from": [17.99655, 18.75, 2.6684],
			"to": [17.99655, 19.58203, 5.9184],
			"rotation": {"angle": -45, "axis": "y", "origin": [17.20979, 19.16602, 1.5789]},
			"faces": {
				"north": {"uv": [8.5, 5.5, 8.75, 5.83203], "texture": "#1"},
				"east": {"uv": [8.5, 5.5, 8.75, 5.83203], "texture": "#1"},
				"south": {"uv": [8.5, 5.5, 8.75, 5.83203], "texture": "#1"},
				"west": {"uv": [8.5, 5.5, 8.75, 5.83203], "texture": "#1"},
				"up": {"uv": [8.5, 5.5, 8.75, 5.83203], "texture": "#1"},
				"down": {"uv": [8.5, 5.5, 8.75, 5.83203], "texture": "#1"}
			}
		},
		{
			"from": [12.70783, 27.37264, 6.60474],
			"to": [12.70783, 28.20467, 10.97974],
			"rotation": {"angle": 22.5, "axis": "x", "origin": [14.07093, 25.8425, -2.876]},
			"faces": {
				"north": {"uv": [8.5, 5.5, 8.75, 5.83203], "texture": "#1"},
				"east": {"uv": [8.5, 5.5, 8.75, 5.83203], "texture": "#1"},
				"south": {"uv": [8.5, 5.5, 8.75, 5.83203], "texture": "#1"},
				"west": {"uv": [8.5, 5.5, 8.75, 5.83203], "texture": "#1"},
				"up": {"uv": [8.5, 5.5, 8.75, 5.83203], "texture": "#1"},
				"down": {"uv": [8.5, 5.5, 8.75, 5.83203], "texture": "#1"}
			}
		},
		{
			"from": [2.95783, 24.87264, 1.35474],
			"to": [2.95783, 25.70467, 7.22974],
			"rotation": {"angle": 22.5, "axis": "x", "origin": [14.07093, 25.8425, -2.876]},
			"faces": {
				"north": {"uv": [8.5, 5.5, 8.75, 5.83203], "texture": "#1"},
				"east": {"uv": [8.5, 5.5, 8.75, 5.83203], "texture": "#1"},
				"south": {"uv": [8.5, 5.5, 8.75, 5.83203], "texture": "#1"},
				"west": {"uv": [8.5, 5.5, 8.75, 5.83203], "texture": "#1"},
				"up": {"uv": [8.5, 5.5, 8.75, 5.83203], "texture": "#1"},
				"down": {"uv": [8.5, 5.5, 8.75, 5.83203], "texture": "#1"}
			}
		},
		{
			"from": [2.93402, 24.98033, -1.79424],
			"to": [2.93402, 25.81236, 2.45576],
			"rotation": {"angle": 22.5, "axis": "x", "origin": [14.07093, 25.8425, -2.876]},
			"faces": {
				"north": {"uv": [8.5, 5.5, 8.75, 5.83203], "texture": "#1"},
				"east": {"uv": [8.5, 5.5, 8.75, 5.83203], "texture": "#1"},
				"south": {"uv": [8.5, 5.5, 8.75, 5.83203], "texture": "#1"},
				"west": {"uv": [8.5, 5.5, 8.75, 5.83203], "texture": "#1"},
				"up": {"uv": [8.5, 5.5, 8.75, 5.83203], "texture": "#1"},
				"down": {"uv": [8.5, 5.5, 8.75, 5.83203], "texture": "#1"}
			}
		}
	],
	"display": {
		"head": {
			"translation": [0, -29.5, 0],
			"scale": [1.6, 1.6, 1.6]
		}
	},
	"groups": [
		{
			"name": "group",
			"origin": [1, 13.5, -1],
			"color": 0,
			"children": [0, 1, 2]
		},
		{
			"name": "steve",
			"origin": [8, 8, 8],
			"color": 0,
			"children": [
				{
					"name": "group",
					"origin": [8, 16.5, 8],
					"color": 0,
					"children": [3, 4]
				},
				{
					"name": "group",
					"origin": [8, 16.5, 8],
					"color": 0,
					"children": [5, 6]
				},
				{
					"name": "group",
					"origin": [8, 16.5, 8],
					"color": 0,
					"children": [7, 8]
				},
				{
					"name": "group",
					"origin": [8, 16.5, 8],
					"color": 0,
					"children": [9, 10]
				},
				{
					"name": "group",
					"origin": [8, 16.5, 8],
					"color": 0,
					"children": [11, 12]
				},
				{
					"name": "group",
					"origin": [8, 16.5, 8],
					"color": 0,
					"children": [13, 14]
				},
				{
					"name": "group",
					"origin": [8, 16.5, 8],
					"color": 0,
					"children": [15, 16]
				},
				{
					"name": "group",
					"origin": [8, 16.5, 8],
					"color": 0,
					"children": [17, 18]
				}
			]
		},
		{
			"name": "group",
			"origin": [1, 13.5, -1],
			"color": 0,
			"children": [19, 20, 21, 22, 23, 24]
		},
		{
			"name": "group",
			"origin": [8, 16.5, 8],
			"color": 0,
			"children": []
		}
	]
}