{
	"credit": "Made with Blockbench",
	"textures": {
		"1": "stand/custom/breathing_style/insect/skin"
	},
	"elements": [
		{
			"from": [11.19185, 15.75, -12.03817],
			"to": [11.19185, 16.33203, -3.78817],
			"rotation": {"angle": 22.5, "axis": "y", "origin": [6.41451, 18.41602, 3.85636]},
			"faces": {
				"north": {"uv": [8.5, 5.5, 8.75, 5.83203], "texture": "#1"},
				"east": {"uv": [8.5, 5.5, 8.75, 5.83203], "texture": "#1"},
				"south": {"uv": [8.5, 5.5, 8.75, 5.83203], "texture": "#1"},
				"west": {"uv": [8.5, 5.5, 8.75, 5.83203], "texture": "#1"},
				"up": {"uv": [8.5, 5.5, 8.75, 5.83203], "texture": "#1"},
				"down": {"uv": [8.5, 5.5, 8.75, 5.83203], "texture": "#1"}
			}
		},
		{
			"from": [-4.45438, 12.875, -9.64138],
			"to": [-4.45438, 13.70703, -4.64138],
			"rotation": {"angle": 22.5, "axis": "y", "origin": [-3.97471, 13.29102, -9.53451]},
			"faces": {
				"north": {"uv": [8.5, 5.5, 8.75, 5.83203], "texture": "#1"},
				"east": {"uv": [8.5, 5.5, 8.75, 5.83203], "texture": "#1"},
				"south": {"uv": [8.5, 5.5, 8.75, 5.83203], "texture": "#1"},
				"west": {"uv": [8.5, 5.5, 8.75, 5.83203], "texture": "#1"},
				"up": {"uv": [8.5, 5.5, 8.75, 5.83203], "texture": "#1"},
				"down": {"uv": [8.5, 5.5, 8.75, 5.83203], "texture": "#1"}
			}
		},
		{
			"from": [-4.44737, 12.875, -14.42904],
			"to": [-4.44737, 13.70703, -9.42904],
			"rotation": {"angle": 0, "axis": "y", "origin": [-3.97471, 13.29102, -9.53451]},
			"faces": {
				"north": {"uv": [8.5, 5.5, 8.75, 5.83203], "texture": "#1"},
				"east": {"uv": [8.5, 5.5, 8.75, 5.83203], "texture": "#1"},
				"south": {"uv": [8.5, 5.5, 8.75, 5.83203], "texture": "#1"},
				"west": {"uv": [8.5, 5.5, 8.75, 5.83203], "texture": "#1"},
				"up": {"uv": [8.5, 5.5, 8.75, 5.83203], "texture": "#1"},
				"down": {"uv": [8.5, 5.5, 8.75, 5.83203], "texture": "#1"}
			}
		},
		{
			"name": "head_2nd_layer",
			"from": [3.5, 12, 22.5],
			"to": [12.5, 21, 31.5],
			"rotation": {"angle": 45, "axis": "z", "origin": [8, 16.5, 27]},
			"faces": {
				"north": {"uv": [14, 0, 12, 2], "rotation": 270, "texture": "#1"},
				"east": {"uv": [14, 2, 16, 4], "rotation": 270, "texture": "#1"},
				"south": {"uv": [12, 2, 10, 0], "rotation": 270, "texture": "#1"},
				"west": {"uv": [10, 2, 12, 4], "rotation": 90, "texture": "#1"},
				"up": {"uv": [8, 2, 10, 4], "rotation": 180, "texture": "#1"},
				"down": {"uv": [12, 2, 14, 4], "texture": "#1"}
			}
		},
		{
			"name": "head",
			"from": [4, 12.5, 23],
			"to": [12, 20.5, 31],
			"rotation": {"angle": 45, "axis": "z", "origin": [8, 16.5, 27]},
			"faces": {
				"north": {"uv": [6, 0, 4, 2], "rotation": 270, "texture": "#1"},
				"east": {"uv": [6, 2, 8, 4], "rotation": 270, "texture": "#1"},
				"south": {"uv": [4, 2, 2, 0], "rotation": 270, "texture": "#1"},
				"west": {"uv": [2, 2, 4, 4], "rotation": 90, "texture": "#1"},
				"up": {"uv": [0, 2, 2, 4], "rotation": 180, "texture": "#1"},
				"down": {"uv": [4, 2, 6, 4], "texture": "#1"}
			}
		},
		{
			"name": "right_arm_2nd_layer",
			"from": [4.21236, 8.54097, 17.5],
			"to": [9.20236, 21.54097, 22.5],
			"rotation": {"angle": -22.5, "axis": "z", "origin": [5.70486, 22.04097, 17]},
			"faces": {
				"north": {"uv": [13, 9, 14, 12], "texture": "#1"},
				"east": {"uv": [12, 9, 13, 12], "texture": "#1"},
				"south": {"uv": [11, 9, 12, 12], "texture": "#1"},
				"west": {"uv": [10, 9, 11, 12], "texture": "#1"},
				"up": {"uv": [12, 9, 11, 8], "rotation": 180, "texture": "#1"},
				"down": {"uv": [13, 8, 12, 9], "rotation": 180, "texture": "#1"}
			}
		},
		{
			"name": "right_arm",
			"from": [4.70236, 9.04097, 18],
			"to": [8.70236, 21.04097, 22],
			"rotation": {"angle": -22.5, "axis": "z", "origin": [5.70486, 22.04097, 17]},
			"faces": {
				"north": {"uv": [13, 5, 14, 8], "texture": "#1"},
				"east": {"uv": [12, 5, 13, 8], "texture": "#1"},
				"south": {"uv": [11, 5, 12, 8], "texture": "#1"},
				"west": {"uv": [10, 5, 11, 8], "texture": "#1"},
				"up": {"uv": [12, 5, 11, 4], "rotation": 180, "texture": "#1"},
				"down": {"uv": [13, 4, 12, 5], "rotation": 180, "texture": "#1"}
			}
		},
		{
			"name": "left_arm_2nd_layer",
			"from": [7.7961, 1.45672, 16.5],
			"to": [12.7961, 14.45672, 21.5],
			"rotation": {"angle": 0, "axis": "x", "origin": [10.2961, 10.95672, 17]},
			"faces": {
				"north": {"uv": [12, 13, 13, 16], "texture": "#1"},
				"east": {"uv": [15, 13, 16, 16], "texture": "#1"},
				"south": {"uv": [14, 13, 15, 16], "texture": "#1"},
				"west": {"uv": [13, 13, 14, 16], "texture": "#1"},
				"up": {"uv": [14, 13, 13, 12], "rotation": 270, "texture": "#1"},
				"down": {"uv": [15, 12, 14, 13], "rotation": 90, "texture": "#1"}
			}
		},
		{
			"name": "left_arm",
			"from": [8.2961, 1.95672, 17],
			"to": [12.2961, 13.95672, 21],
			"rotation": {"angle": 0, "axis": "x", "origin": [10.2961, 10.95672, 17]},
			"faces": {
				"north": {"uv": [8, 13, 9, 16], "texture": "#1"},
				"east": {"uv": [11, 13, 12, 16], "texture": "#1"},
				"south": {"uv": [10, 13, 11, 16], "texture": "#1"},
				"west": {"uv": [9, 13, 10, 16], "texture": "#1"},
				"up": {"uv": [10, 13, 9, 12], "rotation": 270, "texture": "#1"},
				"down": {"uv": [11, 12, 10, 13], "rotation": 90, "texture": "#1"}
			}
		},
		{
			"name": "right_leg_2nd_layer",
			"from": [9.73463, 16.09776, -4.375],
			"to": [14.73463, 21.09776, 8.625],
			"rotation": {"angle": -22.5, "axis": "y", "origin": [7.23463, 18.34776, 5]},
			"faces": {
				"north": {"uv": [3, 8, 2, 9], "rotation": 270, "texture": "#1"},
				"east": {"uv": [3, 9, 4, 12], "rotation": 270, "texture": "#1"},
				"south": {"uv": [2, 9, 1, 8], "rotation": 270, "texture": "#1"},
				"west": {"uv": [1, 9, 2, 12], "rotation": 90, "texture": "#1"},
				"up": {"uv": [0, 9, 1, 12], "rotation": 180, "texture": "#1"},
				"down": {"uv": [2, 9, 3, 12], "texture": "#1"}
			}
		},
		{
			"name": "right_leg",
			"from": [10.23463, 16.59776, -3.875],
			"to": [14.23463, 20.59776, 8.125],
			"rotation": {"angle": -22.5, "axis": "y", "origin": [7.23463, 18.34776, 5]},
			"faces": {
				"north": {"uv": [3, 4, 2, 5], "rotation": 270, "texture": "#1"},
				"east": {"uv": [3, 5, 4, 8], "rotation": 270, "texture": "#1"},
				"south": {"uv": [2, 5, 1, 4], "rotation": 270, "texture": "#1"},
				"west": {"uv": [1, 5, 2, 8], "rotation": 90, "texture": "#1"},
				"up": {"uv": [0, 5, 1, 8], "rotation": 180, "texture": "#1"},
				"down": {"uv": [2, 5, 3, 8], "texture": "#1"}
			}
		},
		{
			"name": "right_leg_2nd_layer",
			"from": [-1.26537, 11.88923, -15.98771],
			"to": [3.73463, 16.88923, -2.98771],
			"rotation": {"angle": 22.5, "axis": "y", "origin": [7.23463, 11.38923, -5.23771]},
			"faces": {
				"north": {"uv": [3, 8, 2, 9], "rotation": 270, "texture": "#1"},
				"east": {"uv": [3, 9, 4, 12], "rotation": 270, "texture": "#1"},
				"south": {"uv": [2, 9, 1, 8], "rotation": 270, "texture": "#1"},
				"west": {"uv": [1, 9, 2, 12], "rotation": 90, "texture": "#1"},
				"up": {"uv": [0, 9, 1, 12], "rotation": 180, "texture": "#1"},
				"down": {"uv": [2, 9, 3, 12], "texture": "#1"}
			}
		},
		{
			"name": "right_leg",
			"from": [-0.76537, 12.38923, -15.48771],
			"to": [3.23463, 16.38923, -3.48771],
			"rotation": {"angle": 22.5, "axis": "y", "origin": [7.23463, 11.38923, -5.23771]},
			"faces": {
				"north": {"uv": [3, 4, 2, 5], "rotation": 270, "texture": "#1"},
				"east": {"uv": [3, 5, 4, 8], "rotation": 270, "texture": "#1"},
				"south": {"uv": [2, 5, 1, 4], "rotation": 270, "texture": "#1"},
				"west": {"uv": [1, 5, 2, 8], "rotation": 90, "texture": "#1"},
				"up": {"uv": [0, 5, 1, 8], "rotation": 180, "texture": "#1"},
				"down": {"uv": [2, 5, 3, 8], "texture": "#1"}
			}
		},
		{
			"name": "right_leg_2nd_layer",
			"from": [5.73463, 21.9155, -12.89523],
			"to": [10.73463, 26.9155, 0.10477],
			"rotation": {"angle": 22.5, "axis": "x", "origin": [8.23463, 16.4155, -4.39523]},
			"faces": {
				"north": {"uv": [3, 8, 2, 9], "rotation": 270, "texture": "#1"},
				"east": {"uv": [3, 9, 4, 12], "rotation": 270, "texture": "#1"},
				"south": {"uv": [2, 9, 1, 8], "rotation": 270, "texture": "#1"},
				"west": {"uv": [1, 9, 2, 12], "rotation": 90, "texture": "#1"},
				"up": {"uv": [0, 9, 1, 12], "rotation": 180, "texture": "#1"},
				"down": {"uv": [2, 9, 3, 12], "texture": "#1"}
			}
		},
		{
			"name": "right_leg",
			"from": [6.23463, 22.4155, -12.39523],
			"to": [10.23463, 26.4155, -0.39523],
			"rotation": {"angle": 22.5, "axis": "x", "origin": [8.23463, 16.4155, -4.39523]},
			"faces": {
				"north": {"uv": [3, 4, 2, 5], "rotation": 270, "texture": "#1"},
				"east": {"uv": [3, 5, 4, 8], "rotation": 270, "texture": "#1"},
				"south": {"uv": [2, 5, 1, 4], "rotation": 270, "texture": "#1"},
				"west": {"uv": [1, 5, 2, 8], "rotation": 90, "texture": "#1"},
				"up": {"uv": [0, 5, 1, 8], "rotation": 180, "texture": "#1"},
				"down": {"uv": [2, 5, 3, 8], "texture": "#1"}
			}
		},
		{
			"name": "body",
			"from": [6, 12.5, 11],
			"to": [10, 20.5, 23],
			"rotation": {"angle": 45, "axis": "z", "origin": [8, 16.5, 17.0125]},
			"faces": {
				"north": {"uv": [9, 4, 7, 5], "rotation": 270, "texture": "#1"},
				"east": {"uv": [8, 5, 10, 8], "rotation": 270, "texture": "#1"},
				"south": {"uv": [7, 5, 5, 4], "rotation": 270, "texture": "#1"},
				"west": {"uv": [5, 5, 7, 7.98], "rotation": 90, "texture": "#1"},
				"up": {"uv": [4, 5, 5, 8], "rotation": 180, "texture": "#1"},
				"down": {"uv": [7, 5, 8, 7.98], "texture": "#1"}
			}
		},
		{
			"name": "body_2nd_layer",
			"from": [5.5, 12.5, 10.52],
			"to": [10.5, 20.5, 23.53],
			"rotation": {"angle": 45, "axis": "z", "origin": [8, 16.5, 17.0125]},
			"faces": {
				"north": {"uv": [9, 8, 7, 9], "rotation": 270, "texture": "#1"},
				"east": {"uv": [8, 9, 10, 12], "rotation": 270, "texture": "#1"},
				"south": {"uv": [7, 9, 5, 8], "rotation": 270, "texture": "#1"},
				"west": {"uv": [5, 9, 7, 12], "rotation": 90, "texture": "#1"},
				"up": {"uv": [4, 9, 5, 12], "rotation": 180, "texture": "#1"},
				"down": {"uv": [7, 9, 8, 12], "texture": "#1"}
			}
		},
		{
			"name": "left_leg",
			"from": [6.76537, 4.65224, 11],
			"to": [10.76537, 16.65224, 15],
			"rotation": {"angle": 22.5, "axis": "x", "origin": [8.76537, 14.65224, 5]},
			"faces": {
				"north": {"uv": [4, 13, 5, 16], "texture": "#1"},
				"east": {"uv": [7, 13, 8, 16], "texture": "#1"},
				"south": {"uv": [6, 13, 7, 16], "texture": "#1"},
				"west": {"uv": [5, 13, 6, 16], "texture": "#1"},
				"up": {"uv": [6, 13, 5, 12], "rotation": 270, "texture": "#1"},
				"down": {"uv": [7, 12, 6, 13], "rotation": 90, "texture": "#1"}
			}
		},
		{
			"name": "left_leg_2nd_layer",
			"from": [6.26537, 4.15224, 10.5],
			"to": [11.26537, 17.15224, 15.5],
			"rotation": {"angle": 22.5, "axis": "x", "origin": [8.76537, 14.65224, 5]},
			"faces": {
				"north": {"uv": [0, 13, 1, 16], "texture": "#1"},
				"east": {"uv": [3, 13, 4, 16], "texture": "#1"},
				"south": {"uv": [2, 13, 3, 16], "texture": "#1"},
				"west": {"uv": [1, 13, 2, 16], "texture": "#1"},
				"up": {"uv": [2, 12, 1, 11], "rotation": 270, "texture": "#1"},
				"down": {"uv": [3, 12, 2, 13], "rotation": 90, "texture": "#1"}
			}
		},
		{
			"from": [12.68402, 30.85533, -3.54424],
			"to": [12.68402, 31.43736, 0.70576],
			"rotation": {"angle": 22.5, "axis": "x", "origin": [14.07093, 29.2175, -9.876]},
			"faces": {
				"north": {"uv": [8.5, 5.5, 8.75, 5.83203], "texture": "#1"},
				"east": {"uv": [8.5, 5.5, 8.75, 5.83203], "texture": "#1"},
				"south": {"uv": [8.5, 5.5, 8.75, 5.83203], "texture": "#1"},
				"west": {"uv": [8.5, 5.5, 8.75, 5.83203], "texture": "#1"},
				"up": {"uv": [8.5, 5.5, 8.75, 5.83203], "texture": "#1"},
				"down": {"uv": [8.5, 5.5, 8.75, 5.83203], "texture": "#1"}
			}
		},
		{
			"from": [17.27172, 17.75, 4.01995],
			"to": [17.27172, 18.58203, 9.89495],
			"rotation": {"angle": -22.5, "axis": "y", "origin": [16.95979, 18.16602, 8.5789]},
			"faces": {
				"north": {"uv": [8.5, 5.5, 8.75, 5.83203], "texture": "#1"},
				"east": {"uv": [8.5, 5.5, 8.75, 5.83203], "texture": "#1"},
				"south": {"uv": [8.5, 5.5, 8.75, 5.83203], "texture": "#1"},
				"west": {"uv": [8.5, 5.5, 8.75, 5.83203], "texture": "#1"},
				"up": {"uv": [8.5, 5.5, 8.75, 5.83203], "texture": "#1"},
				"down": {"uv": [8.5, 5.5, 8.75, 5.83203], "texture": "#1"}
			}
		},
		{
			"name": "right_leg",
			"from": [6.43857, 14.7905, -6.67317],
			"to": [9.68857, 18.0405, 5.32683],
			"rotation": {"angle": 0, "axis": "y", "origin": [4.06357, 16.4155, 3.82683]},
			"faces": {
				"north": {"uv": [3, 4, 2, 5], "rotation": 270, "texture": "#1"},
				"east": {"uv": [3, 5, 4, 8], "rotation": 270, "texture": "#1"},
				"south": {"uv": [2, 5, 1, 4], "rotation": 270, "texture": "#1"},
				"west": {"uv": [1, 5, 2, 8], "rotation": 90, "texture": "#1"},
				"up": {"uv": [0, 5, 1, 8], "rotation": 180, "texture": "#1"},
				"down": {"uv": [2, 5, 3, 8], "texture": "#1"}
			}
		},
		{
			"name": "right_leg_2nd_layer",
			"from": [5.93857, 14.2905, -7.17317],
			"to": [10.18857, 18.5405, 5.82683],
			"rotation": {"angle": 0, "axis": "y", "origin": [4.06357, 16.4155, 3.82683]},
			"faces": {
				"north": {"uv": [3, 8, 2, 9], "rotation": 270, "texture": "#1"},
				"east": {"uv": [3, 9, 4, 12], "rotation": 270, "texture": "#1"},
				"south": {"uv": [2, 9, 1, 8], "rotation": 270, "texture": "#1"},
				"west": {"uv": [1, 9, 2, 12], "rotation": 90, "texture": "#1"},
				"up": {"uv": [0, 9, 1, 12], "rotation": 180, "texture": "#1"},
				"down": {"uv": [2, 9, 3, 12], "texture": "#1"}
			}
		},
		{
			"from": [17.74655, 17.75, 9.6684],
			"to": [17.74655, 18.58203, 12.9184],
			"rotation": {"angle": -45, "axis": "y", "origin": [16.95979, 18.16602, 8.5789]},
			"faces": {
				"north": {"uv": [8.5, 5.5, 8.75, 5.83203], "texture": "#1"},
				"east": {"uv": [8.5, 5.5, 8.75, 5.83203], "texture": "#1"},
				"south": {"uv": [8.5, 5.5, 8.75, 5.83203], "texture": "#1"},
				"west": {"uv": [8.5, 5.5, 8.75, 5.83203], "texture": "#1"},
				"up": {"uv": [8.5, 5.5, 8.75, 5.83203], "texture": "#1"},
				"down": {"uv": [8.5, 5.5, 8.75, 5.83203], "texture": "#1"}
			}
		},
		{
			"from": [12.70783, 30.74764, -0.39526],
			"to": [12.70783, 31.20467, 3.97974],
			"rotation": {"angle": 22.5, "axis": "x", "origin": [14.07093, 29.2175, -9.876]},
			"faces": {
				"north": {"uv": [8.5, 5.5, 8.75, 5.83203], "texture": "#1"},
				"east": {"uv": [8.5, 5.5, 8.75, 5.83203], "texture": "#1"},
				"south": {"uv": [8.5, 5.5, 8.75, 5.83203], "texture": "#1"},
				"west": {"uv": [8.5, 5.5, 8.75, 5.83203], "texture": "#1"},
				"up": {"uv": [8.5, 5.5, 8.75, 5.83203], "texture": "#1"},
				"down": {"uv": [8.5, 5.5, 8.75, 5.83203], "texture": "#1"}
			}
		},
		{
			"from": [5.70783, 24.62264, 1.10474],
			"to": [5.70783, 25.45467, 6.97974],
			"rotation": {"angle": 22.5, "axis": "x", "origin": [14.07093, 29.2175, -9.876]},
			"faces": {
				"north": {"uv": [8.5, 5.5, 8.75, 5.83203], "texture": "#1"},
				"east": {"uv": [8.5, 5.5, 8.75, 5.83203], "texture": "#1"},
				"south": {"uv": [8.5, 5.5, 8.75, 5.83203], "texture": "#1"},
				"west": {"uv": [8.5, 5.5, 8.75, 5.83203], "texture": "#1"},
				"up": {"uv": [8.5, 5.5, 8.75, 5.83203], "texture": "#1"},
				"down": {"uv": [8.5, 5.5, 8.75, 5.83203], "texture": "#1"}
			}
		},
		{
			"from": [5.68402, 24.73033, -2.04424],
			"to": [5.68402, 25.56236, 2.20576],
			"rotation": {"angle": 22.5, "axis": "x", "origin": [14.07093, 29.2175, -9.876]},
			"faces": {
				"north": {"uv": [8.5, 5.5, 8.75, 5.83203], "texture": "#1"},
				"east": {"uv": [8.5, 5.5, 8.75, 5.83203], "texture": "#1"},
				"south": {"uv": [8.5, 5.5, 8.75, 5.83203], "texture": "#1"},
				"west": {"uv": [8.5, 5.5, 8.75, 5.83203], "texture": "#1"},
				"up": {"uv": [8.5, 5.5, 8.75, 5.83203], "texture": "#1"},
				"down": {"uv": [8.5, 5.5, 8.75, 5.83203], "texture": "#1"}
			}
		}
	],
	"display": {
		"head": {
			"translation": [0, -29.5, 0],
			"scale": [1.6, 1.6, 1.6]
		}
	},
	"groups": [
		{
			"name": "group",
			"origin": [1, 13.5, -1],
			"color": 0,
			"children": [0, 1, 2]
		},
		{
			"name": "steve",
			"origin": [8, 8, 8],
			"color": 0,
			"children": [
				{
					"name": "group",
					"origin": [8, 16.5, 8],
					"color": 0,
					"children": [3, 4]
				},
				{
					"name": "group",
					"origin": [8, 16.5, 8],
					"color": 0,
					"children": [5, 6]
				},
				{
					"name": "group",
					"origin": [8, 16.5, 8],
					"color": 0,
					"children": [7, 8]
				},
				{
					"name": "group",
					"origin": [8, 16.5, 8],
					"color": 0,
					"children": [9, 10]
				},
				{
					"name": "group",
					"origin": [8, 16.5, 8],
					"color": 0,
					"children": [11, 12]
				},
				{
					"name": "group",
					"origin": [8, 16.5, 8],
					"color": 0,
					"children": [13, 14]
				},
				{
					"name": "group",
					"origin": [8, 16.5, 8],
					"color": 0,
					"children": [15, 16]
				},
				{
					"name": "group",
					"origin": [8, 16.5, 8],
					"color": 0,
					"children": [17, 18]
				}
			]
		},
		{
			"name": "group",
			"origin": [1, 13.5, -1],
			"color": 0,
			"children": [19, 20, 21, 22, 23, 24, 25, 26]
		}
	]
}