{
	"credit": "Made with Blockbench",
	"textures": {
		"0": "stand/wonder_of_u/texture",
		"particle": "stand/wonder_of_u/texture"
	},
	"elements": [
		{
			"from": [5.7, 12.65, 4.55],
			"to": [10.3, 17.25, 18.35],
			"rotation": {"angle": 0, "axis": "y", "origin": [9.15, 14.99025, 10.68525]},
			"faces": {
				"north": {"uv": [2.51758, 4.17008, 4.46582, 5.97824], "texture": "#0"},
				"east": {"uv": [2.51758, 4.17008, 4.46582, 5.97824], "texture": "#0"},
				"south": {"uv": [2.51758, 4.17008, 4.46582, 5.97824], "texture": "#0"},
				"west": {"uv": [2.51758, 4.17008, 4.46582, 5.97824], "texture": "#0"},
				"up": {"uv": [2.51758, 4.17008, 4.46582, 5.97824], "texture": "#0"},
				"down": {"uv": [2.51758, 4.17008, 4.46582, 5.97824], "texture": "#0"}
			}
		},
		{
			"from": [6.459, 12.65, 2.25],
			"to": [10.3, 17.25, 4.55],
			"rotation": {"angle": 0, "axis": "y", "origin": [9.15, 14.99025, 10.68525]},
			"faces": {
				"north": {"uv": [11.0125, 9.5325, 11.9475, 10.4575], "texture": "#0"},
				"east": {"uv": [11.0125, 9.5325, 11.9475, 10.4575], "texture": "#0"},
				"south": {"uv": [11.0125, 9.5325, 11.9475, 10.4575], "texture": "#0"},
				"west": {"uv": [11.0125, 9.5325, 11.9475, 10.4575], "texture": "#0"},
				"up": {"uv": [11.0125, 9.5325, 11.9475, 10.4575], "texture": "#0"},
				"down": {"uv": [11.0125, 9.5325, 11.9475, 10.4575], "texture": "#0"}
			}
		},
		{
			"from": [10.25525, 19.76436, 5.17442],
			"to": [10.33575, 20.51905, 5.89317],
			"rotation": {"angle": -45, "axis": "x", "origin": [9.15, 14.99025, 10.68525]},
			"faces": {
				"north": {"uv": [12.2, 14.1975, 12.5525, 14.565], "texture": "#0"},
				"east": {"uv": [12.2, 14.1975, 12.5525, 14.565], "texture": "#0"},
				"south": {"uv": [12.2, 14.1975, 12.5525, 14.565], "texture": "#0"},
				"west": {"uv": [12.2, 14.1975, 12.5525, 14.565], "texture": "#0"},
				"up": {"uv": [12.2, 14.1975, 12.5525, 14.565], "texture": "#0"},
				"down": {"uv": [12.2, 14.1975, 12.5525, 14.565], "texture": "#0"}
			}
		},
		{
			"from": [10.25975, 14.61291, 3.04063],
			"to": [10.34025, 15.3676, 3.75938],
			"rotation": {"angle": 0, "axis": "z", "origin": [9.15, 14.99025, 10.68525]},
			"faces": {
				"north": {"uv": [12.2, 14.1975, 12.5525, 14.565], "texture": "#0"},
				"east": {"uv": [12.2, 14.1975, 12.5525, 14.565], "texture": "#0"},
				"south": {"uv": [12.2, 14.1975, 12.5525, 14.565], "texture": "#0"},
				"west": {"uv": [12.2, 14.1975, 12.5525, 14.565], "texture": "#0"},
				"up": {"uv": [12.2, 14.1975, 12.5525, 14.565], "texture": "#0"},
				"down": {"uv": [12.2, 14.1975, 12.5525, 14.565], "texture": "#0"}
			}
		},
		{
			"from": [10.25975, 16.05041, 3.04063],
			"to": [10.34025, 16.8051, 3.75938],
			"rotation": {"angle": 0, "axis": "z", "origin": [9.15, 14.99025, 10.68525]},
			"faces": {
				"north": {"uv": [12.2, 14.1975, 12.5525, 14.565], "texture": "#0"},
				"east": {"uv": [12.2, 14.1975, 12.5525, 14.565], "texture": "#0"},
				"south": {"uv": [12.2, 14.1975, 12.5525, 14.565], "texture": "#0"},
				"west": {"uv": [12.2, 14.1975, 12.5525, 14.565], "texture": "#0"},
				"up": {"uv": [12.2, 14.1975, 12.5525, 14.565], "texture": "#0"},
				"down": {"uv": [12.2, 14.1975, 12.5525, 14.565], "texture": "#0"}
			}
		},
		{
			"from": [10.25525, 20.78083, 6.19089],
			"to": [10.33575, 21.53552, 6.90964],
			"rotation": {"angle": -45, "axis": "x", "origin": [9.15, 14.99025, 10.68525]},
			"faces": {
				"north": {"uv": [12.2, 14.1975, 12.5525, 14.565], "texture": "#0"},
				"east": {"uv": [12.2, 14.1975, 12.5525, 14.565], "texture": "#0"},
				"south": {"uv": [12.2, 14.1975, 12.5525, 14.565], "texture": "#0"},
				"west": {"uv": [12.2, 14.1975, 12.5525, 14.565], "texture": "#0"},
				"up": {"uv": [12.2, 14.1975, 12.5525, 14.565], "texture": "#0"},
				"down": {"uv": [12.2, 14.1975, 12.5525, 14.565], "texture": "#0"}
			}
		},
		{
			"from": [10.25975, 13.17541, 3.04063],
			"to": [10.34025, 13.9301, 3.75938],
			"rotation": {"angle": 0, "axis": "z", "origin": [9.15, 14.99025, 10.68525]},
			"faces": {
				"north": {"uv": [12.2, 14.1975, 12.5525, 14.565], "texture": "#0"},
				"east": {"uv": [12.2, 14.1975, 12.5525, 14.565], "texture": "#0"},
				"south": {"uv": [12.2, 14.1975, 12.5525, 14.565], "texture": "#0"},
				"west": {"uv": [12.2, 14.1975, 12.5525, 14.565], "texture": "#0"},
				"up": {"uv": [12.2, 14.1975, 12.5525, 14.565], "texture": "#0"},
				"down": {"uv": [12.2, 14.1975, 12.5525, 14.565], "texture": "#0"}
			}
		},
		{
			"from": [10.25525, 18.7479, 4.15796],
			"to": [10.33575, 19.50258, 4.87671],
			"rotation": {"angle": -45, "axis": "x", "origin": [9.15, 14.99025, 10.68525]},
			"faces": {
				"north": {"uv": [12.2, 14.1975, 12.5525, 14.565], "texture": "#0"},
				"east": {"uv": [12.2, 14.1975, 12.5525, 14.565], "texture": "#0"},
				"south": {"uv": [12.2, 14.1975, 12.5525, 14.565], "texture": "#0"},
				"west": {"uv": [12.2, 14.1975, 12.5525, 14.565], "texture": "#0"},
				"up": {"uv": [12.2, 14.1975, 12.5525, 14.565], "texture": "#0"},
				"down": {"uv": [12.2, 14.1975, 12.5525, 14.565], "texture": "#0"}
			}
		},
		{
			"from": [5.4125, 12.3625, 8],
			"to": [10.5875, 17.5375, 9.15],
			"rotation": {"angle": 0, "axis": "y", "origin": [9.15, 14.99025, 10.68525]},
			"faces": {
				"north": {"uv": [12.015, 14.205, 12.725, 14.54], "texture": "#0"},
				"east": {"uv": [12.015, 14.205, 12.725, 14.54], "texture": "#0"},
				"south": {"uv": [12.015, 14.205, 12.725, 14.54], "texture": "#0"},
				"west": {"uv": [12.015, 14.205, 12.725, 14.54], "texture": "#0"},
				"up": {"uv": [12.22, 14.035, 12.5325, 14.7375], "texture": "#0"},
				"down": {"uv": [12.22, 14.035, 12.5325, 14.7375], "texture": "#0"}
			}
		},
		{
			"from": [5.4125, 12.3625, 5.7],
			"to": [10.5875, 17.5375, 6.85],
			"rotation": {"angle": 0, "axis": "y", "origin": [9.15, 14.99025, 10.68525]},
			"faces": {
				"north": {"uv": [12.015, 14.205, 12.725, 14.54], "texture": "#0"},
				"east": {"uv": [12.015, 14.205, 12.725, 14.54], "texture": "#0"},
				"south": {"uv": [12.015, 14.205, 12.725, 14.54], "texture": "#0"},
				"west": {"uv": [12.015, 14.205, 12.725, 14.54], "texture": "#0"},
				"up": {"uv": [12.22, 14.035, 12.5325, 14.7375], "texture": "#0"},
				"down": {"uv": [12.22, 14.035, 12.5325, 14.7375], "texture": "#0"}
			}
		},
		{
			"from": [5.4125, 12.3625, 17.3955],
			"to": [10.5875, 17.5375, 18.5455],
			"rotation": {"angle": 0, "axis": "y", "origin": [9.15, 14.99025, 10.68525]},
			"faces": {
				"north": {"uv": [2.51758, 4.06258, 4.46582, 5.97824], "texture": "#0"},
				"east": {"uv": [2.51758, 4.06258, 4.46582, 5.97824], "texture": "#0"},
				"south": {"uv": [2.51758, 4.06258, 4.46582, 5.97824], "texture": "#0"},
				"west": {"uv": [2.51758, 4.06258, 4.46582, 5.97824], "texture": "#0"},
				"up": {"uv": [2.51758, 4.06258, 4.46582, 5.97824], "texture": "#0"},
				"down": {"uv": [2.51758, 4.06258, 4.46582, 5.97824], "texture": "#0"}
			}
		}
	],
	"display": {
		"thirdperson_righthand": {
			"translation": [0.75, -8.75, 2.5]
		},
		"thirdperson_lefthand": {
			"rotation": [0, 0, -180],
			"translation": [1, 5, 2.25]
		}
	}
}